treewidth,bias_endo_treewidth,method,ace_l,pns_u,endo_treewidth,bias_treewidth,selector,ace_u,pns_l,model_path,ps1,trajectory_size_49,trajectory_size_48,trajectory_size_47,trajectory_size_46,trajectory_size_45,pns_11,trajectory_size_44,pns_12,trajectory_size_43,trajectory_size_42,pns_10,trajectory_size_41,pns_15,trajectory_size_40,pns_16,pns_13,pns_14,pns_19,pns_17,pns_18,time_learn,time_ace,trajectory_size_29,trajectory_size_28,trajectory_size_27,trajectory_size_26,trajectory_size_25,trajectory_size_24,trajectory_size_23,trajectory_size_22,trajectory_size_21,trajectory_size_20,trajectory_size_39,trajectory_size_38,trajectory_size_37,trajectory_size_36,trajectory_size_35,trajectory_size_7,trajectory_size_34,trajectory_size_6,trajectory_size_33,trajectory_size_9,trajectory_size_32,trajectory_size_8,trajectory_size_31,trajectory_size_30,trajectory_size_1,trajectory_size_0,trajectory_size_3,trajectory_size_2,trajectory_size_5,trajectory_size_4,trajectory_size_19,trajectory_size_18,trajectory_size_17,trajectory_size_16,pns_40,trajectory_size_15,pns_41,trajectory_size_14,trajectory_size_13,trajectory_size_12,pns_44,trajectory_size_11,pns_45,trajectory_size_10,pns_42,pns_43,pns_48,pns_49,pns_46,pns_47,pns_30,pns_33,pns_34,pns_31,pns_32,pns_37,pns_38,pns_35,pns_36,pns_39,pns_22,pns_23,pns_20,pns_21,pns_26,pns_27,pns_24,pns_25,time_pns,pns_8,pns_9,pns_6,pns_28,pns_7,pns_29,pns_4,pns_5,pns_2,pns_3,pns_0,pns_1,sparents
4,,exact_data_based,-0.10331076780000015,0.17765722290000002,4,,false,-0.10331076780000015,0.17765722290000002,/root/dev/credici/papers/pgm22/models/synthetic/1000/set4/rand13_mk0_nEndo5_k05_4.uai,1.0,,,,,,,,,,,,,,,,,,,,,,,,,,,,,,,,,,,,,,,,,,,,,,,,,,,,,,,,,,,,,,,,,,,,,,,,,,,,,,,,,,,,,,,,,,,,,,,,,,,,,,,,
4,,EMCC,-0.10331267970458319,0.17765540207787225,4,,false,-0.10331267476354933,0.17765539215285464,/root/dev/credici/papers/pgm22/models/synthetic/1000/set4/rand13_mk0_nEndo5_k05_4.uai,1.0,300,300,300,300,300,0.1776553922033544,300,0.17765539215285464,300,300,0.17765539240091158,300,0.17765539234911873,300,0.17765539263212238,0.17765540007919906,0.17765539235415795,0.17765539222155952,0.1776553921625234,0.17765539235017105,218041.0,23.0,300,300,300,300,300,300,300,300,300,300,300,300,300,300,300,300,300,300,300,300,300,300,300,300,300,300,300,300,300,300,300,300,300,300,0.17765539481719606,300,0.17765539223563062,300,300,300,0.1776553924536267,300,0.17765539233504285,300,0.1776553923916275,0.17765539239744005,0.1776553922526231,0.1776553922307475,0.17765539329717114,0.17765539236821176,0.1776553936028737,0.17765539270662234,0.17765539237109879,0.17765539216779772,0.17765539239816724,0.17765539230137553,0.17765539231056035,0.17765540207787225,0.1776553921984229,0.17765539283052534,0.17765539243185363,0.1776553921639627,0.1776553926284192,0.17765539232979768,0.17765539435073605,0.17765539219136595,0.17765539238179737,0.17765539269179156,45.0,0.1776553924296228,0.17765539556095186,0.17765539221905952,0.17765539229395605,0.17765539222794693,0.1776553921728706,0.17765539252921145,0.17765539230413982,0.1776553923067665,0.17765539219056398,0.17765539231994043,0.1776553926548674,
4,5,EMCC,-0.5282087540306979,0.6484216029018214,4,5,true,0.6121248237793528,6.663110306007548E-5,/root/dev/credici/papers/pgm22/models/synthetic/1000/set4/rand13_mk0_nEndo5_k05_4.uai,0.0,5,9,4,300,3,0.6484216029018214,11,0.6294474391508891,15,5,6.663110306007548E-5,7,0.09248342714423197,3,1.6481084547738804E-4,0.20619254824876015,0.12142309297228715,0.05391103806270114,0.05060484991438113,0.06803319865428285,514.0,8.0,1,3,1,7,7,4,9,7,4,5,7,5,5,4,2,8,7,12,6,5,12,2,5,3,3,7,3,3,9,4,10,10,4,2,0.10000267923308766,12,0.07677530667486913,2,10,3,0.2559410532249254,13,0.2485661411346708,18,0.1119212562459105,0.5605454991692531,0.004614347096293319,0.01777705652994714,0.015338825715530949,0.004460231770243548,0.0608235285610005,0.0018347282241461989,0.23688343990897126,0.21714872005747607,0.23376426758453753,0.10506260917887367,0.03482802249770056,0.00411770061257981,0.1162809552864345,0.00456456432705196,0.3212933402051896,0.15895583024476698,0.08743701786197479,0.043350420599598025,0.023821914564298594,0.015792616201207206,0.015210455159185047,0.08127493922876207,20.0,0.019557621316088524,0.006669565428436449,0.1675604044696968,0.003998352517851455,0.20454226661120906,0.4671646220771993,0.11889770052074135,0.03451388897061917,0.008911418071830128,0.05429618863734646,0.15132087057117333,0.22170794851419398,[0|3|4]
4,5,EMCC,-0.2991385223399472,0.5254919644372814,4,5,true,0.47088804817142754,9.344518021384928E-5,/root/dev/credici/papers/pgm22/models/synthetic/1000/set4/rand13_mk0_nEndo5_k05_4.uai,0.084,300,300,300,300,300,0.5254919644372814,300,0.3878267745222372,300,300,9.344518021384928E-5,300,0.10645569316246156,300,1.6739936059091763E-4,0.1671365629890018,0.07696621842236079,0.03964311414136201,0.04662367022290741,0.06228128223762113,53310.0,6.0,300,300,300,300,300,300,300,300,300,300,300,300,300,300,300,300,300,300,300,300,300,300,300,300,300,300,300,300,300,300,300,300,300,300,0.08537859823929826,300,0.05517062356600036,300,300,300,0.25707202363044845,300,0.3911602543938158,300,0.09461451841639017,0.38720669074578523,0.01222555767340645,0.021064972929627813,0.03919301110227466,0.0035683355383681514,0.05993870684214158,0.001821018782909936,0.2381378447979929,0.14458540809054252,0.23744692056604028,0.11936765604017455,0.03276201858740605,0.006791837644713034,0.14421384302731238,0.0050359992661786574,0.30609027748159445,0.18705181714353028,0.08569601912132546,0.03882149015036819,0.03056697594710696,0.10422871060122615,0.012158035288110092,0.10600143553194688,17.0,0.014800298020647848,0.005807708141491544,0.1530745846964723,0.03809862627733916,0.22086791931698585,0.36506327849184683,0.11792466015544535,0.04731055017718081,0.006250921549391998,0.06212068015614597,0.1403996022855438,0.1856359887472386,[0|3|4]
4,5,EMCC,-0.35484264961054457,0.4537919681482545,4,5,true,0.3824729363216558,0.0747590402359895,/root/dev/credici/papers/pgm22/models/synthetic/1000/set4/rand13_mk0_nEndo5_k05_4.uai,0.178,300,300,300,300,300,0.3494856508368042,300,0.2424272100770126,300,300,0.15784985688570471,300,0.28212228073244217,300,0.2560831123712906,0.16061502431383112,0.16580448435259698,0.2169425128037271,0.20733730554556176,0.24677978206534198,109871.0,7.0,300,300,300,300,300,300,300,300,300,300,300,300,300,300,300,300,300,300,300,300,300,300,300,300,300,300,300,300,300,300,300,300,300,300,0.20634263928917518,300,0.26689978446677276,300,300,300,0.2438967104457821,300,0.16399959094291816,300,0.26155002484568696,0.18995993019389498,0.1797714476650082,0.0913301086596813,0.14764122416347372,0.0932644906429484,0.2368552627930666,0.19569829440557782,0.09847881796744082,0.23377390102796386,0.3030245211666239,0.14324694342106792,0.16610502541280872,0.20360957619170536,0.18804103825884555,0.1492149979515202,0.4537919681482545,0.21873729373594392,0.13920570667198065,0.16028711737137746,0.18675742047461055,0.22174104932465688,0.11259487640688413,0.3072309067044762,18.0,0.18882388680148388,0.13175614001436922,0.16261939341487225,0.16109633910904567,0.2627854011287399,0.2587097528448035,0.23442594559289803,0.15943265674654872,0.0747590402359895,0.2007115740369576,0.1597021358014376,0.2847165302654653,[0|3|4]
4,5,EMCC,-0.21064536350028085,0.3432591182364346,4,5,true,0.2505671767601331,0.11372337416347675,/root/dev/credici/papers/pgm22/models/synthetic/1000/set4/rand13_mk0_nEndo5_k05_4.uai,0.3,300,300,300,300,300,0.33796538486218153,300,0.24040831947438604,300,300,0.1248242559454095,300,0.3260897020899427,300,0.23985521926215608,0.24297280915407038,0.12209986561428607,0.24168436046157882,0.3127598146974717,0.33410372278706535,165604.0,7.0,300,300,300,300,300,300,300,300,300,300,300,300,300,300,300,300,300,300,300,300,300,300,300,300,300,300,300,300,300,300,300,300,300,300,0.27808214246168794,300,0.24323883767420262,300,300,300,0.3026765373893062,300,0.11568802928927334,300,0.2343668185646792,0.32521539359071094,0.1978950227715849,0.11676893618290593,0.1581381030049234,0.11432573456695416,0.2022854023827811,0.22257130544901518,0.11644195630204088,0.23780874008328867,0.2550891823335656,0.12797112316628628,0.17243847087216307,0.2375909190943124,0.30115809512115427,0.1481605580195981,0.33233409376651707,0.2566693198328419,0.12886428232713337,0.1200280188950807,0.33988728747069524,0.18036270574120958,0.3432591182364346,0.23543407764410704,17.0,0.11436587419138977,0.1140994682343709,0.3116672196232979,0.2064375012920465,0.33408769788245957,0.20183710570803717,0.227307181795006,0.14775515382631996,0.11372337416347675,0.30545480925489565,0.13693291115447143,0.23386403670124925,[0|3|4]
4,5,EMCC,-0.1284136321479845,0.1750138176003386,4,5,true,-0.1280181454713647,0.17492714496503378,/root/dev/credici/papers/pgm22/models/synthetic/1000/set4/rand13_mk0_nEndo5_k05_4.uai,0.575,300,300,300,300,300,0.1750138176003386,300,0.17492851251025365,300,300,0.1749281933943683,300,0.17492918749568276,300,0.17493109876239543,0.17498883699226894,0.1749272748854091,0.17492714496503378,0.17494508733321665,0.1749282495698051,221234.0,7.0,300,300,300,300,300,300,300,300,300,300,300,300,300,300,300,300,300,300,300,300,300,300,300,300,300,300,300,300,300,300,300,300,300,300,0.17494566464654782,300,0.1749276951117719,300,300,300,0.17493898608200556,300,0.1749326920117731,300,0.17493056692773218,0.174939313812482,0.1749453892754378,0.1749405068077859,0.17494438693640899,0.17493102266957739,0.17493114614519228,0.17494142125981232,0.1749321297318929,0.17493097871779642,0.1749291198878239,0.17493315109894259,0.17493839612254833,0.17494140311168246,0.17493723276360046,0.1749554160535992,0.17493070936825442,0.17493789203512378,0.17492876342965427,0.17492881305341054,0.17493483779563426,0.17496095536800096,0.17496245147975095,0.1749287984572647,17.0,0.17492805356861904,0.17493541320663752,0.17493780272665846,0.1749833502553047,0.17494097798337735,0.17494735466432795,0.17493967423627457,0.17492859349393938,0.1749340871270364,0.17495598958148895,0.17493804964386048,0.1749319344416006,[0|3|4]
4,5,EMCC,-0.10341620379931044,0.17849702319736255,4,5,true,-0.10341508379876974,0.17849590194150391,/root/dev/credici/papers/pgm22/models/synthetic/1000/set4/rand13_mk0_nEndo5_k05_4.uai,0.692,300,300,300,300,300,0.1784968953708961,300,0.17849611789148595,300,300,0.17849594999010696,300,0.17849598466471794,300,0.17849609387567775,0.1784967224722808,0.178495989772085,0.17849608340993245,0.17849617966850623,0.1784960234387084,280585.0,7.0,300,300,300,300,300,300,300,300,300,300,300,300,300,300,300,300,300,300,300,300,300,300,300,300,300,300,300,300,300,300,300,300,300,300,0.17849619982866358,300,0.1784960886949812,300,300,300,0.17849611220218942,300,0.1784959314571035,300,0.17849612945040155,0.17849607145649218,0.1784962321577701,0.17849603489959412,0.1784961694773343,0.17849596483491267,0.17849613548012927,0.17849615615446715,0.17849599815329917,0.17849613022936345,0.17849612881358695,0.17849605452454836,0.1784960937339433,0.17849616742723529,0.17849627375935959,0.17849616458793213,0.17849609321745127,0.17849614462866598,0.178496016117601,0.17849598599423128,0.17849590194150391,0.17849702319736255,0.1784960723161771,0.17849606834076992,17.0,0.1784959096935606,0.1784959525752297,0.17849600439218813,0.1784965083763117,0.17849607278864157,0.17849640360076102,0.17849629588097093,0.1784960413987771,0.17849597340880077,0.17849614700867417,0.17849612178454932,0.1784961657137686,[0|3|4]
4,5,EMCC,-0.10554947285029614,0.1754197344467484,4,5,true,-0.10554928865667634,0.17541958955351272,/root/dev/credici/papers/pgm22/models/synthetic/1000/set4/rand13_mk0_nEndo5_k05_4.uai,0.729,300,300,300,300,300,0.17541968214906487,300,0.17541959586230385,300,300,0.17541959150572403,300,0.17541959440360289,300,0.1754195996106907,0.17541968256151683,0.17541959110071895,0.17541959206915292,0.1754196176884546,0.17541959318827133,335160.0,6.0,300,300,300,300,300,300,300,300,300,300,300,300,300,300,300,300,300,300,300,300,300,300,300,300,300,300,300,300,300,300,300,300,300,300,0.1754196146478735,300,0.17541959291769083,300,300,300,0.17541960562495937,300,0.17541959628321946,300,0.17541959977060767,0.17541960161692238,0.17541962518350093,0.17541961579065654,0.1754196218319913,0.17541959451956235,0.1754196035900392,0.17541961706787107,0.17541960848200416,0.17541959898266396,0.1754195972631102,0.17541960489214967,0.17541961037017248,0.17541961526938632,0.1754196122797462,0.17541963474782177,0.17541959915289881,0.17541960958935848,0.17541959673596674,0.17541959321690836,0.17541959912128008,0.1754197344467484,0.17541962553503143,0.17541959578737343,16.0,0.17541958955351272,0.17541960126179756,0.1754196030276323,0.17541966140122597,0.17541961387188346,0.17541963288319687,0.17541961868793307,0.17541959746450098,0.17541959793794235,0.17541962493684252,0.17541961193527053,0.1754196030659677,[0|3|4]
4,5,EMCC,-0.11437026403341244,0.17317619063113865,4,5,true,-0.11437026389934929,0.17317619040307344,/root/dev/credici/papers/pgm22/models/synthetic/1000/set4/rand13_mk0_nEndo5_k05_4.uai,0.91,300,300,300,300,300,0.17317619063113865,300,0.17317619041092386,300,300,0.17317619040376625,300,0.17317619041029336,300,0.17317619040360585,0.173176190539476,0.17317619040333776,0.17317619040385882,0.17317619042576074,0.17317619040773116,390850.0,6.0,300,300,300,300,300,300,300,300,300,300,300,300,300,300,300,300,300,300,300,300,300,300,300,300,300,300,300,300,300,300,300,300,300,300,0.17317619042249377,300,0.17317619040307344,300,300,300,0.1731761904178603,300,0.173176190419552,300,0.1731761904111619,0.1731761904269624,0.17317619041596138,0.17317619042321186,0.17317619042913407,0.1731761904039935,0.1731761904149628,0.17317619040596205,0.173176190467681,0.1731761904091307,0.17317619041639276,0.17317619042248136,0.17317619041063667,0.1731761904108271,0.17317619045883875,0.17317619041315122,0.1731761904216583,0.17317619042200957,0.17317619041071786,0.17317619040329274,0.17317619040868482,0.17317619058809416,0.173176190424682,0.17317619040628565,17.0,0.17317619040396537,0.17317619040547266,0.1731761904211084,0.1731761904692498,0.17317619044295834,0.17317619048151786,0.17317619044800198,0.17317619040907598,0.17317619040681803,0.173176190426194,0.1731761904288149,0.1731761904186145,[0|3|4]
4,5,EMCC,-0.10331267969946789,0.1776553957932159,4,5,true,-0.10331267789227938,0.17765539216312998,/root/dev/credici/papers/pgm22/models/synthetic/1000/set4/rand13_mk0_nEndo5_k05_4.uai,1.0,300,300,300,300,300,0.17765539474544353,300,0.1776553923381931,300,300,0.1776553921687722,300,0.17765539225416768,300,0.17765539216365073,0.17765539407555853,0.17765539217591647,0.177655392183704,0.1776553923287093,0.1776553922107111,442317.0,6.0,300,300,300,300,300,300,300,300,300,300,300,300,300,300,300,300,300,300,300,300,300,300,300,300,300,300,300,300,300,300,300,300,300,300,0.17765539234441502,300,0.17765539216699422,300,300,300,0.17765539234905156,300,0.1776553924722028,300,0.1776553922984351,0.17765539257131352,0.17765539239189423,0.17765539250311005,0.1776553926306551,0.17765539217217366,0.17765539241134914,0.17765539218413687,0.17765539343388112,0.17765539226780236,0.1776553923520171,0.17765539252943652,0.17765539228200417,0.17765539218885468,0.1776553928212153,0.17765539228178745,0.17765539241231013,0.17765539247190065,0.17765539232872635,0.17765539216972476,0.17765539219483842,0.1776553957932159,0.17765539233142466,0.17765539223112944,18.0,0.17765539216463883,0.17765539216312998,0.17765539243698625,0.1776553931717689,0.17765539268447947,0.17765539364446015,0.17765539293838356,0.1776553922916371,0.1776553922177187,0.17765539240647438,0.17765539261208949,0.17765539245410894,[0|3|4]
