,24,23,22,21,20,19,18,17,16,15,14,13,12,11,10,9,8,7,6,5,4,3,2,1,0
0,1,0,1,0,1,1,0,1,0,1,0,1,1,1,0,1,0,0,1,1,1,1,0,1,0
1,0,1,1,0,1,1,0,1,0,0,1,1,0,1,0,1,0,0,0,1,1,0,1,0,0
2,1,1,1,0,1,1,0,1,1,0,1,1,1,1,0,1,0,0,0,1,1,1,0,1,0
3,0,1,1,0,1,1,0,1,1,0,1,1,0,0,0,1,0,0,0,1,1,1,0,1,0
4,1,1,1,0,1,1,0,1,1,0,1,1,0,1,0,0,1,1,0,1,1,0,0,1,0
5,1,0,0,0,1,1,1,0,0,0,1,0,0,0,0,1,1,1,1,0,1,0,1,0,0
6,1,1,1,1,1,1,0,1,1,0,0,1,0,1,0,0,1,1,1,1,1,1,0,1,0
7,0,1,1,0,1,0,1,0,0,1,0,1,1,1,0,1,1,1,0,0,1,1,1,1,0
8,1,0,0,1,1,0,1,0,0,1,0,1,0,1,0,0,1,1,0,1,1,1,0,1,0
9,1,0,1,0,1,1,0,1,1,0,1,1,0,1,0,0,1,0,0,1,1,0,0,1,0
10,0,1,1,0,1,1,0,1,0,1,0,1,1,1,0,0,1,0,0,1,1,1,0,1,0
11,0,1,1,0,1,0,0,1,0,1,1,1,0,1,0,0,1,0,0,1,1,0,1,1,0
12,1,1,1,0,1,1,0,1,1,1,0,1,0,1,0,1,1,1,1,1,1,0,1,0,0
13,1,1,0,0,1,0,0,1,1,0,1,1,0,1,0,0,1,0,0,1,1,1,0,1,0
14,0,1,1,0,1,1,0,1,1,1,1,1,1,0,0,0,1,1,1,1,1,0,1,0,0
15,1,0,1,0,1,0,1,0,0,1,0,1,0,1,0,0,1,1,1,1,1,0,0,1,0
16,0,1,1,0,1,1,0,1,1,0,1,1,1,1,0,1,1,0,0,1,1,1,0,1,0
17,1,0,0,1,1,0,0,1,0,1,0,1,1,1,0,1,1,0,1,0,1,0,0,1,0
18,0,1,1,0,1,0,0,1,1,1,0,1,1,1,0,0,1,0,1,1,1,1,0,1,0
19,1,0,1,0,1,1,0,1,0,1,1,1,0,0,0,1,1,0,0,0,1,0,0,1,0
20,1,0,1,0,1,0,0,1,1,1,1,1,0,1,0,0,1,0,1,1,1,0,1,0,0
21,1,1,1,0,1,0,0,1,0,1,0,1,1,1,0,1,1,0,0,0,1,1,0,1,0
22,0,1,1,0,1,1,0,1,0,1,0,1,0,1,0,0,1,1,0,0,1,1,0,1,0
23,1,0,1,0,1,1,0,1,1,1,0,1,1,1,0,1,1,0,0,0,1,0,0,1,0
24,0,1,1,0,1,1,0,1,1,0,1,1,0,0,0,1,0,0,0,1,1,0,1,0,0
25,0,1,1,0,1,1,0,1,1,1,0,1,0,1,0,0,1,1,1,1,1,1,0,1,0
26,0,1,0,1,1,1,0,1,0,0,0,1,0,0,0,0,1,0,1,1,1,1,0,1,0
27,1,0,1,0,1,1,0,1,1,1,0,1,1,1,0,0,1,1,1,1,1,1,0,1,0
28,0,1,1,0,1,1,1,1,0,0,1,1,0,0,0,0,1,1,0,1,1,0,1,1,0
29,0,1,1,0,1,0,0,1,0,1,0,1,0,1,0,0,1,1,1,1,1,1,1,0,0
30,1,1,1,0,1,0,0,1,0,1,0,1,1,1,0,1,0,0,0,1,1,1,0,1,0
31,1,1,1,0,1,1,0,1,1,1,1,1,0,1,0,0,1,0,0,1,1,0,1,0,0
32,1,0,1,0,1,1,0,1,0,0,0,1,0,1,0,0,1,1,1,1,1,0,1,0,0
33,0,1,0,1,1,1,0,1,0,1,0,1,0,1,0,0,1,1,1,1,1,1,0,1,0
34,0,1,1,0,1,1,0,1,0,1,0,1,1,1,0,0,1,1,1,1,1,1,0,1,0
35,0,1,1,0,1,1,0,1,0,1,0,1,0,0,0,0,1,1,0,1,1,1,0,1,0
36,0,1,1,0,1,0,1,1,0,1,0,1,0,0,0,0,1,1,1,1,1,1,0,1,0
37,1,1,0,0,1,0,1,0,0,1,1,1,0,1,0,1,1,0,1,1,1,1,0,1,0
38,1,0,0,1,1,1,0,1,1,1,1,1,0,0,0,0,1,1,1,1,1,1,0,1,0
39,1,1,1,0,1,1,0,1,1,1,0,1,1,1,0,1,0,0,1,0,1,1,0,1,0
40,1,0,0,0,1,0,1,0,0,1,1,1,0,0,0,0,1,1,0,1,1,1,1,0,0
41,1,1,1,0,1,1,0,1,1,0,1,1,0,1,0,0,1,1,0,1,1,0,0,1,0
42,1,0,0,1,1,0,0,1,1,1,0,1,1,1,0,1,0,0,0,1,1,1,0,1,0
43,1,1,1,0,1,1,0,1,1,0,1,1,1,0,0,1,0,0,1,1,1,1,0,1,0
44,0,1,1,0,1,0,1,0,0,1,0,1,0,0,0,0,1,1,1,1,1,1,0,1,0
45,0,1,1,0,1,1,0,1,0,1,0,1,1,1,0,0,1,0,1,1,1,0,0,1,0
46,0,1,1,0,0,1,1,0,0,1,0,1,1,1,0,1,0,0,0,1,1,0,0,1,0
47,0,1,1,0,1,0,0,1,1,1,1,1,0,1,0,1,1,1,1,1,1,0,1,0,0
48,1,0,0,0,1,0,0,1,1,1,1,1,0,0,1,0,1,1,1,1,1,0,0,1,0
49,1,1,1,0,1,1,0,1,0,1,0,1,0,0,0,0,1,1,0,1,1,1,0,1,0
50,0,0,1,0,1,1,0,1,0,1,1,1,0,1,0,0,1,0,0,1,1,1,0,1,0
51,1,0,0,0,1,0,1,0,0,1,1,1,0,1,0,0,1,0,1,1,1,1,0,1,0
52,0,1,1,0,1,1,0,1,1,0,0,1,0,1,0,0,1,1,0,1,1,0,0,1,0
53,1,1,0,0,0,1,1,0,0,0,1,1,0,1,0,1,0,0,0,0,1,0,1,0,1
54,0,1,1,0,1,0,1,0,0,1,0,1,0,0,0,1,0,0,0,0,1,0,0,1,0
55,1,1,0,0,1,1,0,1,0,1,1,1,1,1,0,1,1,1,1,1,1,0,1,0,0
56,0,1,1,0,1,0,0,1,0,1,0,1,0,1,0,1,1,1,0,1,1,1,0,1,0
57,1,0,0,0,1,0,0,1,1,0,1,1,0,1,0,1,0,0,1,0,1,0,0,1,1
58,1,1,0,1,1,0,1,0,1,1,0,1,0,1,0,1,0,0,1,0,1,1,0,1,0
59,1,1,0,1,1,0,0,1,0,0,1,1,1,1,0,1,0,1,0,1,1,1,0,1,0
60,0,1,1,0,1,1,0,1,1,0,1,1,0,1,0,1,0,0,1,1,1,1,0,1,0
61,1,1,1,0,1,1,0,1,1,1,0,1,1,1,0,1,0,1,1,1,1,0,1,0,0
62,0,1,1,0,1,1,0,1,0,1,0,1,1,1,0,0,1,1,1,1,1,1,0,1,0
63,1,0,0,1,0,1,0,1,0,1,0,1,0,1,0,0,1,1,0,1,1,0,1,0,1
64,0,1,1,0,0,1,0,1,1,1,1,1,0,1,0,1,0,0,0,1,1,1,0,1,0
65,0,1,0,1,1,1,0,1,1,1,1,1,1,0,0,0,1,1,1,1,1,1,0,1,0
66,1,1,1,0,1,1,0,1,1,1,1,1,1,0,0,0,1,0,1,0,1,1,0,1,0
67,1,0,1,0,1,1,0,1,1,1,1,1,0,1,0,1,0,0,1,0,1,0,1,0,0
68,0,1,1,0,1,0,0,1,1,1,0,1,0,1,0,1,1,1,1,1,1,1,0,1,0
69,0,1,1,0,1,0,0,1,1,1,0,1,0,1,0,1,0,0,1,1,1,1,0,1,0
70,0,1,1,0,1,0,1,0,0,1,0,1,0,1,0,0,1,1,1,1,1,0,0,1,0
71,0,1,0,0,1,0,0,1,0,0,0,1,1,1,0,0,1,0,0,0,1,1,0,1,0
72,1,0,1,0,1,1,0,1,0,1,0,1,1,1,0,0,1,0,0,1,1,0,1,0,0
73,0,1,1,0,1,0,1,0,0,1,0,1,1,1,0,1,0,0,0,1,1,1,0,1,0
74,1,1,1,0,1,0,1,0,0,1,0,1,0,0,0,1,0,0,0,1,1,1,1,0,0
75,0,1,1,0,1,1,0,1,0,1,0,1,1,1,0,1,0,0,0,1,1,0,1,0,0
76,1,0,0,1,1,0,0,1,1,1,0,1,1,1,0,0,1,1,1,1,1,0,0,1,0
77,1,1,1,0,1,1,0,1,1,0,1,1,1,1,0,0,1,0,0,1,1,0,1,0,0
78,1,0,0,1,1,1,0,1,1,0,1,1,1,1,0,1,1,1,0,1,1,1,0,1,0
79,1,1,1,0,1,1,0,0,0,1,0,0,0,1,0,1,1,1,1,1,1,0,0,1,0
80,0,1,1,0,1,1,0,1,1,0,1,1,0,0,0,0,1,1,1,1,1,1,0,1,0
81,0,1,1,0,1,1,0,1,1,1,1,1,0,1,0,1,1,1,1,1,1,0,0,1,0
82,1,0,0,0,1,0,1,1,0,0,1,1,1,1,0,0,1,0,0,1,1,1,0,1,0
83,0,1,0,1,0,1,1,1,0,1,0,1,0,1,0,0,1,1,1,1,1,1,0,1,0
84,1,1,1,0,1,0,0,1,0,1,0,1,1,1,0,1,1,1,0,0,1,0,0,1,0
85,1,1,1,0,1,1,0,1,1,1,0,1,0,1,0,0,1,1,0,1,1,1,0,1,0
86,1,1,1,0,1,0,0,1,0,1,0,1,0,0,0,0,1,1,1,0,1,1,0,1,0
87,0,1,1,0,1,0,1,0,0,1,0,1,0,0,0,0,1,1,0,1,1,1,0,1,0
88,1,0,1,0,1,0,1,0,0,1,0,1,0,1,0,0,1,0,0,1,1,0,1,0,0
89,1,0,0,1,1,0,0,1,0,1,1,1,0,0,1,0,1,0,0,1,1,1,0,1,0
90,1,0,0,1,1,1,0,1,0,0,0,1,1,1,0,0,1,1,0,1,1,1,0,1,0
91,1,1,1,0,1,1,0,1,1,0,0,1,0,1,0,1,0,0,1,1,1,1,0,1,0
92,1,1,1,0,1,1,1,0,0,1,1,1,0,1,0,0,1,0,1,1,1,0,1,0,0
93,0,1,0,1,0,1,0,1,1,0,1,1,0,1,0,0,1,0,1,1,1,1,0,1,0
94,1,1,1,0,1,1,0,1,0,1,1,1,0,0,0,0,1,1,1,1,1,0,0,1,0
95,1,0,0,0,1,1,0,1,1,0,1,1,0,1,0,0,1,0,1,1,1,0,1,0,0
96,1,0,1,0,1,1,0,1,0,1,1,1,0,1,0,0,1,0,0,1,1,1,0,1,0
97,0,0,0,0,1,1,1,0,0,1,0,1,0,1,0,1,1,0,0,1,1,0,0,1,0
98,1,0,0,1,1,1,0,1,1,0,1,1,0,1,0,0,1,0,0,1,1,1,0,1,0
99,1,0,1,0,1,1,0,1,0,0,0,1,0,1,0,0,1,0,1,0,1,0,0,1,0
100,0,0,0,1,1,0,1,0,0,1,0,1,0,1,0,0,1,1,1,1,1,1,0,1,0
101,1,1,1,0,1,1,0,1,0,1,1,1,1,1,0,1,1,1,1,1,1,1,0,1,0
102,1,1,1,0,1,0,0,1,1,1,0,1,0,1,0,0,1,0,0,1,1,0,0,1,0
103,0,1,1,0,1,0,0,1,0,1,0,1,0,0,0,1,0,0,0,1,1,1,0,1,0
104,0,1,1,0,1,0,0,1,0,1,0,1,1,1,0,0,1,1,0,0,1,1,0,1,0
105,1,0,1,0,0,1,0,1,1,0,1,1,0,1,0,1,1,1,1,1,1,1,0,1,0
106,0,1,1,0,0,1,0,0,0,1,1,1,1,1,0,0,1,0,1,1,1,0,0,1,0
107,0,1,1,0,1,0,0,1,1,0,1,1,1,1,0,1,0,0,1,0,1,0,0,1,0
108,1,0,0,1,1,0,0,1,1,0,1,1,0,0,0,0,1,0,0,1,1,1,0,1,1
109,0,1,1,0,1,0,0,1,0,1,0,1,0,1,0,0,1,0,0,1,1,0,1,0,0
110,0,1,1,0,1,0,1,0,0,1,0,1,0,0,0,1,0,0,0,1,1,0,1,0,0
111,1,1,1,0,1,0,0,1,1,1,0,1,1,1,0,0,1,1,0,1,1,1,0,1,0
112,0,1,1,0,1,0,1,1,1,1,1,1,1,1,0,0,1,1,1,1,1,1,0,1,0
113,1,1,1,0,1,1,0,1,1,0,1,1,1,1,0,0,1,1,1,1,1,1,0,1,0
114,1,0,0,1,1,1,0,1,0,1,1,0,0,1,0,1,1,0,0,1,1,0,1,0,0
115,1,1,1,0,0,1,0,1,0,1,0,1,1,1,0,0,1,1,1,1,1,1,1,0,0
116,1,0,1,0,1,1,1,0,0,1,0,1,0,1,0,0,1,1,1,1,1,0,0,1,0
117,0,1,1,0,1,1,0,1,0,1,0,1,0,1,0,1,1,1,0,1,1,0,0,1,0
118,1,1,0,0,1,1,0,1,0,1,0,1,0,0,0,1,0,0,1,1,1,1,1,0,0
119,1,0,1,0,1,1,0,1,1,1,0,1,0,0,0,1,1,0,1,1,1,0,0,1,0
120,1,0,0,0,1,0,1,0,0,1,0,1,1,1,0,1,1,1,1,1,1,0,1,0,0
121,0,1,1,0,1,0,0,1,0,0,1,1,0,1,0,0,1,1,0,1,1,1,0,1,0
122,1,1,1,0,1,0,1,1,1,1,0,1,1,1,0,1,1,1,0,1,1,1,0,1,0
123,0,1,1,0,1,1,0,1,0,1,1,1,0,1,0,0,1,1,1,1,1,0,0,1,0
124,1,1,1,0,1,1,0,1,0,1,1,1,0,1,0,1,0,0,1,1,1,0,1,0,0
125,1,0,1,0,1,0,1,0,1,1,1,1,0,1,0,0,1,1,1,1,1,0,1,0,0
126,1,0,0,1,1,1,0,1,1,0,0,1,0,0,0,0,1,1,1,1,1,0,0,1,0
127,0,1,0,0,1,0,1,1,1,1,0,1,0,1,0,0,1,1,1,1,1,0,1,1,0
128,1,0,0,0,1,1,1,0,0,1,0,1,0,0,0,1,1,0,1,1,1,1,0,1,0
129,1,1,1,0,1,1,1,0,0,0,0,1,0,1,0,0,1,0,0,1,1,0,0,1,0
130,1,0,1,0,1,1,0,1,0,0,0,1,0,0,1,0,1,0,0,0,1,1,0,1,0
131,1,1,1,0,1,1,0,1,1,1,0,1,0,0,0,0,1,1,0,1,1,1,0,1,0
132,1,1,1,0,1,0,0,0,0,1,1,1,0,1,0,0,1,0,1,1,1,1,0,1,0
133,1,0,0,1,1,0,1,0,0,1,0,1,1,1,0,0,1,1,1,1,1,1,0,1,0
134,0,1,0,0,1,1,0,1,1,0,1,1,0,1,0,1,1,1,0,1,1,1,1,0,0
135,1,0,0,1,0,1,0,1,0,1,1,1,0,1,0,1,1,0,1,1,1,0,0,1,0
136,1,1,1,0,1,0,1,0,0,1,1,1,0,1,0,0,1,1,0,0,1,1,1,0,0
137,1,0,1,0,1,1,1,0,0,1,0,1,0,0,0,0,1,0,0,1,1,1,0,1,0
138,1,0,0,0,1,1,1,1,0,1,0,1,1,1,0,0,1,1,0,1,1,1,0,1,0
139,1,0,0,1,0,1,1,0,0,1,0,1,0,0,0,1,1,0,1,1,1,1,0,1,0
140,1,1,1,1,1,1,0,1,1,0,1,1,0,1,0,1,0,0,1,1,1,1,0,1,0
141,1,0,0,1,1,1,0,1,0,1,1,1,0,0,0,0,1,1,1,1,1,1,0,1,0
142,0,1,1,0,1,1,1,0,0,1,0,1,0,0,0,0,0,0,0,1,1,1,0,1,0
143,0,1,1,0,1,1,1,0,0,1,0,1,0,0,0,1,1,0,0,1,1,0,1,0,0
144,1,0,1,0,1,1,0,1,1,1,1,1,0,1,0,0,1,0,0,1,1,1,0,1,0
145,1,0,1,0,1,1,0,1,1,1,1,1,1,1,0,1,1,0,0,1,1,0,1,1,0
146,0,1,1,0,1,0,0,1,1,0,1,1,0,0,0,1,0,0,1,1,1,1,0,1,0
147,1,0,1,0,1,0,0,1,1,0,1,1,0,1,0,0,1,1,1,1,1,1,0,1,0
148,1,0,1,0,1,1,0,1,1,1,0,1,1,1,0,0,1,1,1,1,1,1,0,1,0
149,1,1,1,0,1,1,0,1,1,1,1,1,0,1,0,0,1,1,1,1,1,0,0,1,0
150,1,1,1,0,1,1,0,1,0,1,0,1,1,1,0,0,1,1,1,1,1,1,0,1,0
151,0,1,1,0,0,1,0,1,0,1,0,1,1,0,0,1,0,0,1,1,1,0,0,1,0
152,1,0,1,0,1,1,0,1,1,1,0,1,0,1,0,1,0,0,1,1,1,1,0,1,0
153,0,1,0,1,1,1,0,1,0,1,0,1,0,1,0,1,0,0,1,1,1,0,1,0,0
154,1,1,1,0,1,1,0,1,0,1,0,1,1,1,0,0,1,1,1,1,1,1,0,1,0
155,0,1,1,0,1,1,0,1,1,1,0,1,1,1,0,0,1,1,1,1,1,0,0,1,0
156,1,0,1,0,1,0,0,1,1,1,0,1,0,1,0,0,1,1,0,1,1,1,0,1,0
157,1,0,1,0,1,1,0,1,1,1,0,1,0,1,0,1,0,0,1,1,1,1,0,1,0
158,1,0,0,0,1,0,0,1,0,1,0,1,0,1,0,0,1,1,0,1,1,1,1,1,0
159,1,0,0,0,1,0,1,0,0,1,0,1,0,1,0,1,0,0,0,1,1,1,0,1,0
160,0,1,1,0,1,1,0,1,1,1,0,1,1,1,0,0,1,1,0,0,1,1,1,0,0
161,0,1,1,0,1,0,0,1,1,0,1,1,0,1,0,1,0,0,0,1,1,1,0,1,0
162,0,1,1,0,1,1,0,1,0,1,0,1,0,1,0,0,1,1,0,1,1,0,0,1,0
163,1,1,0,1,1,0,1,0,0,0,1,1,1,1,0,1,1,0,1,1,1,0,0,1,0
164,1,1,1,0,1,0,0,1,1,1,0,1,0,0,0,0,1,1,0,1,1,1,0,1,0
165,1,0,1,0,1,0,0,1,1,1,0,1,1,1,0,0,1,0,0,1,1,1,0,1,0
166,0,1,1,0,1,0,0,1,0,1,1,1,0,1,0,0,1,0,0,1,1,1,0,1,0
167,1,0,0,0,1,0,0,1,1,1,0,1,0,1,0,0,1,0,0,0,1,1,0,1,0
168,1,0,0,1,1,1,0,1,0,1,0,1,0,0,0,0,1,0,0,1,1,1,0,1,0
169,1,0,0,0,1,1,0,1,0,1,0,1,0,0,0,1,0,0,0,1,1,0,1,0,0
170,1,0,1,0,1,1,0,1,1,1,0,1,1,1,0,0,1,1,1,1,1,0,0,1,0
171,0,1,1,0,1,0,1,0,0,1,1,1,1,1,0,1,0,0,1,1,1,0,1,0,0
172,0,1,1,0,1,1,0,1,1,0,1,1,1,1,0,1,0,1,1,1,1,0,0,1,0
173,0,1,0,0,1,0,1,0,0,1,0,1,1,1,0,0,1,1,1,1,1,1,1,0,0
174,0,1,1,0,1,0,0,1,1,0,1,1,1,1,0,0,1,1,0,1,1,0,0,1,0
175,0,1,1,0,1,0,1,0,0,1,1,1,1,1,0,1,0,0,0,1,1,1,0,1,0
176,0,1,0,1,1,1,0,0,0,1,1,1,0,1,0,1,1,0,0,1,1,1,0,1,0
177,1,1,1,0,1,1,0,1,1,1,0,1,1,1,0,1,1,0,1,1,1,0,0,1,0
178,1,0,0,0,1,1,0,1,1,0,1,1,0,1,0,0,1,1,1,1,1,0,0,1,0
179,1,0,1,0,1,0,0,1,1,1,0,1,1,1,0,0,1,1,1,1,1,1,0,1,0
180,1,0,0,0,1,1,0,1,1,1,0,1,1,1,0,0,1,1,1,1,1,1,0,1,0
181,0,1,1,0,1,1,0,1,0,1,1,1,0,1,0,0,1,1,1,0,1,1,0,1,0
182,1,0,0,1,1,1,0,1,0,1,0,1,1,1,0,0,1,1,0,1,1,0,1,0,0
183,1,0,1,0,1,1,0,1,1,0,0,1,0,1,0,0,1,1,0,1,1,1,0,1,0
184,0,1,1,0,1,0,0,1,1,0,1,1,0,1,0,0,1,1,1,1,1,1,0,1,0
185,0,1,1,0,1,0,1,0,0,1,0,1,1,1,0,1,0,0,1,1,1,1,0,1,0
186,1,0,0,0,1,1,0,1,0,1,0,1,1,1,0,1,0,0,0,1,1,1,0,1,0
187,0,1,1,0,1,1,0,1,0,1,1,1,0,1,0,0,1,1,0,1,1,0,0,1,0
188,1,1,1,0,1,1,0,1,0,1,1,1,0,1,0,1,0,0,0,1,1,1,0,1,0
189,1,0,0,0,1,1,0,1,0,1,1,1,1,1,0,1,0,0,1,1,1,1,0,1,0
190,0,1,1,0,1,1,0,1,0,1,0,1,0,0,0,1,1,1,0,1,1,1,0,1,0
191,1,1,1,0,0,1,0,1,1,0,1,1,0,0,0,0,1,0,0,1,1,0,0,1,0
192,0,1,1,0,1,0,0,1,0,1,0,1,0,1,0,1,0,0,0,1,1,0,0,1,0
193,1,1,0,0,1,1,0,0,0,1,1,1,1,1,0,1,0,0,0,1,1,0,0,1,0
194,1,1,0,1,1,1,0,1,1,1,0,1,0,0,0,0,1,0,0,1,1,1,0,1,0
195,1,1,1,0,1,0,0,1,1,1,0,1,1,1,0,0,1,0,1,1,1,1,0,1,0
196,0,1,1,0,1,0,0,1,1,1,1,1,0,0,0,1,0,0,0,1,1,0,1,0,0
197,1,0,0,1,1,0,1,0,0,1,1,1,0,1,0,0,1,0,1,1,1,1,0,1,0
198,1,1,1,0,1,1,0,1,1,1,0,1,0,1,0,0,0,0,1,1,1,0,0,1,0
199,1,0,1,0,1,1,0,1,0,1,1,1,1,1,0,0,1,1,0,1,1,0,0,1,0
200,0,1,1,0,1,1,1,0,0,1,0,1,1,1,0,0,1,0,1,1,1,1,1,0,0
201,1,0,0,0,1,0,0,1,1,1,0,1,0,1,0,0,1,1,1,1,1,0,0,1,0
202,1,0,0,1,1,1,0,1,0,1,0,1,0,0,0,0,1,0,1,1,1,1,0,1,0
203,1,0,0,1,0,1,0,1,0,1,0,1,0,1,0,1,1,0,1,1,1,1,1,0,0
204,1,0,0,1,1,0,0,1,0,1,0,1,0,1,0,0,1,1,1,0,1,0,0,1,0
205,0,0,1,0,1,1,1,0,0,1,0,1,1,1,0,0,1,1,0,0,1,1,0,1,0
206,1,0,1,0,0,1,0,1,1,1,0,1,1,1,0,0,1,1,0,1,1,1,0,1,0
207,1,0,1,0,1,1,1,0,0,1,0,1,1,1,0,0,1,1,0,0,1,0,0,1,0
208,1,1,0,0,1,1,0,1,0,1,0,1,1,1,0,0,1,0,0,1,1,0,0,1,0
209,1,1,1,1,1,1,0,1,1,0,0,1,0,1,0,1,0,0,0,1,1,1,0,1,0
210,0,1,1,0,1,1,0,1,0,1,1,1,1,1,0,0,1,0,0,0,1,0,0,1,0
211,1,0,1,0,1,1,1,0,0,1,1,1,0,1,0,1,0,0,0,1,1,0,0,1,0
212,1,1,0,1,1,0,1,0,0,0,1,1,1,1,0,1,0,0,0,1,1,1,0,1,0
213,0,1,0,0,1,1,0,1,0,1,0,1,0,1,0,0,1,0,1,1,1,1,0,1,0
214,0,1,1,0,1,0,1,0,0,1,0,1,0,1,0,1,0,0,0,1,1,1,0,1,0
215,0,1,1,0,1,0,1,0,0,1,0,1,0,0,0,1,0,0,1,1,1,1,0,1,0
216,0,1,1,0,1,0,1,0,0,1,1,1,0,0,0,0,1,0,1,1,1,0,0,1,0
217,0,1,1,0,1,1,0,1,1,1,0,1,0,0,0,1,0,0,0,1,1,1,0,1,0
218,0,1,1,0,1,1,0,1,0,1,0,1,0,1,0,0,1,1,0,1,1,0,1,0,0
219,0,1,1,0,1,1,0,1,0,1,0,1,1,1,0,0,1,0,0,1,1,1,0,1,0
220,0,1,1,0,1,1,0,1,1,1,1,1,0,1,0,0,1,0,0,1,1,1,1,0,0
221,0,1,0,1,1,1,0,1,0,1,0,1,0,0,0,0,1,0,0,1,1,0,0,1,0
222,1,1,1,0,1,1,0,1,0,1,0,1,1,1,0,1,0,0,0,0,1,0,0,1,0
223,0,1,1,0,1,1,0,1,1,0,1,1,0,0,0,1,0,0,1,1,1,1,0,1,0
224,0,1,1,0,1,0,0,1,1,0,1,1,1,1,0,1,1,1,1,1,1,1,1,1,0
225,1,1,0,1,1,1,1,0,0,1,0,1,1,1,0,1,0,0,0,1,1,0,0,1,0
226,0,1,1,0,1,0,0,1,1,1,0,1,1,0,0,0,1,0,0,1,1,0,0,1,0
227,0,0,1,0,1,0,0,1,0,1,0,1,1,1,0,1,0,0,1,1,1,1,0,1,0
228,1,0,0,1,1,1,0,1,1,1,1,1,0,1,0,1,1,0,1,1,1,1,0,1,0
229,0,1,1,0,1,1,0,1,0,1,0,1,0,1,0,0,1,0,1,1,1,0,1,0,0
230,0,1,1,0,1,1,0,1,0,1,0,1,0,0,1,1,0,0,0,1,1,0,0,0,0
231,1,1,1,0,1,0,0,1,1,1,0,1,1,1,0,0,1,1,1,1,1,0,0,1,0
232,1,1,1,1,0,1,0,1,1,1,0,1,0,0,0,0,1,1,0,1,1,1,0,1,0
233,1,0,0,1,1,0,0,1,0,1,1,1,0,0,1,0,1,0,1,1,1,0,1,0,0
234,0,1,1,0,1,0,1,0,0,1,0,1,1,1,0,0,1,1,1,1,1,0,0,1,0
235,1,1,1,0,1,1,0,1,0,1,0,1,1,1,0,0,1,0,1,1,1,1,0,1,0
236,0,1,0,1,1,1,1,1,0,1,0,1,0,1,0,0,1,0,0,0,1,0,0,1,0
237,0,1,0,0,1,1,0,1,1,1,1,1,1,1,0,0,1,0,0,1,1,0,1,0,0
238,1,0,0,1,1,0,0,1,1,1,0,1,0,0,0,0,1,0,0,1,1,0,0,1,0
239,0,0,0,0,1,0,0,1,1,0,0,1,0,1,0,0,1,0,0,1,1,0,1,0,0
240,1,1,1,0,1,0,1,0,0,1,0,1,1,1,0,1,0,0,0,0,1,1,0,1,0
241,1,0,1,0,1,0,1,0,0,1,1,1,1,1,0,1,0,0,0,0,1,1,0,1,0
242,0,1,1,0,1,0,0,1,0,1,0,1,0,1,0,1,0,0,0,1,1,0,0,1,0
243,1,0,1,0,1,1,0,1,1,1,0,1,0,1,0,1,0,0,1,1,1,0,1,0,0
244,1,0,0,0,1,1,1,0,0,1,0,1,0,0,0,1,1,1,1,1,1,0,0,1,0
245,1,1,1,0,1,0,0,1,0,0,1,1,0,0,0,0,1,0,0,1,1,1,0,1,0
246,1,1,1,0,1,1,0,1,1,0,1,1,0,1,0,1,0,0,0,1,1,1,1,0,0
247,0,1,1,0,1,0,0,1,0,1,1,1,1,1,0,0,1,1,0,1,1,1,0,1,1
248,0,1,1,0,0,1,0,1,0,1,1,1,0,1,0,1,0,0,1,1,1,1,0,1,0
249,0,1,1,0,1,1,1,0,0,1,0,1,1,1,0,1,1,0,0,1,1,0,0,1,0
250,1,0,0,1,0,1,0,1,1,1,0,1,0,1,0,1,0,0,0,1,1,1,0,1,0
251,1,1,1,0,1,0,0,1,0,0,1,1,0,1,0,1,0,1,1,1,1,0,0,1,0
252,1,1,1,0,1,0,1,0,0,0,1,1,0,1,0,0,1,0,0,0,1,1,0,1,0
253,1,1,1,0,1,1,1,0,0,0,1,1,0,1,0,0,1,0,0,1,1,1,0,1,0
254,1,1,0,0,1,1,1,0,0,1,1,1,0,1,0,1,0,0,1,1,1,0,0,1,0
255,1,1,1,0,1,1,0,1,1,0,1,1,0,0,0,0,1,0,0,1,1,0,1,0,0
256,0,1,1,0,1,0,1,0,0,0,1,0,0,1,0,0,1,1,0,1,1,0,0,1,0
257,0,1,1,0,1,0,1,0,0,1,0,1,1,1,0,0,1,0,1,1,1,1,0,1,0
258,1,1,1,0,1,0,0,1,1,0,1,1,0,1,0,0,1,1,1,1,1,0,0,1,0
259,1,1,1,0,1,0,0,1,1,1,0,1,1,1,0,1,0,0,0,1,1,1,0,1,0
260,0,1,1,0,1,0,0,1,1,1,0,0,1,1,0,0,1,1,1,1,1,1,1,0,0
261,1,0,1,0,1,0,0,1,0,1,0,1,0,1,0,1,1,1,1,1,1,1,0,1,0
262,1,0,0,1,1,0,1,0,0,0,0,1,0,1,0,0,1,0,0,1,1,0,0,1,0
263,0,1,1,0,1,0,0,1,1,1,1,1,0,1,0,0,1,0,0,1,1,0,0,1,0
264,1,0,0,0,1,0,1,0,0,1,1,1,1,1,0,0,1,1,0,1,1,0,0,1,0
265,0,1,1,0,1,1,0,1,1,1,0,1,1,1,0,0,1,1,1,1,1,0,1,0,1
266,1,0,0,1,1,1,0,1,1,1,0,1,0,0,0,0,1,0,0,0,1,1,0,1,0
267,0,1,1,0,1,0,0,1,1,1,0,1,1,1,0,1,0,0,0,0,1,0,1,0,0
268,1,0,0,1,0,1,0,1,0,1,1,1,0,0,1,1,0,0,1,1,1,0,1,0,1
269,0,1,1,0,1,1,0,1,0,1,0,1,0,0,0,1,0,0,0,1,1,1,0,1,0
270,0,1,1,0,1,0,1,0,0,1,0,1,0,0,0,0,1,1,1,1,1,1,0,1,0
271,0,1,1,1,1,0,0,1,1,1,1,1,0,0,0,1,1,1,0,1,1,0,0,1,0
272,1,1,1,0,1,1,0,1,1,1,0,1,0,1,0,1,1,0,1,1,1,0,0,1,0
273,0,1,1,0,1,1,1,0,0,1,0,1,1,1,0,1,0,1,1,1,1,1,0,1,0
274,0,1,0,1,1,1,0,1,1,1,0,1,1,1,0,1,1,0,0,0,1,1,0,1,0
275,0,1,1,0,1,0,0,1,0,0,1,1,0,1,0,1,1,0,0,1,1,1,0,1,0
276,1,0,0,1,1,0,0,1,1,1,0,1,1,1,0,1,1,1,0,1,1,1,0,1,0
277,0,1,1,0,1,1,0,1,1,1,0,1,0,1,0,0,1,1,1,1,1,1,0,1,0
278,1,1,1,0,1,0,0,1,0,1,0,1,0,0,0,0,1,1,1,1,1,1,0,1,0
279,1,1,1,0,1,1,0,1,1,1,0,1,0,0,0,0,1,1,1,1,1,1,0,1,0
280,1,1,0,0,1,1,0,1,1,1,0,1,1,1,0,0,1,0,0,1,1,1,0,1,0
281,1,0,0,0,1,0,1,0,0,1,0,1,1,1,0,1,1,0,0,1,1,1,0,1,0
282,1,0,0,1,1,0,1,0,0,1,1,1,0,1,0,1,0,0,1,1,1,0,1,0,0
283,0,1,1,0,1,1,0,1,0,1,0,1,1,1,0,1,0,0,0,0,1,1,0,1,0
284,0,1,1,1,1,0,0,1,1,1,0,1,0,1,0,1,0,0,1,1,1,0,1,0,0
285,0,1,1,0,1,0,0,1,1,0,1,1,1,1,0,1,1,1,1,1,1,0,1,0,0
286,1,0,0,1,1,0,0,1,1,1,0,1,1,1,0,1,0,0,0,1,1,0,0,1,0
287,0,1,0,1,1,0,0,1,0,1,0,1,0,1,0,0,1,1,1,1,1,0,0,1,0
288,0,1,1,0,1,1,0,1,0,0,1,1,1,1,0,1,0,0,1,1,1,1,0,1,0
289,0,1,1,0,1,1,0,1,1,0,1,1,1,1,0,1,0,0,1,1,1,0,0,1,0
290,0,1,1,0,1,1,0,1,0,1,0,1,1,1,0,1,1,1,1,1,1,1,0,1,0
291,0,1,1,0,1,0,1,0,1,1,1,1,1,1,0,1,0,0,0,1,1,0,0,1,0
292,1,1,1,0,1,0,1,0,0,1,1,1,0,1,0,1,0,0,0,1,1,1,0,1,0
293,1,0,0,1,1,1,0,1,1,1,0,1,0,1,0,0,1,1,1,1,1,0,0,1,0
294,1,0,0,1,1,1,1,0,0,1,0,1,0,1,0,1,1,0,0,1,1,0,0,1,0
295,1,0,0,1,1,1,1,0,1,0,1,1,0,1,0,0,1,0,1,1,1,1,0,1,0
296,1,0,1,0,1,1,0,0,0,1,0,1,0,1,0,0,1,1,0,1,1,1,1,0,0
297,1,1,1,0,1,1,0,1,1,0,1,1,0,1,0,0,1,0,0,1,1,0,1,0,0
298,0,1,0,1,1,0,1,0,0,1,0,1,0,1,0,1,1,1,1,1,1,0,0,1,0
299,0,1,1,0,1,0,0,1,0,1,1,1,0,0,0,0,1,1,0,1,1,1,0,1,0
300,0,1,1,0,1,1,0,1,0,1,0,1,1,1,0,1,0,0,1,1,1,0,0,1,0
301,1,0,1,0,1,0,0,1,0,1,0,1,1,1,0,0,1,0,1,1,1,0,0,1,0
302,1,1,1,0,1,1,1,0,0,1,0,1,1,1,0,1,1,1,1,1,1,0,1,0,0
303,1,0,0,0,1,0,0,1,1,1,0,1,1,0,0,1,0,0,1,1,1,1,0,1,0
304,0,1,1,0,1,1,1,0,0,1,1,1,0,1,0,0,1,1,1,1,1,1,0,1,0
305,0,1,1,0,1,1,0,1,1,1,0,1,1,1,0,1,0,0,0,1,1,0,1,0,0
306,1,0,0,1,0,1,0,1,1,1,0,1,1,1,0,0,1,1,0,1,1,0,1,0,0
307,1,0,1,0,1,1,0,1,1,0,1,1,1,1,0,0,1,0,0,1,1,0,0,1,0
308,1,0,0,1,1,0,0,1,0,1,0,1,1,1,0,0,1,0,1,1,1,0,1,0,0
309,1,0,0,1,1,1,1,0,0,1,1,1,1,1,0,0,1,1,1,1,1,1,1,0,0
310,0,1,1,0,1,1,0,1,1,1,1,1,1,1,0,0,1,0,1,1,1,0,0,1,0
311,1,1,1,0,1,1,0,1,1,0,1,1,0,1,0,0,1,1,0,1,1,1,0,1,0
312,0,1,1,1,0,1,0,1,1,1,0,1,0,1,0,0,1,1,1,1,1,0,0,1,0
313,0,0,1,0,1,0,1,0,0,1,1,1,1,1,0,0,1,0,0,1,1,0,1,0,0
314,0,1,1,0,1,1,0,1,0,0,1,1,0,1,0,1,1,1,0,1,1,1,0,1,0
315,1,0,1,0,1,1,1,0,0,1,0,1,0,1,0,1,0,0,0,0,1,0,0,1,0
316,0,1,1,0,1,0,1,0,0,0,1,1,0,0,0,0,1,1,1,1,1,1,0,1,0
317,1,0,1,0,1,0,0,1,1,1,0,1,1,1,0,1,0,0,1,1,1,1,0,1,0
318,1,0,1,0,1,0,1,0,0,1,1,1,1,1,0,1,0,0,0,1,1,0,0,1,0
319,1,0,0,1,1,1,0,1,0,1,0,1,0,1,0,1,0,0,0,1,1,0,1,0,0
320,0,1,1,1,1,1,0,1,1,1,1,1,0,0,1,0,1,1,1,1,1,1,0,1,0
321,0,1,1,0,1,0,0,1,0,1,0,1,1,1,0,0,1,0,0,1,1,0,1,0,0
322,1,1,1,0,1,0,1,0,0,1,0,1,0,1,0,1,0,0,1,1,1,1,0,1,0
323,1,0,1,0,1,0,1,0,0,1,0,1,0,1,0,0,1,0,0,1,1,0,1,0,0
324,1,0,1,0,1,1,0,1,0,1,0,1,0,1,0,0,1,1,1,1,1,1,0,1,0
325,1,0,1,0,1,1,0,1,1,1,0,1,1,1,0,1,0,0,0,1,1,0,0,1,0
326,1,1,1,0,1,1,0,1,1,0,0,1,1,1,0,0,1,1,1,1,1,0,0,1,0
327,1,0,0,0,1,1,0,1,0,1,1,1,1,1,0,0,1,0,0,1,1,0,0,1,0
328,1,1,0,0,1,0,1,0,0,1,0,1,0,0,1,0,1,0,0,1,1,1,0,1,0
329,0,1,1,0,1,0,1,0,0,1,0,1,0,1,0,0,1,1,0,1,1,1,0,1,0
330,1,0,1,0,1,1,0,1,0,0,1,1,0,1,0,0,1,0,0,1,1,0,1,0,0
331,0,0,1,0,1,1,0,1,1,0,0,1,0,0,0,1,0,1,1,1,1,0,1,0,0
332,0,1,1,0,1,1,0,1,1,0,1,1,0,1,0,0,1,1,0,1,1,1,0,1,0
333,0,1,1,0,1,0,0,0,0,1,1,1,0,0,0,0,1,0,0,1,1,1,1,0,0
334,1,0,1,0,1,1,0,1,1,0,1,1,0,0,1,0,1,0,0,1,1,0,0,1,0
335,0,1,0,1,1,0,0,1,0,1,0,1,1,1,0,1,0,0,0,0,1,1,0,1,0
336,1,1,1,0,1,0,1,0,0,1,1,0,0,1,0,0,1,1,1,1,1,0,1,0,0
337,0,1,0,0,1,0,1,0,0,1,0,1,1,1,0,1,1,1,1,1,1,0,0,1,0
338,1,1,1,0,1,0,1,0,0,1,1,1,0,0,0,1,0,0,1,1,1,1,0,1,0
339,0,1,1,0,1,0,1,0,0,1,0,1,0,0,0,0,1,1,1,1,1,1,0,1,0
340,0,1,1,0,1,1,0,1,1,1,0,1,1,1,0,1,0,0,1,0,1,0,0,1,0
341,0,1,1,0,1,0,0,1,0,1,1,1,0,0,0,0,1,0,1,1,1,0,0,1,0
342,1,0,0,0,1,1,0,1,0,1,0,1,0,0,0,0,1,1,1,1,1,1,0,1,0
343,0,1,1,0,1,1,0,1,1,0,1,1,1,1,0,0,1,0,0,1,1,1,0,1,0
344,1,1,1,0,1,0,0,1,0,1,0,1,0,0,0,1,0,0,0,0,1,0,1,0,0
345,0,1,1,0,1,1,0,1,0,1,0,1,0,1,0,1,0,0,1,1,1,0,0,1,0
346,0,1,1,0,1,1,1,0,0,1,0,1,0,1,0,0,1,1,1,1,1,1,0,1,0
347,1,0,0,1,1,0,1,0,0,1,1,1,0,1,0,1,0,0,0,0,1,1,0,1,0
348,0,1,1,0,1,1,0,1,1,0,0,1,0,1,0,1,0,0,0,1,1,0,0,1,0
349,1,0,1,0,1,1,0,1,0,1,1,1,0,1,0,0,1,1,1,1,1,1,0,1,0
350,1,1,0,1,1,1,0,1,1,0,1,1,0,1,0,0,1,1,0,1,1,0,0,1,0
351,0,0,1,0,1,1,0,1,0,1,0,1,0,1,0,1,0,0,0,1,1,1,0,1,0
352,0,1,1,0,1,1,0,1,0,1,0,1,0,1,0,0,1,1,1,1,1,1,0,1,0
353,0,1,1,0,1,0,0,1,1,0,1,1,1,1,0,0,1,1,1,1,1,1,0,1,0
354,1,1,1,0,1,0,0,1,1,0,0,1,1,1,0,0,1,1,1,1,1,0,0,1,0
355,1,0,0,0,1,1,0,1,1,1,0,1,0,1,0,0,1,0,0,1,1,0,1,0,0
356,1,0,1,0,1,0,0,1,0,1,0,1,1,1,0,0,0,1,1,1,1,1,0,1,0
357,1,1,1,0,1,0,1,0,0,1,0,1,1,1,0,0,1,0,0,1,1,0,1,0,0
358,0,1,1,0,1,1,0,1,0,1,0,1,0,1,0,0,1,1,0,1,1,0,0,1,0
359,0,1,0,1,1,1,0,1,1,1,1,1,0,0,0,1,0,0,0,1,1,0,0,1,0
360,1,0,1,0,1,0,1,0,0,1,0,1,1,1,0,1,1,0,0,0,1,1,1,0,0
361,1,0,1,0,1,1,0,1,0,0,0,1,0,1,0,0,1,0,1,1,1,1,0,1,0
362,0,1,1,0,1,1,0,1,0,1,0,1,1,1,0,1,0,0,1,1,1,0,0,1,0
363,0,1,1,0,1,1,0,1,1,0,1,1,1,1,0,0,1,0,0,1,1,0,1,0,0
364,0,1,1,0,1,0,0,1,1,0,1,1,1,1,0,1,0,1,0,1,1,0,0,1,0
365,1,1,0,0,1,1,0,1,1,0,0,1,1,1,0,0,1,1,0,1,1,1,1,0,1
366,1,0,0,1,1,0,1,0,0,1,0,1,1,1,0,0,1,0,0,1,1,1,0,1,0
367,1,1,1,0,1,0,1,0,0,1,1,1,1,1,0,0,1,1,1,1,1,1,0,1,0
368,1,0,1,0,1,1,0,1,1,1,0,1,1,1,0,0,1,1,1,1,1,1,0,1,0
369,1,1,1,0,1,0,1,0,0,0,1,1,0,1,0,0,1,0,0,1,1,1,0,1,0
370,0,1,1,0,1,0,0,1,0,1,0,1,1,1,0,0,1,1,1,0,1,0,0,0,0
371,1,0,0,1,1,0,0,1,1,1,1,1,0,1,0,1,0,0,1,0,1,1,0,1,0
372,0,1,1,0,1,1,0,1,1,0,1,1,1,1,0,1,0,1,0,1,1,1,0,1,0
373,1,1,1,0,1,1,0,1,0,1,1,1,0,0,0,1,1,1,1,1,1,1,1,0,0
374,1,1,1,0,1,1,0,1,0,1,0,1,1,1,0,0,1,0,0,0,1,0,0,1,0
375,1,1,0,0,1,0,0,1,0,1,0,1,1,0,1,0,1,1,1,1,1,0,0,1,0
376,0,1,1,0,1,1,0,1,1,1,0,1,1,1,0,1,1,1,1,1,1,1,1,0,1
377,1,1,1,0,1,1,0,1,1,1,0,1,1,1,0,0,1,0,0,1,1,0,0,1,0
378,0,1,0,0,1,0,1,0,0,1,0,1,0,0,0,0,1,0,0,1,1,0,1,1,0
379,0,1,1,0,1,0,0,1,1,1,1,1,1,1,0,0,1,1,1,1,1,0,0,1,0
380,1,1,1,0,1,0,1,0,0,1,0,1,0,1,0,0,1,1,1,1,1,1,0,1,0
381,1,0,1,0,1,0,0,1,1,0,1,1,1,1,0,0,1,0,1,1,1,0,0,1,0
382,0,1,1,0,1,1,0,1,0,1,0,1,0,0,0,1,1,1,1,1,1,0,1,0,0
383,0,1,1,0,1,1,0,1,0,1,1,1,0,1,0,0,1,0,0,0,1,0,0,1,0
384,1,0,0,1,0,1,0,1,0,0,1,0,1,1,0,0,1,0,1,1,1,1,0,1,0
385,0,1,1,0,1,0,0,1,0,0,1,1,0,1,0,0,1,0,1,1,1,1,0,1,0
386,1,0,0,1,0,1,0,1,1,0,0,1,0,1,0,0,1,1,1,1,1,0,0,1,0
387,1,0,0,0,1,1,0,1,1,1,0,1,1,1,0,1,0,0,1,1,1,1,0,1,0
388,1,1,1,0,1,1,0,1,1,0,1,0,1,1,0,0,1,1,0,1,1,0,1,0,0
389,0,1,1,0,1,1,0,1,0,1,1,1,0,0,0,0,1,1,1,1,1,0,0,1,0
390,0,1,1,0,1,0,0,1,1,0,1,1,0,1,0,0,1,1,1,1,1,0,0,1,0
391,1,0,1,0,1,0,0,1,1,1,1,1,0,1,0,1,0,0,0,1,1,0,1,0,0
392,1,0,0,1,1,1,1,0,0,1,0,1,1,1,0,0,1,1,1,1,1,0,1,0,0
393,1,1,1,0,1,0,0,1,1,1,0,1,1,1,0,0,1,1,0,1,1,1,0,1,0
394,0,1,1,0,1,1,0,1,0,0,1,1,0,1,0,0,1,1,1,1,1,0,0,1,0
395,0,1,1,0,1,1,0,1,0,0,1,1,0,0,1,1,0,0,0,1,1,0,1,1,0
396,0,1,1,0,1,0,0,1,1,1,0,1,0,0,0,1,1,0,1,1,1,1,1,0,1
397,1,0,0,1,1,0,0,1,1,0,1,1,0,0,0,0,1,1,1,1,1,0,0,1,0
398,1,0,1,0,1,0,0,1,0,1,0,1,1,1,0,1,1,1,1,1,1,1,0,1,0
399,1,0,0,1,0,1,0,1,0,1,1,1,1,1,0,0,1,0,1,1,1,1,0,1,0
400,1,0,0,0,1,0,0,1,0,1,1,1,0,1,0,0,1,1,1,1,1,1,0,1,0
401,0,1,0,0,1,0,0,1,0,1,0,1,0,0,0,0,1,1,0,1,1,1,0,1,0
402,0,1,0,1,1,0,0,1,1,1,0,1,1,1,0,0,1,1,1,1,1,1,0,1,0
403,1,0,0,1,1,1,0,1,0,0,0,1,0,0,0,0,1,0,1,1,1,1,0,1,0
404,1,0,1,0,1,0,0,1,1,0,0,1,0,0,0,0,1,1,1,1,1,1,0,1,0
405,0,1,0,1,1,0,1,0,0,1,1,1,0,1,0,0,1,0,0,1,1,1,0,1,0
406,0,1,1,0,1,1,0,1,0,1,1,1,0,1,0,0,1,1,0,1,1,0,0,1,0
407,1,1,1,0,1,1,0,1,1,1,1,1,1,1,0,0,1,0,0,1,1,0,1,1,0
408,1,1,1,0,1,0,0,1,1,1,0,1,0,0,0,0,1,0,0,1,1,0,1,0,0
409,1,0,0,0,1,1,0,1,0,0,1,1,0,0,0,0,1,0,0,1,1,0,0,1,0
410,1,0,1,0,1,0,1,0,1,0,1,1,0,1,0,0,1,0,0,1,1,1,0,1,0
411,1,1,0,1,0,1,0,1,0,1,1,1,0,1,0,0,1,0,0,1,1,0,0,1,0
412,0,1,1,0,1,1,0,1,0,1,0,1,0,1,0,1,0,0,1,1,1,0,1,0,0
413,1,1,1,0,1,1,0,1,0,1,1,1,1,1,0,1,0,0,1,1,1,0,0,1,0
414,0,1,1,0,0,1,0,1,1,1,0,1,1,1,0,1,1,1,1,1,1,1,0,1,0
415,1,0,0,0,1,1,0,1,1,0,1,1,0,1,0,0,1,1,1,0,1,0,0,1,0
416,1,1,1,0,1,0,0,1,1,1,0,1,0,1,0,1,0,1,1,1,1,1,0,1,0
417,0,1,0,1,0,1,0,1,0,1,0,1,1,1,0,0,1,1,1,1,1,1,1,0,0
418,0,1,0,1,1,0,0,1,1,0,1,1,0,1,0,0,1,0,1,1,1,0,0,1,0
419,1,1,1,0,1,0,1,1,1,1,0,1,0,1,0,0,1,0,1,1,1,1,0,1,0
420,0,1,1,0,1,0,1,0,0,1,0,1,1,1,0,0,1,0,0,1,1,1,0,1,0
421,1,0,1,0,1,1,1,0,0,0,1,1,0,0,0,0,1,1,0,1,1,0,0,1,0
422,1,0,1,0,1,1,0,1,0,0,1,1,1,1,0,1,0,0,0,1,1,1,0,1,0
423,1,0,1,0,1,1,0,1,1,1,0,1,0,1,0,1,1,0,1,1,1,1,0,1,0
424,1,1,1,0,1,0,1,0,0,1,0,1,0,1,0,1,1,0,0,1,1,0,0,1,0
425,1,1,1,0,1,0,0,1,1,0,1,1,1,1,0,0,1,1,1,1,1,0,1,0,0
426,1,1,1,0,1,0,0,1,1,0,1,1,0,0,0,1,0,0,0,1,1,1,0,1,0
427,1,0,1,0,1,1,1,0,0,1,0,1,0,1,0,0,1,1,0,0,1,0,0,1,0
428,1,0,1,0,1,0,0,1,1,0,1,1,0,1,0,0,1,0,0,1,1,0,1,0,0
429,0,1,1,0,1,0,1,0,0,1,0,1,0,0,0,0,1,1,1,1,1,0,0,1,0
430,0,0,0,0,1,1,0,1,0,1,1,1,0,1,0,0,1,1,0,1,1,1,0,1,0
431,0,1,1,0,1,1,0,1,0,1,0,1,1,1,0,1,0,0,0,1,1,0,0,1,0
432,1,0,0,1,1,1,0,1,0,0,1,1,0,0,1,0,1,0,1,1,1,1,0,1,0
433,1,1,1,0,0,1,0,1,0,1,0,1,1,1,0,1,0,0,0,0,1,0,0,1,0
434,1,1,1,0,1,1,0,1,1,0,1,0,0,0,0,1,0,0,1,1,1,1,0,1,0
435,1,0,0,0,1,0,1,0,0,1,0,1,1,1,0,0,1,1,1,1,1,1,0,1,0
436,0,1,1,0,1,1,0,1,0,1,0,1,1,1,0,0,1,1,0,1,1,0,0,1,0
437,1,0,0,0,1,1,0,1,1,1,0,1,1,1,0,0,1,1,0,1,1,1,0,1,0
438,1,1,1,0,1,0,0,1,1,0,1,0,1,1,0,1,0,0,0,0,1,1,0,1,0
439,0,1,1,0,1,1,0,1,1,1,0,1,0,1,0,1,1,1,1,1,1,0,0,1,0
440,0,1,1,0,1,1,0,1,1,1,1,1,1,1,0,1,0,0,0,1,1,0,0,1,0
441,1,0,0,0,1,1,0,0,1,1,1,1,0,0,0,1,0,0,1,0,1,0,0,1,0
442,0,1,1,0,1,1,0,1,1,1,1,0,1,1,0,1,0,0,0,1,1,1,0,1,0
443,1,1,1,0,1,0,0,1,1,0,1,1,1,1,0,1,0,0,0,1,1,1,0,1,0
444,1,0,0,1,1,1,0,1,1,1,0,1,0,1,0,0,1,1,0,1,1,0,0,1,0
445,0,1,1,0,1,1,0,0,0,1,0,1,0,1,0,1,1,0,0,1,1,1,0,1,0
446,1,0,0,1,1,0,0,1,1,0,1,1,1,1,0,0,1,0,0,1,1,1,0,1,0
447,1,0,0,1,1,0,1,0,0,1,1,1,0,1,0,1,1,0,0,0,1,1,0,1,0
448,1,0,0,0,1,1,0,1,0,1,0,1,0,0,0,0,1,1,0,1,1,0,0,1,0
449,1,1,1,0,1,1,0,1,1,1,1,1,0,1,0,0,1,1,1,1,1,1,0,1,0
450,1,1,1,0,1,0,1,0,0,1,0,1,0,0,0,0,1,1,0,1,1,0,0,1,0
451,1,1,1,0,1,1,0,1,1,0,1,1,0,1,0,1,1,1,1,1,1,1,0,1,0
452,0,1,1,0,1,1,1,0,0,1,0,1,1,1,0,1,1,0,0,1,1,1,0,1,0
453,0,1,1,0,1,1,0,1,1,1,0,1,0,0,0,0,1,1,0,0,1,0,1,0,0
454,1,1,0,1,1,0,0,1,0,1,0,1,0,1,0,0,1,1,0,1,1,0,0,1,0
455,1,0,0,0,1,1,0,0,1,0,1,1,0,1,0,1,0,0,1,1,1,0,0,1,0
456,1,1,1,0,1,1,0,1,1,1,1,1,0,1,0,1,0,0,0,1,1,1,0,1,0
457,0,1,1,0,1,0,0,1,0,1,0,1,0,0,0,0,1,1,1,1,1,0,0,1,0
458,0,1,1,0,1,1,0,1,0,1,1,1,0,1,0,0,1,1,1,1,1,1,0,1,0
459,1,1,1,0,1,1,0,1,0,1,1,1,0,0,0,0,1,0,1,1,1,0,0,1,0
460,1,1,1,0,1,0,1,0,0,1,1,1,1,1,0,1,1,0,1,1,1,0,0,1,0
461,1,0,0,1,1,1,0,1,0,1,1,1,1,1,0,1,0,0,0,1,1,0,0,1,0
462,1,0,0,1,1,1,0,1,1,1,1,1,1,1,0,0,1,0,1,1,1,1,0,1,0
463,1,1,1,0,1,1,0,1,1,1,0,1,0,1,0,1,0,0,0,1,1,0,1,0,0
464,0,1,1,0,1,1,0,1,0,1,0,1,0,1,0,1,1,0,0,0,1,1,0,1,0
465,0,1,1,0,1,1,0,1,0,1,1,1,1,1,0,1,0,0,1,1,1,0,0,1,0
466,1,0,1,0,1,1,0,1,1,1,0,1,0,1,0,1,1,1,0,1,1,1,0,1,0
467,0,1,1,0,1,1,0,1,0,1,1,1,0,1,0,1,0,0,0,1,1,0,0,1,0
468,0,1,1,0,1,1,0,1,1,1,1,1,0,1,0,0,1,1,1,1,1,1,0,1,0
469,0,1,1,0,1,1,0,1,0,1,1,1,0,1,0,0,1,0,0,0,1,0,0,1,0
470,1,1,0,1,0,1,1,0,0,1,0,1,0,1,0,0,1,1,1,1,1,1,0,1,0
471,1,0,0,1,1,1,0,1,1,1,0,1,0,1,0,1,0,0,1,1,1,1,0,1,0
472,1,0,1,0,1,0,1,0,0,0,1,1,1,1,0,1,1,1,1,1,1,1,0,1,0
473,1,1,1,0,1,0,0,1,1,0,1,1,0,0,0,0,1,0,1,0,1,1,0,1,0
474,1,0,1,0,1,1,0,1,0,1,0,1,0,1,0,0,1,0,0,1,1,0,0,1,0
475,1,1,1,0,1,1,1,0,0,1,0,1,0,0,0,0,1,1,0,0,1,1,0,1,0
476,1,0,0,1,0,1,0,1,1,1,0,1,1,1,0,1,1,0,0,1,1,1,0,1,0
477,1,1,0,1,1,0,0,1,1,0,0,1,0,0,0,0,1,0,0,1,1,1,0,1,0
478,1,0,0,0,1,1,0,1,1,0,1,1,1,1,0,0,1,0,0,1,1,1,0,1,0
479,1,0,0,1,1,0,0,1,0,1,0,1,0,1,0,1,0,0,1,1,1,0,1,0,0
480,0,1,1,0,1,0,0,1,0,1,0,1,0,1,0,1,1,1,1,1,1,1,0,1,0
481,0,1,0,1,1,0,0,1,0,1,0,1,0,0,1,0,1,0,1,1,1,1,0,1,0
482,1,1,1,0,1,0,1,0,1,1,0,1,0,1,0,1,0,0,0,1,1,1,0,1,0
483,1,0,1,0,1,1,0,1,1,0,1,1,0,0,0,0,1,1,1,1,1,0,1,1,0
484,1,1,1,0,1,1,0,1,0,1,0,1,1,1,0,1,0,0,0,1,1,1,0,1,0
485,1,0,0,1,1,1,1,0,0,1,1,0,1,1,0,0,1,1,0,0,1,1,0,1,0
486,1,0,0,1,1,1,0,1,0,1,1,1,1,1,0,0,1,1,0,0,1,0,0,1,0
487,1,0,0,0,1,1,0,1,1,1,0,1,1,1,0,1,0,0,0,0,1,1,0,1,0
488,0,1,0,1,1,1,0,1,1,1,0,1,0,1,0,1,1,1,1,1,1,0,0,1,0
489,0,1,1,0,1,0,1,0,0,1,0,1,1,1,0,1,0,0,0,1,1,1,0,1,0
490,1,0,1,0,1,0,1,0,0,1,0,1,0,1,0,0,1,1,0,1,1,0,0,1,0
491,0,1,0,0,1,0,0,1,1,1,0,1,0,1,0,0,1,0,0,1,1,1,0,1,0
492,1,0,1,0,1,1,0,1,1,1,0,1,0,1,0,1,0,0,1,1,1,1,0,1,0
493,1,0,0,1,1,1,0,1,0,1,0,1,0,0,1,0,1,0,1,0,1,1,0,1,0
494,0,1,1,0,1,1,0,1,1,0,1,1,1,1,0,1,1,1,0,0,1,1,0,1,0
495,1,0,1,0,1,1,1,0,0,1,1,1,1,1,0,1,1,1,1,1,1,1,0,1,0
496,0,1,0,1,1,1,0,1,0,1,0,1,0,0,0,1,0,1,0,1,1,1,1,0,0
497,0,1,0,1,0,1,0,1,0,0,1,1,0,1,0,0,1,0,1,1,1,0,0,1,0
498,0,1,1,0,1,1,0,1,1,1,0,1,0,1,0,0,1,1,0,1,1,1,1,0,0
499,1,1,1,0,1,0,1,0,0,1,0,1,1,1,0,0,1,1,1,1,1,1,0,1,0
500,1,0,0,0,1,1,0,1,1,1,1,1,0,1,0,1,0,0,1,1,1,1,0,1,0
501,1,0,1,0,1,1,0,1,1,0,1,1,0,1,0,0,1,1,0,0,1,1,0,1,0
502,0,1,1,0,1,1,0,1,1,1,1,0,1,1,0,1,1,0,0,1,1,1,0,1,0
503,0,1,1,0,1,0,1,0,0,1,0,1,0,0,1,0,1,0,1,1,1,1,0,1,0
504,0,1,0,1,1,1,0,1,0,1,0,1,0,0,0,1,0,0,0,0,1,1,0,1,0
505,1,1,1,0,1,1,0,1,1,1,1,1,1,1,0,1,0,0,0,1,1,1,0,1,0
506,1,1,0,1,1,0,0,1,0,1,1,1,1,1,0,0,1,1,0,1,1,1,0,1,0
507,0,1,1,1,1,1,0,1,0,1,0,1,1,1,0,1,0,0,0,1,1,0,0,1,0
508,1,0,1,0,1,1,0,1,0,1,0,1,0,1,0,0,1,0,0,1,1,1,0,1,0
509,1,0,1,0,1,1,1,0,0,1,0,1,0,1,0,1,0,0,0,1,1,1,1,0,0
510,0,1,1,0,1,1,0,1,0,1,1,1,0,1,0,1,0,0,1,0,1,1,0,1,0
511,1,1,1,0,1,1,0,1,0,0,1,1,0,0,0,0,1,1,1,0,1,0,0,1,0
512,1,0,0,1,1,1,0,1,0,1,0,1,0,1,0,1,0,0,0,1,1,1,1,0,0
513,0,1,0,1,1,0,0,1,0,0,1,1,1,0,0,1,1,0,1,1,1,1,0,1,0
514,0,1,1,0,0,1,1,0,0,1,0,1,0,1,0,0,1,1,1,1,1,1,0,1,0
515,1,0,0,1,1,0,1,0,0,0,1,1,0,0,1,0,1,1,0,1,1,1,0,1,0
516,1,0,0,1,1,1,0,1,0,1,0,1,1,1,0,0,1,1,1,0,1,0,1,0,0
517,0,1,0,1,1,0,0,1,1,0,0,1,0,0,0,1,0,0,0,0,1,1,0,1,0
518,1,0,1,0,1,0,0,1,1,0,1,1,1,1,0,0,1,1,0,1,1,0,0,1,0
519,1,1,1,0,1,0,1,1,0,1,0,1,1,1,0,1,0,0,1,1,1,1,0,1,0
520,0,1,1,0,1,0,1,0,0,0,1,1,1,1,0,0,1,0,0,1,1,0,1,0,0
521,1,0,1,0,1,1,0,1,0,1,0,1,1,1,0,1,0,1,1,1,1,0,1,0,0
522,1,1,0,1,1,1,0,1,1,0,1,1,0,1,0,1,1,0,0,1,1,0,0,1,0
523,1,0,1,0,1,1,0,1,1,1,0,1,1,1,0,1,0,0,1,1,1,0,1,0,0
524,1,0,0,0,1,0,1,0,0,1,0,1,0,1,0,1,0,0,0,1,1,0,0,1,0
525,0,1,1,0,1,1,0,1,1,0,1,1,1,1,0,1,1,0,0,1,1,1,0,1,0
526,0,1,1,0,1,1,0,1,1,1,0,1,1,1,0,0,1,1,0,1,1,0,0,1,0
527,1,0,0,1,1,0,1,0,0,1,1,1,0,0,0,0,1,1,0,1,1,1,0,1,0
528,1,0,1,0,1,0,0,1,1,1,1,1,0,0,0,0,1,0,1,0,1,1,0,1,0
529,1,0,1,0,1,0,0,1,1,0,1,1,1,1,0,0,1,0,0,1,1,0,0,1,0
530,1,1,0,1,1,0,0,1,1,1,1,1,1,1,0,0,1,0,0,1,1,1,0,1,0
531,0,1,1,0,1,1,0,1,0,1,0,1,1,1,0,1,0,0,0,1,1,1,0,1,0
532,1,0,1,0,1,1,0,1,1,0,1,1,1,1,0,0,1,0,0,1,1,0,0,1,0
533,0,1,0,1,1,0,0,1,1,0,0,1,0,1,0,1,0,0,0,1,1,1,0,1,0
534,1,1,1,0,1,1,0,1,0,1,0,1,0,0,0,0,0,0,0,1,1,1,0,1,0
535,1,0,0,0,1,1,1,0,0,1,0,1,0,0,0,1,0,0,1,1,1,0,1,0,0
536,1,1,1,0,1,1,0,1,1,1,1,1,1,1,0,1,0,0,1,1,1,1,0,1,0
537,1,1,1,0,0,1,0,1,0,1,0,1,1,0,0,1,1,1,0,1,1,1,0,1,0
538,1,1,0,1,1,1,0,1,1,1,0,1,0,0,0,0,1,0,0,1,1,0,0,1,0
539,0,1,0,1,1,0,0,0,0,1,1,1,1,1,0,0,1,1,0,1,1,1,0,1,0
540,0,1,0,1,1,0,0,1,1,0,1,1,0,1,0,0,1,1,0,1,1,0,1,0,1
541,0,1,1,0,1,1,1,0,0,1,0,1,0,1,0,0,1,1,1,1,1,1,0,1,0
542,1,1,1,0,1,0,0,1,0,1,1,1,0,1,0,0,1,0,0,1,1,0,0,1,0
543,0,1,1,0,1,1,0,1,0,0,1,1,1,1,0,0,1,1,1,1,1,0,0,1,0
544,1,0,0,1,1,0,0,1,1,1,1,1,1,1,0,0,1,1,1,1,1,1,1,1,0
545,1,1,1,0,1,0,0,1,0,1,0,1,1,1,0,0,1,1,0,1,1,1,0,1,0
546,1,0,1,0,1,1,1,0,0,1,0,1,0,1,0,0,1,1,1,1,1,1,0,1,0
547,1,1,1,0,1,1,0,1,0,1,0,1,0,1,0,0,1,0,1,1,1,1,0,1,0
548,1,0,0,0,1,0,1,0,0,1,0,1,0,1,0,0,1,1,1,1,1,0,0,1,0
549,1,1,1,0,1,0,0,1,1,0,1,1,0,1,0,0,1,1,0,1,1,0,0,1,0
550,0,1,1,0,1,0,0,1,0,1,1,1,0,0,0,0,1,1,1,1,1,0,0,1,0
551,1,1,0,1,1,0,0,1,1,1,0,1,0,0,0,0,1,0,0,1,1,1,0,1,0
552,1,1,1,0,1,0,1,0,0,1,1,1,0,0,0,0,1,0,0,1,1,1,0,1,0
553,1,0,0,1,1,0,0,1,1,0,1,1,1,1,0,0,1,1,1,1,1,0,0,1,0
554,0,1,1,0,1,1,0,1,0,1,0,1,1,1,0,1,0,0,0,1,1,1,0,1,0
555,1,0,1,0,1,0,0,1,0,1,0,1,0,0,0,0,1,0,0,1,1,0,0,1,0
556,0,1,1,0,1,1,0,1,0,1,0,1,1,1,0,0,1,0,0,1,1,1,0,1,0
557,1,0,0,0,1,0,0,1,0,1,0,1,0,1,0,0,1,0,0,1,1,0,1,0,0
558,1,0,1,0,1,1,0,1,1,0,1,1,1,1,0,1,0,0,1,1,1,1,0,1,0
559,1,0,0,1,1,0,1,0,0,1,1,1,0,0,1,0,1,0,0,1,1,1,0,1,0
560,1,0,0,1,0,1,0,1,1,0,1,1,0,1,0,0,1,1,1,1,1,1,0,1,0
561,0,0,0,1,1,0,1,0,0,1,0,1,1,1,0,1,0,0,1,0,1,1,0,1,0
562,1,1,1,0,1,0,1,0,0,1,0,1,1,1,0,1,1,1,1,1,1,1,0,1,0
563,1,1,0,1,1,0,0,1,0,1,0,1,0,0,0,1,0,0,1,0,1,0,0,1,0
564,1,0,1,0,1,1,0,1,0,1,0,1,0,0,0,1,0,1,1,1,1,1,0,1,0
565,1,0,0,1,1,0,1,0,0,1,0,1,1,1,0,0,1,1,1,1,1,1,0,1,0
566,1,1,0,1,1,0,1,0,0,1,1,1,0,1,0,0,1,1,0,1,1,0,0,1,0
567,1,0,1,0,1,0,1,0,0,1,0,1,0,0,0,0,1,1,1,0,1,0,0,1,0
568,1,0,0,0,1,1,0,0,0,1,0,0,0,0,0,1,0,0,0,1,1,1,0,1,0
569,0,1,1,0,1,0,0,0,0,0,1,1,1,1,0,1,0,1,1,1,1,1,0,1,0
570,1,1,1,0,1,1,0,1,1,1,0,1,1,1,0,0,1,0,0,0,1,1,0,1,0
571,0,1,1,0,1,0,1,0,0,1,0,1,1,1,0,0,1,0,0,0,1,1,1,0,0
572,0,1,1,0,1,0,1,0,0,1,0,1,0,1,0,0,1,1,0,1,1,1,0,1,1
573,1,0,0,1,1,0,0,1,0,1,0,1,1,1,0,0,1,1,0,1,1,1,0,1,0
574,0,1,1,0,1,1,0,1,1,1,1,1,0,1,0,0,1,1,1,1,1,0,0,1,0
575,1,0,0,0,1,1,0,1,1,0,0,0,1,1,0,0,1,0,1,1,1,1,0,1,0
576,0,1,1,0,1,1,0,1,0,1,1,1,0,0,0,0,1,1,1,1,1,1,0,1,0
577,1,0,0,1,1,0,0,1,0,1,0,1,1,1,0,0,1,0,0,0,1,0,0,1,0
578,1,0,0,1,1,1,1,0,0,1,0,1,0,0,0,0,1,1,0,1,1,1,0,1,0
579,1,0,1,0,1,0,1,0,0,1,1,1,0,0,0,0,1,0,0,0,1,0,1,0,0
580,0,1,1,0,1,0,0,1,1,0,1,1,0,0,0,1,0,0,0,1,1,1,0,1,0
581,0,1,1,0,1,1,0,1,1,1,1,1,0,0,1,0,1,1,1,1,1,1,0,1,0
582,1,0,0,1,1,0,0,1,1,0,0,1,1,1,0,0,1,1,0,1,1,1,0,1,0
583,1,0,0,1,1,0,0,1,1,1,1,1,1,1,0,1,1,0,0,1,1,1,0,1,0
584,1,0,0,1,1,0,0,1,1,0,1,1,1,1,0,1,1,0,0,1,1,1,0,1,0
585,0,1,1,0,1,0,1,0,1,1,1,1,0,1,0,1,1,0,0,1,1,1,0,1,0
586,0,1,1,0,1,1,0,1,1,0,1,1,0,0,0,0,1,1,1,1,1,0,0,1,0
587,0,0,1,0,0,1,0,1,0,1,0,1,1,1,0,0,1,1,1,1,1,1,0,1,0
588,1,1,0,1,1,1,0,1,0,1,1,1,0,1,0,0,1,0,0,1,1,1,0,1,0
589,1,1,0,1,0,1,0,1,0,1,1,1,0,0,0,0,1,1,0,1,1,1,0,1,0
590,1,0,1,0,1,1,0,1,0,0,1,1,0,0,0,0,1,0,0,1,1,1,0,1,0
591,1,0,1,0,1,0,1,0,0,1,0,1,0,1,0,0,1,0,1,1,1,1,0,1,0
592,1,1,1,0,1,1,1,0,0,1,1,1,0,0,0,1,0,0,0,1,1,0,0,1,0
593,0,1,0,0,1,0,0,1,1,1,0,1,0,0,0,1,0,0,0,0,1,1,0,1,0
594,1,0,1,0,1,1,0,1,0,1,1,1,1,1,0,0,1,1,0,1,1,0,0,1,0
595,1,0,0,0,1,0,0,1,1,1,0,1,0,1,0,0,1,1,1,1,1,1,1,0,0
596,1,1,1,0,1,1,1,0,0,0,1,1,0,0,1,0,1,0,0,1,1,1,0,1,0
597,1,0,0,1,0,1,0,1,1,1,0,1,1,1,0,1,0,0,1,1,1,1,0,1,0
598,1,1,1,0,1,1,0,1,0,1,0,1,0,1,0,1,0,0,0,1,1,0,0,1,0
599,0,0,0,1,1,1,0,1,0,1,0,1,0,1,0,0,1,0,0,1,1,0,1,0,0
600,1,0,0,1,1,1,1,0,1,1,0,1,0,0,0,0,1,1,0,1,1,0,0,1,0
601,1,1,0,1,1,0,0,1,1,1,0,1,0,1,0,0,1,0,0,0,1,0,0,1,0
602,0,1,1,0,1,1,0,1,0,1,0,1,0,0,0,0,1,0,0,1,1,1,0,1,0
603,1,0,0,0,1,1,0,1,1,1,1,1,1,1,0,0,1,0,1,0,1,0,0,1,0
604,0,1,0,1,1,0,1,0,0,1,1,1,0,1,0,0,1,1,0,0,1,1,0,1,0
605,1,1,1,0,1,0,1,0,0,0,1,1,0,1,0,1,0,0,1,1,1,1,0,1,0
606,0,1,0,1,1,0,1,0,0,0,1,1,0,1,0,1,0,0,1,1,1,0,0,1,0
607,0,1,1,0,1,0,0,1,0,1,0,1,0,1,0,1,1,0,0,1,1,1,0,1,0
608,1,0,0,0,1,1,0,1,0,1,1,1,0,1,0,0,1,1,1,1,1,1,0,1,0
609,1,0,1,0,1,1,1,0,0,1,0,1,0,1,0,1,1,1,0,1,1,1,0,1,0
610,1,0,0,1,0,1,0,1,1,0,0,1,1,1,0,0,1,1,1,1,1,1,0,1,0
611,1,1,1,0,0,1,0,1,0,0,1,1,1,1,0,0,1,0,1,0,1,1,0,1,0
612,1,1,0,1,1,1,0,1,1,1,1,1,0,1,0,0,1,0,1,1,1,1,0,1,0
613,1,0,1,0,1,1,0,1,1,1,0,1,0,1,0,0,1,1,0,1,1,0,0,1,0
614,0,1,0,1,0,1,0,1,0,0,1,1,0,0,0,0,1,0,1,1,1,0,1,0,0
615,1,0,0,0,1,0,1,0,0,1,0,1,1,1,0,1,0,0,0,1,1,0,0,1,0
616,0,1,1,0,1,1,0,1,1,1,1,1,1,1,0,0,1,1,1,1,1,1,0,1,1
617,0,1,1,0,1,1,0,1,1,0,1,0,0,0,0,0,1,0,0,1,1,0,1,0,0
618,1,0,0,0,1,1,0,1,1,1,0,1,0,0,0,0,1,1,0,1,1,0,1,0,0
619,1,0,0,0,1,0,1,0,0,0,1,1,1,1,0,0,1,1,1,0,1,1,0,1,0
620,1,1,1,0,1,0,0,1,0,1,0,1,0,1,0,0,1,1,1,1,1,0,1,1,0
621,0,1,0,1,1,1,0,1,1,1,0,1,0,1,0,1,0,1,0,1,1,0,0,1,0
622,0,1,1,0,1,1,0,1,0,1,1,1,0,1,0,1,0,0,0,1,1,1,0,1,0
623,1,1,1,0,1,1,0,1,0,0,0,1,1,1,0,1,1,0,0,0,1,1,1,0,0
624,1,0,1,0,1,1,1,0,1,1,0,1,0,1,0,0,1,0,0,1,1,1,0,1,0
625,0,1,1,0,1,1,0,1,0,0,0,1,1,1,0,1,0,0,1,1,1,0,1,0,0
626,1,0,0,1,1,1,0,1,1,0,1,1,1,1,0,0,1,1,0,1,1,1,0,1,0
627,0,0,1,0,1,0,0,1,1,0,1,1,0,0,0,1,1,1,1,1,1,0,1,0,0
628,1,1,0,0,1,0,1,0,0,1,0,1,1,1,0,1,0,0,1,1,1,0,0,1,0
629,0,1,1,0,1,0,0,1,0,1,0,1,0,1,0,1,0,0,1,1,1,0,0,1,0
630,1,0,0,0,1,0,0,1,0,1,0,1,1,1,0,0,1,0,1,1,1,0,0,1,0
631,1,1,1,0,1,0,1,1,0,0,1,1,1,1,0,0,1,0,1,1,1,1,0,1,0
632,0,1,1,0,1,0,0,1,1,1,0,1,0,0,1,1,0,0,1,1,1,1,0,1,0
633,0,1,1,0,1,1,0,1,1,1,0,1,0,1,0,1,1,1,1,1,1,0,0,1,0
634,0,1,1,0,1,1,0,1,1,0,1,1,1,1,0,0,1,1,1,1,1,1,0,1,0
635,1,1,1,0,1,0,1,0,1,0,1,1,1,1,0,1,1,1,1,1,1,0,1,0,0
636,1,0,0,0,1,0,1,0,0,1,0,1,1,1,0,0,1,0,1,1,1,1,0,1,0
637,1,0,1,0,1,1,0,1,1,0,1,0,1,1,0,0,1,1,1,1,1,1,0,1,0
638,1,0,1,0,1,1,0,1,0,1,0,1,1,1,0,0,1,1,0,1,1,1,0,1,0
639,0,1,1,0,1,1,0,1,0,1,0,1,1,0,0,0,1,1,0,1,1,1,0,1,0
640,1,1,1,0,1,1,0,1,1,1,0,1,0,0,0,0,1,0,0,1,1,0,1,0,0
641,0,1,0,0,1,1,0,1,0,1,0,1,1,1,0,1,0,0,0,1,1,0,1,1,0
642,1,0,0,1,1,0,0,1,0,1,1,1,1,1,0,1,1,1,1,1,1,1,0,1,0
643,1,1,1,0,1,1,0,1,1,1,0,1,0,0,0,1,1,0,0,1,1,0,0,1,0
644,1,0,1,0,1,0,1,0,0,1,1,1,1,1,0,1,1,1,1,1,1,1,0,1,0
645,0,1,1,0,1,1,0,1,1,1,1,1,1,1,0,0,1,0,0,1,1,0,1,0,0
646,1,0,1,0,1,1,0,1,1,1,0,1,0,0,1,0,1,1,1,1,1,0,0,1,0
647,1,0,0,1,1,1,0,1,1,0,0,1,1,1,0,1,0,0,1,1,1,1,0,1,0
648,0,0,0,1,1,1,0,1,1,0,1,1,0,1,0,1,0,0,1,1,1,1,0,1,0
649,0,1,1,0,1,1,0,1,1,1,0,1,0,0,0,0,1,1,0,1,1,0,0,1,0
650,1,0,1,0,1,1,0,1,1,0,1,1,0,1,0,1,0,0,0,0,1,1,0,1,1
651,1,0,0,1,1,1,1,0,1,1,0,1,0,0,0,0,1,1,0,1,1,1,0,1,0
652,0,1,1,0,1,0,1,0,0,1,0,1,0,0,0,0,1,0,0,1,1,0,1,0,0
653,1,0,0,1,1,1,0,1,1,1,1,1,0,0,1,0,1,1,1,1,1,1,0,1,0
654,0,1,1,0,1,1,0,1,0,1,0,1,0,0,0,0,1,1,1,1,1,1,1,0,0
655,1,1,1,0,1,1,0,0,1,1,0,1,1,1,0,1,0,0,0,1,1,1,1,0,0
656,1,1,1,0,1,0,0,1,0,1,0,1,0,1,0,1,0,0,0,1,1,1,0,1,0
657,0,1,1,0,0,1,0,1,0,1,1,1,0,0,0,0,1,1,1,1,1,1,0,1,0
658,1,0,0,1,1,1,0,1,1,0,1,1,0,1,0,0,1,0,0,1,1,1,0,1,0
659,0,1,0,1,1,0,1,0,0,1,0,1,0,1,0,0,1,1,1,1,1,1,0,1,0
660,1,1,1,0,1,1,0,1,1,1,1,1,1,1,0,0,0,0,0,1,1,1,0,1,0
661,1,0,1,0,1,1,0,1,1,0,1,1,1,1,0,1,1,0,0,1,1,1,0,1,0
662,1,0,0,1,1,1,0,1,0,1,0,1,0,1,0,0,1,0,0,0,1,1,0,1,0
663,1,0,0,1,1,1,1,0,0,1,0,1,0,1,0,1,0,0,0,1,1,1,0,1,0
664,1,0,0,0,1,1,1,0,1,0,1,1,1,1,0,0,1,1,1,1,1,0,1,0,0
665,0,1,1,0,1,0,0,1,0,1,0,1,0,1,0,1,0,0,0,1,1,1,0,1,0
666,1,0,0,1,1,0,0,1,0,1,0,1,0,0,1,1,0,0,1,0,1,0,0,1,0
667,1,0,1,0,1,0,0,1,1,1,0,1,0,1,0,0,1,1,1,1,1,0,1,0,0
668,0,1,1,0,1,0,0,1,0,1,0,1,1,1,0,1,0,0,0,0,1,1,0,1,0
669,0,1,1,0,1,0,1,0,0,0,1,1,1,1,0,1,0,0,0,1,1,1,0,1,0
670,1,1,0,1,0,1,0,1,1,1,1,1,1,1,0,1,1,1,1,1,1,1,1,0,0
671,1,0,0,0,1,0,0,1,0,1,0,1,0,1,0,0,1,1,0,0,1,0,1,0,0
672,1,1,1,0,1,1,0,1,1,0,1,1,1,1,0,1,0,0,0,0,1,1,0,1,0
673,1,0,0,1,1,1,0,0,0,1,0,1,1,1,0,0,1,0,1,1,1,0,0,1,0
674,0,1,0,1,0,1,0,1,0,1,1,1,0,1,0,0,1,1,1,0,1,1,0,1,0
675,1,1,1,0,1,0,1,0,0,1,0,1,0,0,0,1,0,0,0,1,1,0,0,1,0
676,0,1,1,0,1,0,0,1,1,1,0,1,1,1,0,0,1,0,1,1,1,1,0,1,0
677,1,0,1,0,1,0,0,1,0,1,1,1,1,1,0,1,0,0,0,0,1,1,1,0,0
678,0,1,0,1,1,1,1,0,1,1,0,1,1,0,1,0,1,1,1,1,1,1,0,1,0
679,1,0,0,1,1,1,0,1,0,1,0,1,1,1,0,0,1,1,1,1,1,1,0,1,0
680,1,0,0,0,1,0,1,0,0,1,0,1,1,1,0,0,1,1,0,1,1,1,0,1,0
681,1,1,1,0,1,0,1,0,0,1,0,1,0,1,0,0,1,0,0,1,1,0,0,1,0
682,1,1,1,0,1,0,0,1,0,1,1,0,1,1,0,0,1,0,1,1,1,0,0,1,0
683,0,1,1,0,1,0,1,1,0,1,0,1,0,1,0,1,0,0,0,0,1,1,0,1,0
684,0,1,1,0,1,1,0,1,1,0,1,1,1,1,0,1,1,0,0,0,1,0,1,0,0
685,0,1,1,0,1,1,1,0,0,0,0,1,1,1,0,0,1,0,0,1,1,1,0,1,0
686,0,1,1,0,1,1,0,1,0,1,0,1,0,0,0,0,1,1,1,1,1,1,0,1,0
687,0,1,1,0,1,1,1,0,0,1,0,1,1,1,0,1,1,1,1,1,1,0,0,1,0
688,0,1,1,0,1,1,0,1,0,1,0,1,1,1,0,1,0,0,1,1,1,1,0,1,0
689,0,1,1,0,1,1,0,1,1,0,1,1,0,1,0,0,1,1,1,1,1,0,1,0,0
690,1,0,1,0,1,1,0,1,1,1,1,1,0,1,0,1,1,1,0,0,1,1,0,1,1
691,0,1,1,0,1,0,1,0,0,1,1,1,0,1,0,1,0,0,0,1,1,0,0,1,0
692,0,1,1,0,1,0,0,1,1,1,0,1,1,1,0,0,1,1,1,1,1,0,0,1,0
693,0,1,0,1,1,0,0,1,0,1,0,1,0,1,0,0,1,1,1,1,1,1,1,0,0
694,1,0,0,0,1,0,0,1,0,1,1,1,1,1,0,0,1,0,0,0,1,1,1,0,0
695,1,1,1,0,1,1,0,1,0,1,0,1,0,1,0,0,1,1,0,1,1,0,0,1,0
696,0,0,1,0,1,1,0,1,1,1,0,1,0,1,0,0,1,1,1,1,1,0,0,1,0
697,1,0,1,0,1,0,1,0,0,1,1,1,1,1,0,1,0,0,1,1,1,0,0,1,0
698,1,0,0,1,1,1,0,1,0,1,0,1,0,1,0,0,1,0,1,1,1,1,0,1,0
699,0,1,1,0,1,1,0,1,1,1,0,1,1,1,0,1,0,0,0,1,1,1,0,1,0
700,1,0,0,1,0,1,0,1,1,0,1,1,0,1,0,1,0,0,1,1,1,0,0,1,0
701,0,1,0,1,1,0,0,1,1,0,1,1,0,1,0,0,1,1,0,1,1,1,0,1,0
702,0,1,1,0,1,1,1,0,0,0,1,1,0,0,0,0,1,0,1,1,1,0,0,1,0
703,0,1,1,0,1,1,1,0,0,1,1,1,0,1,0,1,0,0,0,0,1,0,1,0,0
704,1,0,0,1,1,0,1,0,0,1,0,1,0,1,0,1,0,0,1,1,1,1,0,1,0
705,0,1,0,0,1,1,0,1,1,1,0,1,0,1,0,0,1,1,1,1,1,0,0,1,0
706,0,1,1,0,1,1,1,0,0,1,1,1,1,1,0,0,1,0,0,0,1,1,1,0,0
707,1,1,1,0,1,0,0,1,0,1,0,1,1,1,0,0,1,0,1,1,1,1,0,1,0
708,0,1,0,1,1,0,1,0,1,0,1,1,1,1,0,0,1,0,0,1,1,0,1,1,0
709,1,0,0,1,1,1,1,0,0,1,1,1,0,1,0,1,1,0,0,0,1,1,1,0,0
710,0,0,0,1,1,1,0,1,1,1,0,1,0,1,0,0,1,1,1,1,1,0,0,1,0
711,0,1,1,0,1,1,0,1,0,1,0,1,0,1,0,0,1,0,0,0,1,1,0,1,0
712,0,1,1,0,1,1,0,1,1,1,1,1,1,1,0,0,1,0,1,1,1,0,1,0,0
713,1,1,1,0,1,1,0,1,1,0,0,1,0,1,0,1,0,0,0,1,1,0,0,1,0
714,1,0,0,0,1,1,0,1,0,1,0,1,1,1,0,1,0,0,0,1,1,0,0,1,0
715,0,1,1,0,1,1,0,1,1,1,0,1,0,1,0,0,1,0,0,1,1,0,0,1,0
716,1,0,0,1,1,1,0,1,0,0,1,1,1,1,0,0,1,0,0,1,1,0,1,0,0
717,0,1,1,0,1,1,0,1,0,1,0,1,1,1,0,1,0,0,1,1,1,1,0,1,0
718,0,1,1,0,1,1,0,1,1,0,1,1,1,1,0,0,1,0,0,0,1,0,0,1,0
719,1,1,1,0,1,0,1,0,0,1,0,1,1,1,0,1,0,0,0,1,1,0,0,1,0
720,1,1,1,0,1,0,0,1,1,1,1,1,0,1,0,1,0,0,0,1,1,1,0,1,0
721,1,0,0,1,1,1,0,0,0,1,0,1,1,1,0,0,1,0,0,1,1,0,0,1,0
722,1,1,1,1,1,1,1,0,0,1,0,1,0,1,0,0,1,1,1,1,1,0,1,0,0
723,0,1,1,0,1,1,0,1,1,1,0,1,0,0,0,0,1,0,1,1,1,0,1,0,0
724,0,1,1,0,1,1,0,1,1,0,1,0,0,1,0,1,1,0,1,1,1,0,1,1,0
725,1,1,1,0,1,1,0,1,0,1,0,1,1,1,0,1,0,0,0,1,1,1,0,1,0
726,1,0,1,0,1,0,0,1,1,0,1,1,0,0,0,1,0,0,0,0,1,1,0,1,0
727,1,0,0,0,1,1,0,1,0,1,0,1,0,1,0,0,1,1,0,1,1,1,0,1,0
728,1,1,1,0,1,0,1,0,0,1,0,1,0,1,0,0,1,1,1,1,1,1,0,1,0
729,1,0,1,0,1,0,1,0,0,1,0,1,1,1,0,0,1,0,0,1,1,0,0,1,0
730,0,1,1,0,1,0,0,1,1,1,0,1,0,1,0,1,0,0,1,1,1,0,0,1,0
731,0,1,1,0,1,0,1,1,0,1,0,1,1,1,0,1,0,0,0,1,1,0,1,0,0
732,0,1,0,1,1,1,0,1,1,1,0,1,0,1,0,0,1,1,1,1,1,1,0,1,0
733,1,0,0,1,1,1,0,1,1,1,1,1,0,1,0,0,1,0,0,1,1,1,0,1,0
734,1,1,1,0,1,1,0,1,1,0,1,1,0,1,0,0,1,0,1,1,1,0,1,0,0
735,0,1,1,0,1,1,0,1,1,0,1,1,0,1,0,0,1,0,0,1,1,0,0,1,0
736,0,1,1,0,1,1,0,1,0,1,0,1,1,0,0,0,1,1,1,1,1,0,0,1,0
737,0,1,1,0,1,1,1,0,0,1,1,1,0,1,0,1,0,0,0,1,1,0,0,1,0
738,1,1,1,0,1,1,0,1,1,0,0,1,0,1,0,0,1,0,1,1,1,1,0,1,0
739,0,1,0,0,1,1,0,1,0,1,0,1,0,0,0,1,0,0,0,1,1,0,1,0,0
740,1,0,0,1,1,0,0,1,1,1,0,1,1,1,0,1,0,0,1,1,1,1,0,1,0
741,1,1,1,0,1,0,1,0,1,1,0,1,0,0,0,1,0,0,0,0,1,1,0,1,0
742,0,1,1,0,1,0,0,1,1,1,0,1,0,1,0,1,0,0,0,1,1,1,0,1,0
743,0,1,0,0,1,1,0,1,0,1,1,1,1,1,0,1,1,0,0,1,1,1,0,1,0
744,1,0,1,0,1,1,0,1,1,1,0,1,0,1,0,1,0,0,1,1,1,1,0,1,0
745,1,1,1,0,1,1,0,0,0,1,0,1,0,0,0,0,1,0,0,1,1,1,0,1,0
746,1,1,1,0,1,1,0,1,0,1,0,1,0,1,0,0,1,1,1,1,1,0,0,1,0
747,1,0,1,0,1,1,0,1,1,1,0,1,1,1,0,1,1,1,1,1,1,0,0,1,0
748,1,0,0,1,1,1,0,1,0,1,0,1,1,1,0,0,1,0,0,1,1,1,0,1,0
749,0,1,1,0,1,1,0,1,1,0,0,1,0,1,0,1,0,0,0,1,1,1,0,1,0
750,0,1,0,1,1,0,0,1,1,1,0,1,0,0,0,0,1,1,1,1,1,1,0,1,0
751,0,1,1,0,1,1,1,0,0,1,0,1,0,0,0,1,0,0,0,1,1,1,0,1,0
752,0,1,1,0,1,1,0,1,1,0,0,1,1,1,0,1,0,0,0,1,1,0,0,1,0
753,1,1,1,0,1,1,0,1,1,1,0,1,0,0,0,0,1,1,1,0,1,0,0,1,0
754,0,1,1,0,1,1,0,1,0,1,0,1,0,1,0,0,1,0,0,1,1,1,0,1,0
755,0,1,1,0,1,1,0,1,1,0,1,1,1,1,0,1,0,0,0,1,1,0,0,1,0
756,0,1,1,0,1,1,1,0,0,0,1,1,0,0,0,1,0,0,0,1,1,0,0,1,0
757,1,1,1,0,1,1,1,0,0,1,1,1,0,0,0,0,1,1,1,1,1,1,0,1,0
758,1,1,1,0,1,0,0,1,1,1,0,1,1,1,0,0,1,0,0,0,1,0,1,0,1
759,0,1,1,0,1,1,0,1,1,1,0,1,1,1,0,1,0,0,0,1,1,1,1,0,0
760,1,0,0,1,1,0,1,0,0,1,0,1,1,1,0,0,1,0,1,1,1,1,0,1,0
761,1,0,1,0,1,1,0,1,0,1,0,1,0,0,0,0,1,1,0,1,1,0,0,1,0
762,1,0,1,0,1,1,0,1,1,1,0,1,0,0,0,0,1,1,1,1,1,0,0,1,0
763,0,1,1,0,1,1,0,1,0,1,0,0,0,0,1,1,1,0,1,1,1,1,0,1,0
764,0,1,1,0,1,1,0,1,0,0,1,1,0,0,0,0,1,0,1,1,1,0,0,1,0
765,0,1,1,0,1,0,0,1,1,1,0,1,1,1,0,1,0,0,0,0,1,1,0,1,0
766,1,0,1,0,1,1,0,1,1,1,0,1,0,1,0,0,1,0,0,1,1,0,0,1,0
767,1,1,1,0,1,0,0,1,1,0,1,1,0,0,0,0,1,0,1,1,1,1,0,1,0
768,0,1,1,0,1,1,0,1,0,1,0,1,0,1,0,1,0,0,0,1,1,0,0,1,0
769,1,1,1,0,1,0,0,1,0,1,1,1,0,1,0,0,1,0,1,0,1,1,0,1,0
770,0,1,1,0,1,0,1,0,0,1,0,1,0,1,0,0,1,0,0,1,1,1,0,1,0
771,1,0,1,0,1,1,1,0,0,1,0,1,0,0,0,0,1,0,0,1,1,1,0,1,0
772,1,0,1,0,1,0,0,1,1,1,1,1,1,1,0,0,1,0,0,1,1,0,0,1,0
773,1,0,0,1,1,0,0,1,1,1,1,0,1,1,0,1,0,1,0,0,1,1,0,1,0
774,0,1,0,1,1,1,0,1,0,0,0,1,0,1,0,0,1,1,1,1,1,1,0,1,0
775,1,0,1,0,1,1,0,0,0,1,0,1,0,0,0,0,1,1,1,0,1,0,0,1,0
776,0,1,1,0,1,1,0,1,0,1,0,1,0,0,0,1,0,0,0,1,1,0,0,1,0
777,1,0,0,1,0,1,0,0,0,1,1,1,0,1,0,1,0,0,1,1,1,1,1,0,0
778,1,0,1,0,1,1,0,1,0,0,1,1,0,0,0,0,1,1,1,1,1,1,0,1,0
779,0,1,1,0,1,1,0,1,1,1,1,1,1,1,0,1,0,1,1,1,1,0,0,1,0
780,0,1,1,0,1,1,0,1,1,1,0,1,0,0,0,1,0,0,1,1,1,0,0,1,0
781,1,0,0,1,0,1,0,1,1,0,1,0,0,1,0,0,1,0,0,1,1,1,1,0,1
782,1,0,0,1,1,1,0,0,1,0,1,1,1,1,0,0,1,0,0,0,1,1,0,1,0
783,0,0,1,0,1,0,1,0,0,1,0,1,0,0,0,0,1,1,1,0,1,0,0,1,0
784,1,1,0,1,0,1,0,1,1,0,1,1,0,1,0,0,1,0,1,1,1,1,0,1,0
785,1,0,0,1,1,1,0,1,1,0,1,1,0,1,0,1,0,0,1,1,1,1,0,1,0
786,0,1,0,1,1,0,1,0,1,0,1,1,1,1,0,0,1,1,1,1,1,1,0,1,0
787,1,0,0,1,1,0,0,1,1,1,0,1,0,1,0,1,1,1,1,1,1,1,1,0,0
788,1,0,0,1,1,1,1,0,0,1,0,1,1,1,0,1,1,0,1,1,1,0,0,1,0
789,0,1,0,1,1,1,0,1,0,1,0,1,1,1,0,0,1,1,1,1,1,0,1,0,0
790,0,1,1,1,1,0,0,1,1,0,1,1,0,0,0,0,1,0,0,1,1,1,0,1,0
791,0,1,1,0,1,0,0,1,0,1,0,1,0,0,0,0,1,1,0,0,1,0,0,1,0
792,0,1,1,0,1,1,0,1,0,1,0,1,0,1,0,1,0,0,1,1,1,1,1,0,0
793,0,1,1,0,1,0,0,1,1,1,1,1,1,1,0,1,1,0,0,1,1,1,0,1,0
794,0,1,1,0,1,1,0,1,0,1,0,1,1,1,0,0,1,0,0,0,1,0,0,1,0
795,1,0,0,1,1,0,1,0,0,1,0,1,0,0,0,0,1,1,0,1,1,1,0,1,0
796,0,1,1,1,1,0,0,1,1,0,1,1,0,1,0,1,1,1,1,1,1,0,0,1,0
797,0,1,0,0,1,1,0,1,1,0,1,1,1,1,0,1,0,0,1,1,1,0,0,1,0
798,1,0,0,0,1,1,0,1,0,1,1,1,0,0,0,0,1,1,1,0,1,1,0,1,0
799,1,0,1,0,1,1,0,1,0,1,0,1,0,1,0,0,1,1,0,1,1,0,0,1,0
800,1,1,1,0,1,1,0,1,1,1,0,1,1,1,0,0,1,0,0,1,1,1,0,1,0
801,1,1,1,0,1,1,0,1,1,1,0,1,1,1,0,0,1,1,1,0,1,0,0,1,0
802,1,0,0,1,1,0,1,0,0,1,1,1,0,0,0,0,1,1,1,1,1,0,0,1,0
803,1,0,1,0,1,0,0,1,1,0,1,0,0,1,0,0,1,1,1,1,1,0,0,1,0
804,1,0,0,1,1,0,0,1,0,1,0,1,0,0,0,0,1,1,1,1,1,1,1,0,0
805,0,1,1,0,1,0,1,1,1,0,1,0,1,1,0,1,0,0,0,1,1,1,0,1,0
806,1,1,0,1,1,0,0,1,1,1,1,1,0,0,0,0,1,1,1,1,1,1,0,1,0
807,1,0,1,0,1,1,1,0,1,1,0,1,0,1,0,1,1,0,0,1,1,1,0,1,0
808,0,1,0,1,0,1,0,1,0,1,0,1,0,1,0,1,0,0,1,1,1,0,0,1,0
809,0,1,1,0,0,1,0,1,0,1,1,1,1,1,0,1,0,0,0,1,1,1,0,1,0
810,0,1,0,1,1,1,0,1,0,1,0,1,0,1,0,1,0,0,1,1,1,0,0,1,0
811,1,0,0,1,1,0,1,0,0,0,1,1,0,1,0,1,0,1,1,0,1,1,0,1,0
812,1,1,1,0,1,0,0,1,0,1,0,1,0,0,0,0,1,1,1,1,1,1,0,1,0
813,0,1,1,0,1,0,1,0,0,0,1,1,0,1,0,1,1,1,0,1,1,1,0,1,0
814,1,0,1,0,1,0,0,1,0,1,0,1,0,0,0,1,0,1,1,1,1,1,0,1,0
815,0,1,1,0,1,1,0,1,0,1,1,1,1,1,0,0,1,0,1,1,1,1,0,1,0
816,0,1,1,0,1,1,0,1,1,1,1,1,1,1,0,0,1,1,0,1,1,0,1,0,0
817,0,1,1,0,1,0,0,1,1,0,1,1,0,1,0,0,1,1,0,1,1,0,1,0,0
818,0,1,1,0,1,1,1,0,0,1,0,1,1,1,0,1,0,0,0,1,1,0,0,1,0
819,1,1,0,1,0,1,0,1,1,1,0,1,0,0,0,1,1,0,0,1,1,1,0,1,0
820,1,0,0,1,1,0,1,0,0,1,0,1,0,1,0,0,1,0,1,1,1,1,0,1,0
821,0,1,0,1,0,1,0,1,0,1,0,1,0,1,0,0,1,1,0,0,1,0,1,0,0
822,1,1,1,0,1,0,1,0,0,1,0,1,0,1,0,0,1,1,0,1,1,0,0,1,0
823,1,0,0,1,1,0,1,0,0,1,1,1,1,1,0,1,0,0,1,1,1,1,1,0,0
824,1,0,1,0,1,0,1,1,0,1,0,1,0,0,1,0,1,0,0,1,1,1,1,0,0
825,0,1,1,0,1,0,0,1,0,1,0,1,1,1,0,0,1,1,1,1,1,1,0,1,0
826,0,1,1,0,1,1,0,1,0,0,1,1,1,1,0,1,1,1,1,1,1,0,0,1,0
827,1,0,0,1,0,1,0,1,1,0,1,1,1,1,0,0,1,1,0,1,1,0,0,1,0
828,1,1,0,1,1,1,0,1,0,0,1,1,1,1,0,0,1,1,0,1,1,0,0,1,0
829,0,1,1,0,1,1,0,1,0,1,0,1,1,1,0,0,1,0,1,1,1,1,0,1,0
830,0,1,1,1,1,1,0,1,1,0,1,1,0,1,0,0,1,1,0,1,1,1,0,1,0
831,0,1,1,0,1,1,0,1,1,1,0,1,0,0,0,1,0,0,0,1,1,1,0,1,0
832,1,0,0,0,1,1,0,1,1,0,0,1,1,0,0,0,1,1,0,1,1,1,0,1,0
833,0,1,0,1,0,1,0,1,1,0,0,1,0,0,1,0,1,1,1,1,1,0,0,1,0
834,1,0,0,0,1,1,0,1,0,1,0,1,1,1,0,1,0,0,1,1,1,1,0,1,0
835,1,0,1,0,1,0,1,0,0,1,0,1,0,1,0,1,0,0,0,1,1,0,1,0,1
836,1,0,1,0,1,0,1,0,0,1,0,1,0,1,0,0,1,1,0,1,1,1,1,0,0
837,1,0,0,0,1,0,1,1,0,1,0,1,1,1,0,0,1,0,0,1,1,1,0,1,0
838,0,1,1,0,1,1,1,1,1,1,1,1,0,1,0,0,1,0,0,0,1,1,0,1,0
839,1,0,0,1,1,1,0,1,0,1,1,1,0,1,0,1,0,0,1,0,1,1,0,1,0
840,1,0,0,1,1,1,0,1,1,1,1,1,0,0,0,1,0,0,0,1,1,1,0,1,0
841,0,1,1,0,1,0,0,1,1,1,1,1,1,1,0,1,0,0,1,1,1,1,0,1,0
842,1,1,0,0,1,0,0,1,1,0,1,1,1,1,0,1,0,0,0,1,1,1,0,1,0
843,1,1,0,1,0,1,0,1,0,1,0,1,1,1,0,0,1,1,1,1,1,0,0,1,0
844,1,0,0,1,1,0,1,0,0,1,0,1,1,1,0,0,1,1,1,1,1,0,0,1,0
845,1,0,1,0,1,1,0,1,0,1,0,1,0,1,0,1,1,1,1,1,1,0,1,0,0
846,1,0,0,1,1,1,0,1,0,1,0,1,1,1,0,1,0,0,0,0,1,0,0,1,0
847,1,1,1,0,1,0,0,0,0,1,0,1,0,0,0,1,0,0,0,1,1,1,0,1,0
848,0,1,1,0,1,0,0,1,0,1,1,1,0,1,0,0,1,0,1,1,1,1,0,1,0
849,1,1,1,0,1,0,0,1,1,0,1,1,1,1,0,0,1,0,0,1,1,0,0,1,0
850,0,1,1,0,1,0,1,0,0,1,1,1,0,0,1,1,0,0,1,0,1,0,0,1,0
851,1,1,1,0,1,0,0,1,1,1,0,1,1,1,0,1,0,0,1,1,1,0,0,1,0
852,1,0,0,1,1,1,0,1,1,0,1,1,1,1,0,1,1,0,1,1,1,1,0,1,0
853,1,0,0,1,1,0,1,0,0,1,0,1,1,1,0,0,1,1,0,0,1,1,0,1,0
854,0,1,1,0,1,0,1,0,0,1,0,1,0,1,0,0,1,1,0,0,1,1,0,1,0
855,1,0,0,0,1,0,1,0,0,0,1,1,1,1,0,1,1,0,0,1,1,1,0,1,0
856,1,0,1,0,1,1,0,1,0,1,1,1,0,1,0,1,0,0,1,1,1,0,0,1,0
857,1,1,1,0,1,1,1,0,0,1,0,1,1,1,0,1,0,0,0,0,1,1,1,0,0
858,1,0,1,0,1,1,0,1,1,1,1,1,1,1,0,1,0,0,0,1,1,1,0,1,0
859,1,0,0,1,1,0,0,0,0,1,0,1,0,1,0,0,1,1,1,0,1,0,1,0,0
860,0,1,1,0,1,1,0,1,0,1,0,1,0,0,0,0,1,1,1,0,1,1,0,1,0
861,1,1,1,0,1,1,1,0,0,1,1,1,0,1,0,1,0,0,0,0,1,1,0,1,0
862,1,0,0,1,1,1,1,0,0,1,0,1,0,1,0,0,1,1,0,0,1,0,0,1,0
863,0,1,0,1,1,1,0,1,1,0,1,1,0,0,0,1,0,0,0,1,1,1,0,1,0
864,1,0,0,0,1,0,1,0,0,1,0,1,0,0,0,0,1,1,1,1,1,0,1,0,0
865,0,1,1,0,1,1,0,0,0,0,1,1,1,1,0,0,1,0,0,1,1,1,1,0,0
866,1,1,0,0,1,1,0,1,0,0,1,1,1,1,0,1,0,0,1,1,1,0,0,1,0
867,1,0,1,0,1,1,0,1,0,1,0,1,1,1,0,0,1,1,1,1,1,0,0,1,0
868,0,1,1,0,1,1,0,1,0,1,0,1,1,1,0,1,0,0,0,1,1,1,0,1,0
869,0,0,0,1,1,0,0,1,0,1,0,1,0,1,0,0,1,1,1,1,1,0,0,1,0
870,0,1,1,0,1,0,1,0,0,1,1,1,0,0,0,0,1,1,1,1,1,1,0,1,0
871,1,0,0,1,0,1,0,1,0,1,1,1,0,0,0,0,1,1,1,1,1,1,0,1,0
872,1,0,0,1,1,1,0,1,0,1,0,1,1,1,0,0,1,0,0,1,1,0,1,0,0
873,1,0,0,1,1,1,0,1,1,1,1,1,0,0,1,0,1,1,1,1,1,0,0,1,0
874,0,1,1,0,1,1,0,1,1,1,0,1,0,1,0,1,1,0,0,1,1,0,1,0,0
875,0,1,0,1,1,0,0,1,1,1,0,1,0,1,0,0,1,1,0,1,1,0,0,1,0
876,1,0,1,0,1,0,0,1,0,1,1,1,0,0,0,0,1,1,0,1,1,1,0,1,0
877,0,1,1,0,1,1,0,1,1,1,0,1,0,1,0,0,1,1,1,1,1,0,0,1,0
878,1,1,1,0,1,1,0,1,1,1,0,1,0,1,0,0,1,1,1,1,1,0,1,0,0
879,1,0,1,0,1,0,1,1,0,1,1,1,0,0,0,1,0,0,0,1,1,1,1,1,0
880,1,0,1,0,1,1,0,1,0,0,1,1,1,1,0,1,1,0,1,0,1,0,0,1,0
881,0,1,1,0,1,0,1,0,0,1,1,1,0,1,0,1,1,0,1,1,1,1,0,1,0
882,1,1,1,0,1,0,1,0,0,0,0,1,0,1,0,0,1,1,0,1,1,1,0,1,0
883,1,1,1,0,1,1,0,1,0,1,0,1,0,1,0,1,0,0,1,1,1,0,0,1,0
884,0,1,0,0,1,0,0,1,0,1,1,1,0,0,1,0,1,0,0,1,1,0,0,1,0
885,1,1,1,0,1,0,1,0,0,1,1,1,0,1,0,0,1,1,0,1,1,1,0,1,0
886,1,0,0,1,1,0,1,0,0,1,1,1,1,1,0,1,0,0,0,1,1,1,0,1,0
887,1,0,1,0,1,1,0,1,0,1,0,1,0,0,0,0,1,1,1,1,1,0,0,1,0
888,1,1,1,0,1,0,0,1,1,1,1,1,0,1,0,1,0,0,1,1,1,1,0,1,0
889,0,1,1,0,1,1,0,1,1,1,0,1,0,0,0,0,1,0,0,1,1,1,0,1,0
890,0,1,1,0,0,1,0,1,0,1,0,1,1,1,0,1,0,0,1,1,1,1,0,1,0
891,1,0,0,1,1,0,1,0,0,1,1,1,1,1,0,0,1,0,0,1,1,1,0,1,0
892,1,0,0,1,1,1,1,0,0,1,1,1,0,1,0,0,1,1,1,1,1,1,0,1,0
893,0,1,1,0,1,1,0,1,0,1,0,1,1,1,0,1,0,0,1,1,1,0,1,0,1
894,1,0,0,1,1,1,0,1,0,1,1,0,1,1,0,0,1,0,0,1,1,1,0,1,0
895,0,1,1,0,1,0,1,0,0,1,0,1,1,1,0,0,1,0,0,1,1,1,0,1,0
896,0,1,0,1,1,1,0,1,0,1,0,1,0,1,0,0,1,0,1,1,1,0,0,1,0
897,0,1,1,0,1,0,0,1,1,0,1,1,1,1,0,0,1,1,0,0,1,1,0,1,0
898,0,1,1,0,1,1,0,1,1,0,1,1,1,1,0,0,1,0,1,0,1,0,0,1,0
899,1,0,0,1,0,1,0,1,0,0,1,1,0,0,0,1,1,1,0,1,1,0,0,1,0
900,1,0,0,0,1,1,0,1,0,0,1,1,0,0,0,1,1,0,1,1,1,1,0,1,0
901,1,1,1,0,1,0,0,1,0,1,1,1,1,1,0,0,1,0,1,1,1,1,0,1,0
902,1,0,0,1,1,0,0,1,0,1,1,1,0,0,0,0,1,1,0,0,1,1,0,1,0
903,0,1,1,0,1,1,0,1,0,1,1,1,1,1,0,1,0,0,0,1,1,0,0,1,0
904,1,1,1,0,1,0,0,1,1,1,0,1,1,1,0,0,1,1,0,1,1,1,0,1,0
905,0,1,1,0,1,1,0,1,0,1,0,1,0,1,0,0,1,1,0,1,1,1,0,1,0
906,1,1,1,0,1,1,1,0,0,1,1,1,1,1,0,0,1,1,1,1,1,1,0,1,0
907,0,1,1,0,1,1,0,1,0,1,0,1,1,1,0,0,1,1,0,1,1,1,0,1,0
908,0,1,1,1,1,0,0,1,1,1,1,1,1,1,0,1,0,0,0,1,1,1,0,1,0
909,0,1,1,0,1,0,0,1,1,1,0,1,0,0,0,0,1,1,0,1,1,0,0,1,0
910,1,0,0,1,1,0,1,0,0,1,0,1,1,1,0,1,1,1,0,1,1,1,0,1,0
911,1,1,0,0,1,1,0,1,1,0,1,1,0,1,0,1,0,0,1,1,1,1,0,1,0
912,1,0,0,0,1,1,0,1,0,1,0,1,1,1,0,0,1,1,1,1,1,1,0,1,0
913,1,0,0,1,1,1,0,1,0,0,0,1,0,0,1,0,1,1,1,1,1,1,1,0,0
914,0,0,0,1,1,1,0,1,0,1,0,1,1,1,0,1,1,1,1,1,1,1,0,1,0
915,1,0,1,0,1,0,0,1,1,0,1,1,0,0,1,0,1,1,0,0,1,0,0,1,0
916,1,1,1,0,1,0,1,0,0,1,0,1,1,1,0,0,1,0,0,1,1,1,0,1,0
917,0,1,1,0,1,1,0,1,1,0,1,1,1,0,0,0,1,1,1,1,1,1,0,1,0
918,1,0,0,0,1,1,0,1,1,0,0,1,0,0,0,0,1,1,1,1,1,1,0,1,0
919,1,0,0,0,1,0,0,1,0,1,0,1,0,0,0,0,1,1,1,1,1,1,0,1,0
920,1,1,1,0,1,1,0,1,0,0,1,1,0,1,0,0,1,1,1,1,1,1,0,1,0
921,1,0,1,0,1,1,0,1,1,1,1,1,0,1,0,1,1,1,1,1,1,1,0,1,0
922,0,1,1,0,1,0,1,0,0,1,0,1,1,1,0,1,0,0,0,1,1,0,1,0,0
923,0,1,1,0,1,1,0,1,0,1,0,1,0,1,0,0,1,1,1,1,1,0,1,0,0
924,0,1,1,0,1,0,1,0,0,1,0,1,1,1,0,0,1,1,1,1,1,0,0,1,0
925,1,0,0,0,1,1,0,1,1,1,0,1,1,1,0,0,1,0,0,1,1,1,0,1,0
926,0,1,1,0,1,1,0,1,0,1,0,1,1,1,0,0,1,1,1,1,1,0,0,1,0
927,1,0,1,0,1,1,0,1,0,0,1,1,0,0,0,0,1,1,0,1,1,1,0,1,0
928,0,1,1,0,1,1,0,1,1,1,0,1,0,0,0,0,1,0,0,1,1,1,0,1,0
929,0,1,1,0,1,1,1,0,0,1,1,1,0,1,0,1,1,0,0,1,1,0,1,1,0
930,1,1,0,0,1,0,1,0,0,1,0,1,1,1,0,0,1,0,0,0,1,0,0,1,0
931,0,1,1,0,1,0,1,0,0,1,0,1,0,1,0,1,1,0,0,1,1,1,0,1,0
932,1,0,0,1,1,0,1,0,0,1,1,1,1,1,0,0,1,0,1,1,1,0,0,1,0
933,0,1,1,0,1,0,1,0,0,1,1,1,1,1,0,1,0,1,0,1,1,0,0,1,0
934,1,1,0,1,0,1,0,1,1,0,1,1,0,1,0,0,1,0,1,1,1,1,0,1,0
935,0,1,1,0,1,1,0,1,1,1,1,1,0,0,0,0,1,0,0,1,1,0,0,1,0
936,1,0,1,0,1,1,0,1,0,1,0,1,1,1,0,1,0,0,1,1,1,1,0,1,0
937,1,1,1,0,1,1,0,1,1,1,0,1,0,0,0,0,1,1,1,1,1,1,0,1,0
938,1,1,1,0,1,0,1,0,0,0,1,1,0,1,0,0,1,1,1,1,1,0,1,0,0
939,0,1,1,0,1,0,0,1,1,0,1,1,1,1,0,0,1,0,1,1,1,0,0,1,0
940,0,1,1,0,1,0,0,1,1,1,1,1,1,1,0,1,1,1,0,1,1,1,0,1,0
941,0,1,1,0,1,1,0,1,0,1,0,1,0,1,0,0,1,0,0,0,1,1,0,1,0
942,0,1,1,0,1,1,0,1,1,0,1,1,0,0,0,0,1,0,1,1,1,1,1,0,0
943,0,1,1,0,1,1,0,1,0,1,0,1,0,0,0,0,1,0,1,1,1,1,0,1,0
944,0,1,1,0,1,0,0,1,1,0,1,1,0,1,0,1,1,1,0,0,1,1,0,1,0
945,0,1,1,0,1,0,0,1,1,0,1,1,0,1,0,0,1,0,1,1,1,0,0,1,0
946,0,1,1,0,1,1,0,1,1,1,1,1,1,1,0,1,1,0,0,1,1,1,0,1,0
947,1,0,1,0,1,0,0,1,0,1,1,1,0,1,0,1,0,0,1,1,1,1,0,1,0
948,1,0,0,1,1,1,0,0,0,0,0,1,1,1,0,0,1,0,0,1,1,1,0,1,0
949,1,1,0,1,1,0,1,0,1,1,1,1,0,1,0,0,1,0,0,1,1,0,0,1,0
950,0,1,1,0,1,1,0,1,1,0,1,1,0,0,0,0,1,1,1,1,1,1,0,1,0
951,1,1,1,0,1,1,0,1,1,0,1,1,0,1,0,1,1,1,1,1,1,0,0,1,0
952,1,0,1,0,1,1,0,1,1,1,0,1,0,1,0,0,1,0,0,1,1,1,0,1,0
953,1,1,1,0,1,1,1,0,0,1,0,1,1,1,0,1,1,1,1,1,1,0,0,1,0
954,0,1,0,0,1,1,0,1,1,1,0,1,0,1,0,1,0,0,0,0,1,0,0,1,0
955,0,1,1,0,1,0,0,1,1,1,1,1,0,1,0,0,1,0,1,1,1,0,1,0,0
956,1,1,1,0,1,1,0,1,1,0,1,1,1,1,0,1,0,0,1,1,1,0,0,1,0
957,0,1,1,0,1,1,0,1,1,1,1,1,0,1,0,1,1,0,1,0,1,0,1,0,0
958,1,1,1,0,1,1,0,1,0,0,1,1,0,1,0,0,1,1,1,1,1,0,0,1,0
959,1,0,1,0,1,0,0,1,1,0,1,1,1,1,0,0,1,0,1,1,1,0,1,0,0
960,0,1,1,0,1,0,0,1,1,0,1,1,0,0,0,1,0,1,1,1,0,1,0,1,0
961,0,1,1,0,1,0,0,1,0,1,1,1,1,1,0,1,0,0,1,1,1,1,0,1,0
962,1,0,0,1,1,1,0,1,1,1,1,1,0,1,0,0,1,1,1,0,1,0,0,1,0
963,0,1,1,0,1,1,1,0,0,1,0,0,1,1,0,0,1,1,1,0,1,0,1,0,0
964,1,0,0,1,1,1,0,1,0,1,0,1,0,1,0,1,1,1,1,1,1,1,0,1,0
965,1,1,1,0,1,0,0,1,0,1,0,1,1,1,0,0,1,0,0,1,1,1,0,1,0
966,0,1,0,0,1,1,1,0,0,1,1,1,0,1,0,0,1,1,1,1,1,0,1,0,0
967,0,0,0,1,1,1,0,1,0,1,0,1,0,1,0,0,1,1,0,1,1,1,0,1,0
968,1,1,1,0,1,1,1,0,0,1,1,1,1,1,0,1,1,0,0,1,1,0,1,0,0
969,0,1,1,0,1,1,0,1,1,1,0,1,0,1,0,1,0,0,0,1,1,1,1,0,0
970,1,0,0,1,0,1,0,1,0,1,0,1,0,1,0,0,1,1,1,1,1,0,0,1,0
971,0,1,1,0,1,1,0,1,0,1,0,1,0,1,0,0,1,0,1,0,1,0,0,1,0
972,1,0,1,0,1,1,0,1,0,1,0,1,0,0,0,1,0,0,0,1,1,1,0,1,0
973,0,1,0,1,1,0,1,1,0,0,1,1,0,1,0,0,1,0,0,0,1,1,0,1,0
974,0,1,1,0,1,0,0,1,0,1,1,1,1,1,0,1,0,0,1,1,1,1,0,1,0
975,1,0,0,1,0,1,0,1,0,0,1,1,0,1,0,0,1,0,0,1,1,0,0,1,0
976,1,0,1,0,1,1,0,1,0,1,0,1,0,1,0,0,1,1,1,1,1,1,0,1,0
977,1,0,1,0,1,1,0,1,0,1,0,1,1,1,0,0,1,0,1,1,1,1,0,1,0
978,1,1,1,0,1,0,0,1,0,1,0,1,0,0,0,0,1,0,0,0,1,1,0,1,0
979,1,0,1,0,0,1,1,0,0,1,1,1,0,0,0,1,0,0,1,1,1,0,0,1,0
980,1,0,0,1,1,1,0,1,0,0,1,1,0,1,0,1,0,0,0,1,1,0,1,0,0
981,0,1,0,1,1,1,0,1,0,1,0,1,0,0,0,1,0,0,0,1,1,1,0,1,0
982,1,0,0,0,1,0,1,0,0,1,0,1,0,1,0,0,1,1,0,1,1,1,0,1,0
983,1,0,0,1,1,0,0,1,0,1,0,1,0,0,0,0,1,1,1,1,1,0,0,1,0
984,1,0,1,0,1,0,1,0,0,1,0,1,0,1,0,0,1,1,1,1,1,1,0,1,0
985,1,0,1,0,1,1,0,1,0,1,0,1,0,1,0,0,1,1,0,1,1,0,0,1,1
986,0,1,1,0,1,0,0,1,1,1,0,1,1,1,0,0,1,1,0,0,1,0,1,0,0
987,0,1,1,0,1,0,0,0,0,1,0,1,0,1,0,1,1,1,0,1,1,1,0,1,0
988,1,0,1,0,1,1,0,1,1,1,0,1,1,1,0,0,1,1,1,1,1,1,1,1,0
989,0,0,1,0,1,0,1,0,0,1,1,1,1,1,0,0,1,1,1,1,1,1,0,1,0
990,1,0,0,1,1,1,0,1,1,1,1,1,0,1,0,0,1,1,0,1,1,1,0,1,0
991,0,1,0,1,1,1,0,1,1,0,1,1,0,0,0,0,1,0,1,0,1,1,0,1,0
992,0,1,1,0,1,0,0,1,0,1,0,1,0,1,0,0,1,1,1,1,1,1,0,1,0
993,1,1,1,0,1,0,1,0,0,1,0,1,1,0,0,1,1,1,1,1,1,1,0,1,0
994,0,1,1,0,1,1,1,0,0,1,0,1,0,1,0,0,1,1,1,1,1,0,1,0,0
995,0,1,1,0,1,1,0,1,1,1,0,1,1,1,0,1,0,0,0,1,1,1,0,1,0
996,1,1,1,0,1,0,0,1,1,1,0,1,0,1,0,1,0,0,1,1,1,0,0,1,0
997,1,0,0,1,1,0,1,0,0,1,0,1,0,1,0,1,0,0,1,1,1,1,0,1,0
998,0,1,1,0,1,0,0,1,1,1,1,1,1,1,0,1,0,0,1,1,1,0,0,1,0
999,1,0,0,0,0,1,0,1,0,0,1,1,0,1,0,1,0,0,1,1,1,0,1,0,0
