,N,dovar,obsvar,seed,method,time,query_time,lowerbound0,upperbound0,lowerbound1,upperbound1,lowerbound2,upperbound2
0,3,0,-1,1234,CVE,2.1214000000000004,1.6902000000000001,0.0325452016689847,0.0325452016689847,0.16745479833101531,0.16745479833101531,,
1,3,0,-1,1234,CCVE,63.1322,5.0014,0.03137254901960784,0.12422907488986785,0.07577092511013217,0.16862745098039217,,
2,3,0,-1,1234,CCALPeps,516.0033999999999,513.7604,0.031405407070018744,0.12399865347723434,0.07600134652276566,0.16859459292998125,,
3,3,0,-1,2468,CVE,2.0778,1.6865999999999999,0.0008830022075055185,0.0008830022075055185,0.19911699779249448,0.19911699779249448,,
4,3,0,-1,2468,CCVE,67.12440000000001,3.6050000000000004,0.0008830022075055185,0.0008830022075055185,0.19911699779249448,0.19911699779249448,,
5,3,0,-1,2468,CCALPeps,635.4419999999999,633.0432,0.0008880569902994358,0.0008886253229090356,0.19911137467709097,0.19911194300970056,,
6,3,0,-1,3702,CVE,2.11,1.6869999999999998,0.15275590551181104,0.15275590551181104,0.04724409448818898,0.04724409448818898,,
7,3,0,-1,3702,CCVE,61.068799999999996,3.3952000000000004,0.15275590551181104,0.15275590551181104,0.04724409448818897,0.04724409448818897,,
8,3,0,-1,3702,CCALPeps,529.3334,527.074,0.15257208365124778,0.15268668203602026,0.04731331796397975,0.04742791634875223,,
9,3,0,-1,4936,CVE,2.0928,1.7129999999999999,0.0037444933920704844,0.0037444933920704844,0.1962555066079295,0.1962555066079295,,
10,3,0,-1,4936,CCVE,72.9084,4.1584,0.0037444933920704852,0.0037444933920704852,0.1962555066079295,0.1962555066079295,,
11,3,0,-1,4936,CCALPeps,652.8334,650.3582,0.0037804826017896857,0.00381644203590228,0.19618355796409773,0.1962195173982103,,
12,3,0,-1,6170,CVE,2.1262,1.6974,0.13535353535353536,0.13535353535353536,0.06464646464646465,0.06464646464646465,,
13,3,0,-1,6170,CCVE,61.9976,3.4156,0.13535353535353536,0.13535353535353536,0.06464646464646463,0.06464646464646463,,
14,3,0,-1,6170,CCALPeps,599.6302000000001,597.0980000000001,0.13533600862820325,0.13534311205154212,0.06465688794845788,0.06466399137179675,,
15,3,0,-1,7404,CVE,1.9524000000000001,1.5882,0.010772357723577236,0.010772357723577236,0.18922764227642275,0.18922764227642275,,
16,3,0,-1,7404,CCVE,62.872,3.6096000000000004,0.010772357723577236,0.010772357723577236,0.18922764227642275,0.18922764227642275,,
17,3,0,-1,7404,CCALPeps,568.1206,565.936,0.010794300215575644,0.010797298628691875,0.18920270137130812,0.18920569978442436,,
18,3,0,-1,8638,CVE,2.2283999999999997,1.7919999999999998,0.040042826552462524,0.040042826552462524,0.1599571734475375,0.1599571734475375,,
19,3,0,-1,8638,CCVE,65.7562,5.780200000000001,0.004867256637168142,0.0751552795031056,0.1248447204968944,0.19513274336283187,,
20,3,0,-1,8638,CCALPeps,659.2621999999999,656.7904000000001,0.0049370087247138155,0.07514559879805922,0.12485440120194077,0.1950629912752862,,
21,3,0,-1,9872,CVE,2.22,1.8122,0.0,0.0,0.2,0.2,,
22,3,0,-1,9872,CCVE,67.527,4.2116,0.0,0.0,0.2,0.2,,
23,3,0,-1,9872,CCALPeps,708.1654000000001,705.685,0.00023324131398360124,0.00023338044728817234,0.19976661955271183,0.1997667586860164,,
24,3,0,-1,11106,CVE,2.1073999999999997,1.661,0.1961841308298001,0.1961841308298001,0.003815869170199879,0.003815869170199879,,
25,3,0,-1,11106,CCVE,61.1774,4.1628,0.19595588235294117,0.1982074959261271,0.0017925040738728949,0.004044117647058824,,
26,3,0,-1,11106,CCALPeps,575.9994,573.1809999999999,0.19594950732296493,0.19820011803446871,0.0017998819655312991,0.004050492677035078,,
27,3,0,-1,12340,CVE,2.1594,1.7338,0.08599348534201953,0.08599348534201953,0.11400651465798044,0.11400651465798044,,
28,3,0,-1,12340,CCVE,71.33739999999999,7.1442000000000005,0.04822934232715008,0.10492001207364927,0.09507998792635075,0.15177065767284992,,
29,3,0,-1,12340,CCALPeps,593.2918000000001,590.6888,0.0482529751980312,0.10488223952601786,0.09511776047398215,0.1517470248019688,,
30,5,0,-1,1234,CVE,3.2504,2.816,0.07481582537517055,0.07481582537517055,0.09159618008185537,0.09159618008185537,0.033587994542974085,0.033587994542974085
31,5,0,-1,1234,CCVE,123.9932,43.0848,0.033329723876556576,0.08764192139737995,0.08855441256090958,0.13201965065502183,0.022096069868995635,0.036697347049269094
32,5,0,-1,1234,CCALPeps,1884.8608,1881.6829999999998,0.045005473619487764,0.07582614703505294,0.09031268336065257,0.12998603629843491,0.02500849008207733,0.033861169604294486
33,5,0,-1,2468,CVE,3.3524000000000003,2.8653999999999997,0.1926737129767311,0.1926737129767311,0.005879516135514206,0.005879516135514206,0.0014467708877546922,0.0014467708877546922
34,5,0,-1,2468,CCVE,97.8108,11.252600000000001,0.1926737129767311,0.1926737129767311,0.005879516135514206,0.005879516135514206,0.001446770887754692,0.001446770887754692
35,5,0,-1,2468,CCALPeps,2078.5735999999997,2075.2822,0.1925949346830744,0.19263126199636743,0.0059027244944950714,0.005919026285803704,0.0014653001082864064,0.001486601383466023
36,5,0,-1,3702,CVE,3.6670000000000003,3.2216,0.0011198002098004563,0.0011198002098004563,0.04587368664006774,0.04587368664006774,0.1530065131501318,0.1530065131501318
37,5,0,-1,3702,CCVE,93.6562,9.5602,0.0011198002098004563,0.0011198002098004563,0.04587368664006774,0.04587368664006774,0.1530065131501318,0.1530065131501318
38,5,0,-1,3702,CCALPeps,1732.739,1729.2682,0.0011266693508866859,0.0011274236966957439,0.045907837597087636,0.045919336890043065,0.1529532394132612,0.1529654930520257
39,5,0,-1,4936,CVE,3.5450000000000004,3.0634,0.08214440121054908,0.08214440121054908,0.11770428015564202,0.11770428015564202,0.00015131863380890621,0.00015131863380890621
40,5,0,-1,4936,CCVE,94.0034,12.4986,0.08214440121054908,0.08214440121054908,0.11770428015564202,0.11770428015564202,0.00015131863380890624,0.00015131863380890624
41,5,0,-1,4936,CCALPeps,2124.1406,2120.827,0.0821400323611225,0.0821481536399212,0.11767766085300461,0.11768726608190612,0.00017270155697137948,0.00017418550707418493
42,5,0,-1,6170,CVE,3.6099999999999994,3.134,0.10918067978533094,0.10918067978533094,0.0541824686940966,0.0541824686940966,0.036636851520572444,0.036636851520572444
43,5,0,-1,6170,CCVE,92.8198,10.365,0.10918067978533094,0.10918067978533094,0.0541824686940966,0.0541824686940966,0.03663685152057245,0.03663685152057245
44,5,0,-1,6170,CCALPeps,1850.0412000000001,1846.6970000000001,0.10916518879254164,0.10916695944499148,0.05418288446852702,0.054184655870261014,0.03664838468474753,0.036651926738931265
45,5,0,-1,7404,CVE,3.3578,2.9189999999999996,0.10238528927053517,0.10238528927053517,0.01164021164021164,0.01164021164021164,0.0859744990892532,0.0859744990892532
46,5,0,-1,7404,CCVE,95.45139999999999,10.1994,0.10238528927053518,0.10238528927053518,0.01164021164021164,0.01164021164021164,0.0859744990892532,0.0859744990892532
47,5,0,-1,7404,CCALPeps,1681.1628,1677.8403999999998,0.10237415643437853,0.10237426554987059,0.011657886490568148,0.011657940090728633,0.08596779435940079,0.08596795707505332
48,5,0,-1,8638,CVE,3.4798,2.9634,0.021416498632481466,0.021416498632481466,0.015225433717310161,0.015225433717310161,0.16335806765020838,0.16335806765020838
49,5,0,-1,8638,CCVE,5454.0426,5367.4206,0.016502970231339197,0.02635633317137372,0.01225495164441972,0.018031877308876045,0.1613806507002788,0.1654770734157779
50,5,0,-1,8638,CCALPeps,2170.1574,2166.7706,0.020698126214553966,0.022217272212316674,0.012334259095821119,0.017946811060334182,0.16135506272511183,0.1654484686918623
51,5,0,-1,9872,CVE,3.5616000000000008,3.097,0.0005258033106134373,0.0005258033106134373,0.0341642323920805,0.0341642323920805,0.16530996429730607,0.16530996429730607
52,5,0,-1,9872,CCVE,93.1506,13.253200000000001,0.0005258033106134375,0.0005258033106134375,0.03416423239208051,0.03416423239208051,0.1653099642973061,0.1653099642973061
53,5,0,-1,9872,CCALPeps,1655.6583999999998,1652.3498,0.0005942814716545172,0.0005943395738389107,0.03417931273097849,0.03419593499070507,0.16520978353764038,0.16522634769518266
54,5,0,-1,11106,CVE,3.3920000000000003,2.9433999999999996,0.1132080745031625,0.1132080745031625,0.056817644925486854,0.056817644925486854,0.02997428057135062,0.02997428057135062
55,5,0,-1,11106,CCVE,39637.3986,39575.00600000001,0.10963961460070411,0.13481943039603017,0.032737147936186727,0.059580526333255904,0.0296183064665555,0.03376600491293116
56,5,0,-1,11106,CCALPeps,1554.3656,1551.2282,0.11133801073827479,0.132923350739991,0.03331533347767044,0.059036533655524304,0.029625455606200852,0.03376131578233868
57,5,0,-1,12340,CVE,3.275,2.8492,0.07465280754393486,0.07465280754393486,0.11310544363480497,0.11310544363480497,0.01224174882126018,0.01224174882126018
58,5,0,-1,12340,CCVE,inf,inf,,,,,,
59,5,0,-1,12340,CCALPeps,1685.0746,1681.2274000000002,0.0674225269074942,0.09540333191031489,0.0835549709459669,0.12337732533862411,0.009200147753881668,0.02104169714371823
60,7,0,-1,1234,CVE,4.6206,3.9976,0.026600000000000002,0.026600000000000002,0.17340000000000003,0.17340000000000003,,
61,7,0,-1,1234,CCVE,131.0282,30.054199999999998,0.02656,0.02776,0.17224,0.17343999999999998,,
62,7,0,-1,1234,CCALPeps,2232.2924,2228.3066000000003,0.026590939961404873,0.027788781340845902,0.1722112186591541,0.17340906003859513,,
63,7,0,-1,2468,CVE,4.3758,3.853,0.10476885529547338,0.10476885529547338,0.09523114470452662,0.09523114470452662,,
64,7,0,-1,2468,CCVE,137.794,32.0186,0.10476885529547339,0.10476885529547339,0.0952311447045266,0.0952311447045266,,
65,7,0,-1,2468,CCALPeps,1992.578,1988.7102000000002,0.10477745845585404,0.10480758994191319,0.09519241005808682,0.09522254154414596,,
66,7,0,-1,3702,CVE,4.7028,4.0864,0.01913277898551237,0.01913277898551237,0.18086722101448766,0.18086722101448766,,
67,7,0,-1,3702,CCVE,127.11659999999999,23.272,0.01913277898551237,0.01913277898551237,0.18086722101448766,0.18086722101448766,,
68,7,0,-1,3702,CCALPeps,1972.6046,1968.7779999999998,0.019195267111297536,0.01920334211716657,0.18079665788283344,0.18080473288870247,,
69,7,0,-1,4936,CVE,4.8187999999999995,4.2404,0.006870178016766308,0.006870178016766308,0.1931298219832337,0.1931298219832337,,
70,7,0,-1,4936,CCVE,127.94740000000002,30.145,0.006870178016766308,0.006870178016766308,0.1931298219832337,0.1931298219832337,,
71,7,0,-1,4936,CCALPeps,2305.7646,2301.8204,0.006917528339442607,0.006926334279278551,0.19307366572072143,0.1930824716605574,,
72,7,0,-1,6170,CVE,4.485799999999999,3.9093999999999993,0.05085107760015534,0.05085107760015534,0.14914892239984467,0.14914892239984467,,
73,7,0,-1,6170,CCVE,130.8384,30.3046,0.05085107760015534,0.05085107760015534,0.14914892239984467,0.14914892239984467,,
74,7,0,-1,6170,CCALPeps,2072.8576000000003,2068.9714,0.05075799877684818,0.05075821603831737,0.14924178396168264,0.14924200122315182,,
75,7,0,-1,7404,CVE,4.419,3.8652,0.09474966495143862,0.09474966495143862,0.10525033504856136,0.10525033504856136,,
76,7,0,-1,7404,CCVE,126.7114,27.850800000000003,0.09474966495143862,0.09474966495143862,0.10525033504856136,0.10525033504856136,,
77,7,0,-1,7404,CCALPeps,1985.6671999999999,1981.859,0.09474466307003275,0.09474471957340294,0.10525528042659707,0.10525533692996725,,
78,7,0,-1,8638,CVE,4.68,4.142,0.08195999999999999,0.08195999999999999,0.11804,0.11804,,
79,7,0,-1,8638,CCVE,153.99380000000002,48.4308,0.08004,0.08375999999999999,0.11623999999999998,0.11995999999999998,,
80,7,0,-1,8638,CCALPeps,1993.9540000000002,1989.6504,0.08004499319173408,0.08377121177522237,0.11622878822477763,0.11995500680826592,,
81,7,0,-1,9872,CVE,4.5252,3.9377999999999993,0.04944097470493517,0.04944097470493517,0.15055902529506485,0.15055902529506485,,
82,7,0,-1,9872,CCVE,161.1286,38.0774,0.049440974704935164,0.049440974704935164,0.15055902529506485,0.15055902529506485,,
83,7,0,-1,9872,CCALPeps,2035.1822,2031.2696,0.049468302406737316,0.04946848099926322,0.15053151900073677,0.15053169759326268,,
84,7,0,-1,11106,CVE,4.286,3.7694,0.052541315319350614,0.052541315319350614,0.14745868468064938,0.14745868468064938,,
85,7,0,-1,11106,CCVE,185.26080000000002,84.936,0.03277490417891563,0.05535722817112056,0.14464277182887944,0.16722509582108439,,
86,7,0,-1,11106,CCALPeps,1867.4952,1863.3286,0.033878261411138796,0.05439332432273788,0.1456066756772621,0.1661217385888612,,
87,7,0,-1,12340,CVE,4.611600000000001,3.9885999999999995,0.028975265017667846,0.028975265017667846,0.17102473498233214,0.17102473498233214,,
88,7,0,-1,12340,CCVE,,,,,,,,
89,7,0,-1,12340,CCALPeps,1751.0291999999997,1746.8446,0.021821225262001913,0.03153207211779688,0.16846792788220313,0.1781787747379981,,
90,9,0,-1,1234,CVE,8.9322,8.3258,0.010876596543951915,0.010876596543951915,0.03720394440270474,0.03720394440270474,0.15191945905334336,0.15191945905334336
91,9,0,-1,1234,CCVE,265.466,146.8464,0.010873628850488357,0.010962659654395194,0.037072667167543205,0.03819625845229151,0.15093011269722015,0.15196467317806162
92,9,0,-1,1234,CCALPeps,5333.7536,5328.7528,0.010876898495365548,0.010965536922516969,0.03718245707002392,0.03810353192996283,0.1509309311475202,0.15194064443461053
93,9,0,-1,2468,CVE,8.5372,7.9612,0.019906399999999998,0.019906399999999998,0.0884576,0.0884576,0.09163600000000001,0.09163600000000001
94,9,0,-1,2468,CCVE,221.1062,105.43799999999999,0.019906399999999998,0.019906399999999998,0.0884576,0.0884576,0.09163599999999998,0.09163599999999998
95,9,0,-1,2468,CCALPeps,4221.573399999999,4216.2246,0.019912762039372582,0.01991819639936232,0.08846196075226552,0.08848852873443755,0.09159870922618987,0.0916198428483722
96,9,0,-1,3702,CVE,9.463199999999999,8.8848,0.1513769856272073,0.1513769856272073,0.007855560412394828,0.007855560412394828,0.040767453960397895,0.040767453960397895
97,9,0,-1,3702,CCVE,226.791,100.47939999999998,0.15137698562720728,0.15137698562720728,0.007855560412394828,0.007855560412394828,0.040767453960397895,0.040767453960397895
98,9,0,-1,3702,CCALPeps,3919.8376000000003,3914.4413999999997,0.15131841974971766,0.15132184366413395,0.007914319660455695,0.007917398938825936,0.04076309049518542,0.04076492750996025
99,9,0,-1,4936,CVE,10.1612,9.536200000000001,0.10182949711299394,0.10182949711299394,0.006753370494232694,0.006753370494232694,0.09141713239277337,0.09141713239277337
100,9,0,-1,4936,CCVE,230.2524,111.968,0.10182949711299397,0.10182949711299397,0.006753370494232693,0.006753370494232693,0.09141713239277335,0.09141713239277335
101,9,0,-1,4936,CCALPeps,4994.830400000001,4989.777399999999,0.10179027616479655,0.10180026712138383,0.006782142833322064,0.006787955301384363,0.09141759004529407,0.09142176853381909
102,9,0,-1,6170,CVE,10.1052,9.4392,0.16763595533051723,0.16763595533051723,0.03037653646174761,0.03037653646174761,0.0019875082077351666,0.0019875082077351666
103,9,0,-1,6170,CCVE,221.1538,99.24480000000001,0.16763595533051723,0.16763595533051723,0.030376536461747605,0.030376536461747605,0.001987508207735166,0.001987508207735166
104,9,0,-1,6170,CCALPeps,4529.0552,4523.308,0.1675983781498087,0.16759849529302573,0.030394705383284936,0.030394822533128096,0.002006799317063131,0.0020067993236894525
105,9,0,-1,7404,CVE,10.7012,10.0524,0.09562134229149989,0.09562134229149989,0.09707355919400151,0.09707355919400151,0.00730509851449859,0.00730509851449859
106,9,0,-1,7404,CCVE,236.4578,109.3252,0.0956213422914999,0.0956213422914999,0.09707355919400151,0.09707355919400151,0.00730509851449859,0.00730509851449859
107,9,0,-1,7404,CCALPeps,3884.0860000000002,3879.5576,0.09560441636912184,0.09560487534689244,0.09707301292676469,0.0970734777277565,0.007321651930498929,0.007322565698995418
108,9,0,-1,8638,CVE,10.59,9.9976,0.16920614912753582,0.16920614912753582,0.029605412966378208,0.029605412966378208,0.0011884379060859696,0.0011884379060859696
109,9,0,-1,8638,CCVE,137056.54280000002,136941.4302,0.1687656530711595,0.169621455111297,0.02920818870297586,0.03002662193005414,0.0011703153046277984,0.001207768679904238
110,9,0,-1,8638,CCALPeps,3769.5657999999994,3764.7568,0.1687734582501943,0.16955550758298982,0.029254626269680277,0.029999171151946426,0.0011898661473299002,0.001227370597859289
111,9,0,-1,9872,CVE,9.673599999999999,9.145999999999999,0.049409200052821255,0.049409200052821255,0.14071533438267508,0.14071533438267508,0.009875465564503697,0.009875465564503697
112,9,0,-1,9872,CCVE,256.65360000000004,142.0938,0.04940920005282125,0.04940920005282125,0.14071533438267506,0.14071533438267506,0.009875465564503692,0.009875465564503692
113,9,0,-1,9872,CCALPeps,4785.8962,4780.9482,0.04943472953817022,0.04943487791703497,0.14067500510924735,0.1406751462361502,0.00989011697371757,0.009890124225679666
114,9,0,-1,11106,CVE,10.833400000000001,10.187999999999999,0.09081443150474748,0.09081443150474748,0.09914185511395199,0.09914185511395199,0.01004371338130054,0.01004371338130054
115,9,0,-1,11106,CCVE,inf,inf,,,,,,
116,9,0,-1,11106,CCALPeps,3975.6338000000005,3970.7410000000004,0.0804782518232835,0.09190302205624698,0.09809801202585469,0.10867163202729513,0.009993677433353061,0.01085603059700422
117,9,0,-1,12340,CVE,10.9632,10.3074,0.07431604000610487,0.07431604000610487,0.09077142900401712,0.09077142900401712,0.034912530989878024,0.034912530989878024
118,9,0,-1,12340,CCVE,,,,,,,,
119,9,0,-1,12340,CCALPeps,3515.8326,3510.7398000000003,0.07412119682625723,0.07438231525313743,0.09047700420294069,0.09157491005346374,0.03430389312027901,0.0351406805439219
120,11,0,-1,1234,CVE,20.8662,20.304,0.1363092052171785,0.1363092052171785,0.06369079478282154,0.06369079478282154,,
121,11,0,-1,1234,CCVE,536.9259999999999,421.3896,0.13630920521717846,0.13630920521717846,0.06369079478282155,0.06369079478282155,,
122,11,0,-1,1234,CCALPeps,4710.718400000001,4705.8712,0.1362766665938851,0.1362951369735113,0.06370486302648871,0.06372333340611491,,
123,11,0,-1,2468,CVE,21.6284,20.948,0.10260799999999999,0.10260799999999999,0.097392,0.097392,,
124,11,0,-1,2468,CCVE,591.9634,470.6513999999999,0.102544,0.10263359999999999,0.0973664,0.09745600000000001,,
125,11,0,-1,2468,CCALPeps,3982.2784,3976.6928,0.10254448801821625,0.10263403952796575,0.09736596047203425,0.09745551198178375,,
126,11,0,-1,3702,CVE,21.718200000000003,21.010199999999998,0.005999999999999999,0.005999999999999999,0.194,0.194,,
127,11,0,-1,3702,CCVE,585.398,452.3286,0.006000000000000001,0.006000000000000001,0.194,0.194,,
128,11,0,-1,3702,CCALPeps,4693.1978,4688.352000000001,0.006018798120187976,0.006018798120187987,0.193981201879812,0.19398120187981202,,
129,11,0,-1,4936,CVE,20.553,19.869399999999995,0.165698,0.165698,0.03430199999999999,0.03430199999999999,,
130,11,0,-1,4936,CCVE,646.6974,522.8108,0.1616576,0.17332640000000002,0.0266736,0.038342400000000006,,
131,11,0,-1,4936,CCALPeps,5016.2534,5009.2684,0.16481622673323193,0.17012144069851304,0.029878559301486952,0.03518377326676807,,
132,11,0,-1,6170,CVE,23.079199999999997,22.516,0.1721056,0.1721056,0.027894399999999996,0.027894399999999996,,
133,11,0,-1,6170,CCVE,666.7948,538.487,0.17207999999999998,0.1721824,0.027817599999999998,0.02792,,
134,11,0,-1,6170,CCALPeps,3846.5354000000007,3841.4055999999996,0.17206052268826058,0.1721626004204626,0.027837399579537393,0.027939477311739423,,
135,11,0,-1,7404,CVE,20.8754,20.2866,0.050156908784915875,0.050156908784915875,0.14984309121508413,0.14984309121508413,,
136,11,0,-1,7404,CCVE,652.0716,529.719,0.04674896038662009,0.06339249727914945,0.1366075027208506,0.1532510396133799,,
137,11,0,-1,7404,CCALPeps,4043.9452000000006,4038.7136,0.049402981532525495,0.06077205768467857,0.13922794231532143,0.1505970184674745,,
138,11,0,-1,8638,CVE,21.6668,21.118600000000004,0.12215356707617517,0.12215356707617517,0.07784643292382483,0.07784643292382483,,
139,11,0,-1,8638,CCVE,2361.5901999999996,2224.1962,0.12207394079998564,0.1222331792940412,0.07776682070595878,0.07792605920001436,,
140,11,0,-1,8638,CCALPeps,3896.6254,3891.6664000000005,0.12200634799053992,0.1221424840001251,0.0778575159998749,0.0779936520094601,,
141,11,0,-1,9872,CVE,22.194,21.5734,0.08114558991526985,0.08114558991526985,0.11885441008473015,0.11885441008473015,,
142,11,0,-1,9872,CCVE,1678.3121999999998,1559.2867999999999,0.08093504328232017,0.08116951613808837,0.11883048386191164,0.11906495671767985,,
143,11,0,-1,9872,CCALPeps,3823.6261999999997,3817.0994,0.08094242967873695,0.0811764403266839,0.11882355967331608,0.11905757032126305,,
144,11,0,-1,11106,CVE,21.2438,20.613599999999998,0.0431018101417964,0.0431018101417964,0.1568981898582036,0.1568981898582036,,
145,11,0,-1,11106,CCVE,,,,,,,,
146,11,0,-1,11106,CCALPeps,5090.6202,5085.682,0.04318784662790435,0.043187869831267864,0.15681213016873213,0.15681215337209567,,
147,11,0,-1,12340,CVE,20.3846,19.7802,0.024048419356427,0.024048419356427,0.175951580643573,0.175951580643573,,
148,11,0,-1,12340,CCVE,,,,,,,,
149,11,0,-1,12340,CCALPeps,3754.8736000000004,3750.0700000000006,0.024059118413447354,0.024059133301300547,0.17594086669869946,0.17594088158655266,,
150,13,0,-1,1234,CVE,107.6138,104.43320000000001,0.09929855823733591,0.09929855823733591,0.05026157447387514,0.05026157447387514,0.050439867288788964,0.050439867288788964
151,13,0,-1,1234,CCVE,2655.9978,2523.136,0.09929855823733591,0.09929855823733591,0.05026157447387514,0.05026157447387514,0.050439867288788964,0.050439867288788964
152,13,0,-1,1234,CCALPeps,7503.669200000001,7498.1174,0.09928307369209513,0.09928325324069154,0.050280969594509006,0.05028143189170944,0.05043549441619536,0.05043577716479951
153,13,0,-1,2468,CVE,105.2046,104.5598,0.09072930219484134,0.09072930219484134,0.07478116791922533,0.07478116791922533,0.03448952988593335,0.03448952988593335
154,13,0,-1,2468,CCVE,3108.0538,2944.4714,0.09072930219484134,0.09072930219484134,0.07478116791922532,0.07478116791922532,0.03448952988593336,0.03448952988593336
155,13,0,-1,2468,CCALPeps,9078.949,9073.151600000001,0.09072210641298822,0.09072210641298835,0.07477325156886974,0.07477325156886987,0.03450464201814187,0.03450464201814193
156,13,0,-1,3702,CVE,113.50120000000001,112.89679999999998,0.16506407137869827,0.16506407137869827,0.010224496319109348,0.010224496319109348,0.02471143230219238,0.02471143230219238
157,13,0,-1,3702,CCVE,2948.737,2794.8384,0.16506407137869827,0.16506407137869827,0.010224496319109346,0.010224496319109346,0.02471143230219238,0.02471143230219238
158,13,0,-1,3702,CCALPeps,8181.5316,8175.484599999999,0.16500560726472807,0.16500852347919243,0.01024133828139616,0.010241371977315093,0.0247501382394114,0.02475302075795683
159,13,0,-1,4936,CVE,107.96959999999999,107.3884,0.12747410179533755,0.12747410179533755,0.02286762283622699,0.02286762283622699,0.04965827536843544,0.04965827536843544
160,13,0,-1,4936,CCVE,inf,inf,,,,,,
161,13,0,-1,4936,CCALPeps,9882.615,9876.6006,0.11535900825444045,0.14495326291902436,0.020154991725584662,0.02682395894763671,0.028222778133338965,0.06448600001997487
162,13,0,-1,6170,CVE,107.8412,107.20899999999999,0.11165372744052456,0.11165372744052456,0.0059340732670196995,0.0059340732670196995,0.08241219929245573,0.08241219929245573
163,13,0,-1,6170,CCVE,3572.5214,3408.8856,0.11165372744052456,0.11165372744052456,0.0059340732670196995,0.0059340732670196995,0.08241219929245576,0.08241219929245576
164,13,0,-1,6170,CCALPeps,9193.175200000001,9187.5992,0.11161788160598363,0.11162034298485166,0.005951880085167284,0.005951924211742935,0.08242773280340544,0.08243023830884907
165,13,0,-1,7404,CVE,100.44300000000001,99.81880000000001,0.02569218366590001,0.02569218366590001,0.023876197926002922,0.023876197926002922,0.15043161840809705,0.15043161840809705
166,13,0,-1,7404,CCVE,inf,inf,,,,,,
167,13,0,-1,7404,CCALPeps,8562.598600000001,8556.7726,0.025704145376631238,0.025704341222270027,0.023910422050962752,0.023925663111736464,0.15037019151163217,0.1503852367267673
168,13,0,-1,8638,CVE,120.58519999999999,119.8366,0.035485252439020606,0.035485252439020606,0.03830500297225107,0.03830500297225107,0.12620974458872833,0.12620974458872833
169,13,0,-1,8638,CCVE,inf,inf,,,,,,
170,13,0,-1,8638,CCALPeps,10499.898,10493.470599999999,0.03432784456296782,0.0355766154819719,0.03824201044895131,0.03831741836637961,0.12610596969939997,0.1274301415222434
171,13,0,-1,9872,CVE,114.641,113.9854,0.008419449273259884,0.008419449273259884,0.018134066845443098,0.018134066845443098,0.17344648388129705,0.17344648388129705
172,13,0,-1,9872,CCVE,inf,inf,,,,,,
173,13,0,-1,9872,CCALPeps,9397.1002,9391.8332,0.00843510640520636,0.00844191126463084,0.018140420491185368,0.018162666244506694,0.1733954433676447,0.17342447310360828
174,13,0,-1,11106,CVE,111.69919999999999,111.08399999999999,0.008356415999999997,0.008356415999999997,0.03862759199999999,0.03862759199999999,0.15301599200000002,0.15301599200000002
175,13,0,-1,11106,CCVE,,,,,,,,
176,13,0,-1,11106,CCALPeps,9119.918599999999,9114.324400000001,0.008415135864646282,0.008415197042351729,0.03862708683770693,0.03862710004652977,0.15295771611994116,0.15295776408882408
177,13,0,-1,12340,CVE,106.66980000000001,106.04199999999999,0.03878311808545208,0.03878311808545208,0.03690533688736431,0.03690533688736431,0.1243115450271836,0.1243115450271836
178,13,0,-1,12340,CCVE,,,,,,,,
179,13,0,-1,12340,CCALPeps,7082.485000000001,7076.4962,0.03879137289926719,0.03879330615102367,0.036902345961557094,0.036936041425442864,0.12427065242353345,0.1243062811391757
180,15,0,-1,1234,CVE,398.67359999999996,398.09819999999996,0.13075748258671122,0.13075748258671122,0.06924251741328881,0.06924251741328881,,
181,15,0,-1,1234,CCVE,16038.369,15863.1198,0.1307574825867112,0.1307574825867112,0.06924251741328882,0.06924251741328882,,
182,15,0,-1,1234,CCALPeps,6644.1602,6638.080400000001,0.13073768392263185,0.1307376865997086,0.06926231340029139,0.06926231607736814,,
183,15,0,-1,2468,CVE,379.0178,378.451,0.0303614795246058,0.0303614795246058,0.1696385204753942,0.1696385204753942,,
184,15,0,-1,2468,CCVE,15856.068,15691.9318,0.030361479524605793,0.030361479524605793,0.1696385204753942,0.1696385204753942,,
185,15,0,-1,2468,CCALPeps,8089.241800000001,8083.145199999999,0.03039337003348492,0.03039337310216107,0.16960662689783895,0.16960662996651507,,
186,15,0,-1,3702,CVE,361.31140000000005,360.7524,0.05962517620423176,0.05962517620423176,0.14037482379576824,0.14037482379576824,,
187,15,0,-1,3702,CCVE,18009.1336,17810.2018,0.023730917845997238,0.0646853401715683,0.13531465982843172,0.17626908215400278,,
188,15,0,-1,3702,CCALPeps,6563.6305999999995,6557.5022,0.02729044239628029,0.06118146140070604,0.13881853859929397,0.1727095576037197,,
189,15,0,-1,4936,CVE,388.7338,388.1994000000001,0.12828662261313203,0.12828662261313203,0.07171337738686794,0.07171337738686794,,
190,15,0,-1,4936,CCVE,,,,,,,,
191,15,0,-1,4936,CCALPeps,7229.767600000001,7223.7166,0.12824531596181518,0.12824939599624147,0.07175060400375852,0.07175468403818482,,
192,15,0,-1,6170,CVE,382.01560000000006,381.44460000000004,0.19093467056446367,0.19093467056446367,0.009065329435536309,0.009065329435536309,,
193,15,0,-1,6170,CCVE,16264.114800000001,16079.800399999998,0.19093467056446367,0.19093467056446367,0.009065329435536309,0.009065329435536309,,
194,15,0,-1,6170,CCALPeps,6162.554399999999,6156.6936000000005,0.19088281509762756,0.19088284237874092,0.009117157621259087,0.009117184902372432,,
195,15,0,-1,7404,CVE,438.0938,437.543,0.0067023910593481464,0.0067023910593481464,0.19329760894065187,0.19329760894065187,,
196,15,0,-1,7404,CCVE,,,,,,,,
197,15,0,-1,7404,CCALPeps,7416.26,7410.657800000001,0.0067382644739544485,0.006738328685180946,0.19326167131481906,0.19326173552604556,,
198,15,0,-1,8638,CVE,351.7938,351.2624,0.14161102770738573,0.14161102770738573,0.05838897229261427,0.05838897229261427,,
199,15,0,-1,8638,CCVE,,,,,,,,
200,15,0,-1,8638,CCALPeps,7824.0826,7817.3336,0.14162114724973707,0.14163155018632578,0.058368449813674214,0.05837885275026293,,
201,15,0,-1,9872,CVE,423.4288,422.86379999999997,0.1977369033289613,0.1977369033289613,0.0022630966710387016,0.0022630966710387016,,
202,15,0,-1,9872,CCVE,,,,,,,,
203,15,0,-1,9872,CCALPeps,8716.8458,8711.0328,0.19770831109085069,0.1977086336882265,0.0022913663117734907,0.0022916889091493253,,
204,15,0,-1,11106,CVE,402.65,402.0926,0.06392182060780262,0.06392182060780262,0.13607817939219738,0.13607817939219738,,
205,15,0,-1,11106,CCVE,,,,,,,,
206,15,0,-1,11106,CCALPeps,6887.4302,6881.382,0.06392952122806847,0.06392985766454018,0.13607014233545983,0.1360704787719315,,
207,15,0,-1,12340,CVE,401.7579999999999,401.18499999999995,0.170966208,0.170966208,0.029033791999999996,0.029033791999999996,,
208,15,0,-1,12340,CCVE,,,,,,,,
209,15,0,-1,12340,CCALPeps,6383.447999999999,6377.635399999999,0.1709215149101076,0.17199910419968134,0.02800089580031866,0.029078485089892414,,
210,17,0,-1,1234,CVE,3679.8352,3679.1269999999995,0.00468541083363674,0.00468541083363674,0.08612431787557324,0.08612431787557324,0.10919027129079002,0.10919027129079002
211,17,0,-1,1234,CCVE,93715.249,93539.352,0.004685410833636739,0.004685410833636739,0.08612431787557324,0.08612431787557324,0.10919027129079,0.10919027129079
212,17,0,-1,1234,CCALPeps,14746.093400000002,14739.895199999999,0.0046963970459691995,0.004699335718889987,0.08617780414343504,0.0861781768803719,0.10912252697608953,0.10912575931247596
213,17,0,-1,2468,CVE,3703.5618000000004,3702.9132,0.10466842307830015,0.10466842307830015,0.09024553304768027,0.09024553304768027,0.005086043874019582,0.005086043874019582
214,17,0,-1,2468,CCVE,101683.18,101510.3156,0.10466842307830015,0.10466842307830015,0.09024553304768027,0.09024553304768027,0.005086043874019582,0.005086043874019582
215,17,0,-1,2468,CCALPeps,13238.340000000002,13232.374800000001,0.10465915092571301,0.1046591509640871,0.09023604599524992,0.09023604600180088,0.005104803040662987,0.005104803072486129
216,17,0,-1,3702,CVE,3881.65,3880.9947999999995,0.07509739967999998,0.07509739967999998,0.06435390048,0.06435390048,0.06054869984,0.06054869984
217,17,0,-1,3702,CCVE,85007.47579999999,84821.8852,0.07509739968,0.07509739968,0.06435390047999999,0.06435390047999999,0.06054869984000001,0.06054869984000001
218,17,0,-1,3702,CCALPeps,12561.018,12554.4564,0.07508774166340502,0.07508838347105838,0.06436432541328854,0.06436528812476841,0.06054697021182649,0.06054729111565318
219,17,0,-1,4936,CVE,3956.4847999999997,3955.839,0.16014952192,0.16014952192,0.015674973439999997,0.015674973439999997,0.024175504640000005,0.024175504640000005
220,17,0,-1,4936,CCVE,,,,,,,,
221,17,0,-1,4936,CCALPeps,15445.2012,15438.9386,0.16009440561361454,0.16009451607690234,0.015688763608097116,0.015688769744946443,0.024216714178151313,0.024216830778288227
222,17,0,-1,6170,CVE,3831.428999999999,3830.8234,0.07125153156631156,0.07125153156631156,0.12749069282189862,0.12749069282189862,0.0012577756117898278,0.0012577756117898278
223,17,0,-1,6170,CCVE,85710.1286,85527.2064,0.07125153156631156,0.07125153156631156,0.1274906928218986,0.1274906928218986,0.001257775611789828,0.001257775611789828
224,17,0,-1,6170,CCALPeps,13227.003400000001,13221.022200000001,0.07124751413425631,0.07124751445662501,0.12747070925860618,0.12747070949464873,0.0012817761281055688,0.0012817765277580583
225,17,0,-1,7404,CVE,3836.0364,3835.3864000000003,0.011094651199999998,0.011094651199999998,0.1275578424,0.1275578424,0.061347506399999994,0.061347506399999994
226,17,0,-1,7404,CCVE,,,,,,,,
227,17,0,-1,7404,CCALPeps,9781.739,9776.002799999998,0.011122738868336795,0.01112279170092429,0.12754655722062325,0.1275465895072048,0.06133061879187103,0.061330703911039876
228,17,0,-1,8638,CVE,3954.1944000000003,3953.5498,0.14100539851798227,0.14100539851798227,0.02950081552836667,0.02950081552836667,0.029493785953651097,0.029493785953651097
229,17,0,-1,8638,CCVE,,,,,,,,
230,17,0,-1,8638,CCALPeps,11408.9494,11401.957,0.14098327960311102,0.14098327961538584,0.029504253472329378,0.029504253472717994,0.029512466911896306,0.029512466924559482
231,17,0,-1,9872,CVE,4039.022,4038.3621999999996,0.05923580449585114,0.05923580449585114,0.0607039515925412,0.0607039515925412,0.08006024391160763,0.08006024391160763
232,17,0,-1,9872,CCVE,,,,,,,,
233,17,0,-1,9872,CCALPeps,12463.460000000001,12457.4948,0.05924548171912521,0.05924548521304077,0.060700389086503756,0.06070039587776018,0.08005412230253964,0.08005412580103041
234,17,0,-1,11106,CVE,3842.1476000000002,3841.4274000000005,0.022967936034572783,0.022967936034572783,0.15588587423931552,0.15588587423931552,0.021146189726111694,0.021146189726111694
235,17,0,-1,11106,CCVE,,,,,,,,
236,17,0,-1,11106,CCALPeps,12912.1628,12905.513200000001,0.02278285772341028,0.02300475486196482,0.15585922381635198,0.1558628703444945,0.021135840934817414,0.021354452326984387
237,17,0,-1,12340,CVE,3544.4824,3543.8523999999998,0.17385444837929254,0.17385444837929254,0.01132633361555591,0.01132633361555591,0.01481921800515155,0.01481921800515155
238,17,0,-1,12340,CCVE,,,,,,,,
239,17,0,-1,12340,CCALPeps,11402.1018,11395.0008,0.1738161668548901,0.17383971773846219,0.011322533723688364,0.011349987655587437,0.014833840057158293,0.014837752140591973
240,19,0,-1,1234,CVE,17208.9368,17208.169,0.04358461305135537,0.04358461305135537,0.15641538694864462,0.15641538694864462,,
241,19,0,-1,1234,CCVE,inf,inf,,,,,,
242,19,0,-1,1234,CCALPeps,10970.158,10961.535,0.04362437699023506,0.04362438538521397,0.15637561461478602,0.15637562300976496,,
243,19,0,-1,2468,CVE,16834.1432,16833.402000000002,0.007999999999999997,0.007999999999999997,0.192,0.192,,
244,19,0,-1,2468,CCVE,inf,inf,,,,,,
245,19,0,-1,2468,CCALPeps,10634.784199999998,10628.0358,0.00803719064206356,0.008037190642063576,0.19196280935793641,0.19196280935793644,,
246,19,0,-1,3702,CVE,17923.7848,17922.926799999997,0.055646099520000006,0.055646099520000006,0.14435390048000002,0.14435390048000002,,
247,19,0,-1,3702,CCVE,inf,inf,,,,,,
248,19,0,-1,3702,CCALPeps,8601.352200000001,8594.763200000001,0.05564618300589944,0.05564714552485624,0.14435285447514376,0.14435381699410055,,
249,19,0,-1,4936,CVE,15763.0294,15762.2038,0.17783748672,0.17783748672,0.022162513280000004,0.022162513280000004,,
250,19,0,-1,4936,CCVE,,,,,,,,
251,19,0,-1,4936,CCALPeps,10482.9606,10476.414799999999,0.17782261696379983,0.1778226200316109,0.022177379968389133,0.02217738303620016,,
252,19,0,-1,6170,CVE,16244.328,16243.564799999998,0.15716866068274252,0.15716866068274252,0.04283133931725749,0.04283133931725749,,
253,19,0,-1,6170,CCVE,inf,inf,,,,,,
254,19,0,-1,6170,CCALPeps,9201.842999999999,9195.4182,0.15714864094132563,0.15714864512721136,0.04285135487278865,0.042851359058674356,,
255,19,0,-1,7404,CVE,14511.204800000001,14510.319,0.031515775200000005,0.031515775200000005,0.1684842248,0.1684842248,,
256,19,0,-1,7404,CCVE,,,,,,,,
257,19,0,-1,7404,CCALPeps,7128.0162,7121.185,0.03154251433814305,0.03154252314181344,0.16845747685818657,0.16845748566185695,,
258,19,0,-1,8638,CVE,15127.139799999999,15126.387400000001,0.03152040856609966,0.03152040856609966,0.16847959143390034,0.16847959143390034,,
259,19,0,-1,8638,CCVE,,,,,,,,
260,19,0,-1,8638,CCALPeps,8889.1144,8881.994,0.03155802406555554,0.031558024065558014,0.168441975934442,0.16844197593444446,,
261,19,0,-1,9872,CVE,15244.5008,15243.7022,0.1355924133260918,0.1355924133260918,0.06440758667390821,0.06440758667390821,,
262,19,0,-1,9872,CCVE,,,,,,,,
263,19,0,-1,9872,CCALPeps,10617.9152,10610.0114,0.13557400342141443,0.13557402330469373,0.06442597669530628,0.06442599657858555,,
264,19,0,-1,11106,CVE,15332.257999999998,15331.5286,0.02923045104763769,0.02923045104763769,0.17076954895236232,0.17076954895236232,,
265,19,0,-1,11106,CCVE,,,,,,,,
266,19,0,-1,11106,CCALPeps,7985.530799999999,7978.969,0.029019997670480725,0.0293022930989275,0.1706977069010725,0.17098000232951927,,
267,19,0,-1,12340,CVE,15478.275400000002,15477.508600000001,0.0196420864,0.0196420864,0.1803579136,0.1803579136,,
268,19,0,-1,12340,CCVE,,,,,,,,
269,19,0,-1,12340,CCALPeps,8419.4712,8413.002199999999,0.01966678958648023,0.019698146133283564,0.18030185386671643,0.18033321041351977,,
270,21,0,-1,1234,CVE,,,,,,,,
271,21,0,-1,1234,CCVE,,,,,,,,
272,21,0,-1,1234,CCALPeps,17887.1868,17880.4234,0.09379648434440155,0.09379648434447845,0.020329092828581478,0.020329092829200132,0.0858744228263982,0.08587442282694024
273,21,0,-1,2468,CVE,,,,,,,,
274,21,0,-1,2468,CCVE,,,,,,,,
275,21,0,-1,2468,CCALPeps,16899.697399999997,16892.642600000003,0.11528066250592846,0.11528066250592864,0.055913556688682364,0.055913556688682475,0.028805780805388998,0.028805780805389064
276,21,0,-1,3702,CVE,,,,,,,,
277,21,0,-1,3702,CCVE,,,,,,,,
278,21,0,-1,3702,CCALPeps,14573.207,14565.608199999999,0.003462491693558236,0.0034625013158608386,0.13589679791114442,0.13589766391837751,0.06063983476576181,0.06064071039529735
279,21,0,-1,4936,CVE,,,,,,,,
280,21,0,-1,4936,CCVE,,,,,,,,
281,21,0,-1,4936,CCALPeps,19042.235999999997,19034.772999999997,0.02623793918833057,0.02623793943368189,0.14620194638689082,0.14620194663224223,0.027560113934075935,0.027560114424778504
282,21,0,-1,6170,CVE,,,,,,,,
283,21,0,-1,6170,CCVE,,,,,,,,
284,21,0,-1,6170,CCALPeps,14235.109400000001,14227.753999999997,0.02053900088606262,0.02053900099916633,0.12045788168065083,0.12045788179620345,0.059003117312238715,0.05900311733665011
285,21,0,-1,7404,CVE,,,,,,,,
286,21,0,-1,7404,CCVE,,,,,,,,
287,21,0,-1,7404,CCALPeps,12405.5208,12398.0986,0.18775569303912698,0.18775569365519934,0.002857970813641101,0.0028579716057337864,0.009386335355138973,0.009386335531159588
288,21,0,-1,8638,CVE,,,,,,,,
289,21,0,-1,8638,CCVE,,,,,,,,
290,21,0,-1,8638,CCALPeps,15653.13,15646.608399999997,0.031165391895113116,0.03116539189518977,0.127162226388345,0.127162226388472,0.041672381716414894,0.04167238171646524
291,21,0,-1,9872,CVE,,,,,,,,
292,21,0,-1,9872,CCVE,,,,,,,,
293,21,0,-1,9872,CCALPeps,16009.711800000001,16001.862400000002,0.08037387929702358,0.08037413815564805,0.04751495144764569,0.047515442475409314,0.07211067817757828,0.07211091044669535
294,21,0,-1,11106,CVE,,,,,,,,
295,21,0,-1,11106,CCVE,,,,,,,,
296,21,0,-1,11106,CCALPeps,14371.157799999997,14363.048999999999,0.11248214841106877,0.11261220775528206,0.02037231940090525,0.020570223834284078,0.066947627754647,0.06701547284381278
297,21,0,-1,12340,CVE,,,,,,,,
298,21,0,-1,12340,CCVE,,,,,,,,
299,21,0,-1,12340,CCALPeps,16333.4276,16326.348000000002,0.016439218050896192,0.016441725822233844,0.15618443968899295,0.15620638268819734,0.02735189148956891,0.027376342260110775
300,23,0,-1,1234,CVE,,,,,,,,
301,23,0,-1,1234,CCVE,,,,,,,,
302,23,0,-1,1234,CCALPeps,11302.2966,11294.7352,0.17798608318717665,0.1779860831871767,0.022013916812823307,0.02201391681282334,,
303,23,0,-1,2468,CVE,,,,,,,,
304,23,0,-1,2468,CCVE,,,,,,,,
305,23,0,-1,2468,CCALPeps,13597.562199999997,13590.523000000001,0.14730800735392355,0.1473080073539237,0.052691992646076324,0.05269199264607645,,
306,23,0,-1,3702,CVE,,,,,,,,
307,23,0,-1,3702,CCVE,,,,,,,,
308,23,0,-1,3702,CCALPeps,16005.589199999999,15998.033599999999,0.1404369625809791,0.14043893633780932,0.059561063662190675,0.059563037419020894,,
309,23,0,-1,4936,CVE,,,,,,,,
310,23,0,-1,4936,CCVE,,,,,,,,
311,23,0,-1,4936,CCALPeps,15851.2196,15844.145,0.09918379762680771,0.09918770031133681,0.10081229968866319,0.10081620237319229,,
312,23,0,-1,6170,CVE,,,,,,,,
313,23,0,-1,6170,CCVE,,,,,,,,
314,23,0,-1,6170,CCALPeps,14614.2516,14607.0114,0.1874135435974552,0.18741354973746743,0.012586450262532555,0.012586456402544789,,
315,23,0,-1,7404,CVE,,,,,,,,
316,23,0,-1,7404,CCVE,,,,,,,,
317,23,0,-1,7404,CCALPeps,14229.384,14220.881399999998,0.01178563829878144,0.01178890603230362,0.18821109396769636,0.18821436170121858,,
318,23,0,-1,8638,CVE,,,,,,,,
319,23,0,-1,8638,CCVE,,,,,,,,
320,23,0,-1,8638,CCALPeps,17222.493,17215.069199999998,0.059047151178229215,0.05907730107797386,0.14092269892202614,0.14095284882177078,,
321,23,0,-1,9872,CVE,,,,,,,,
322,23,0,-1,9872,CCVE,,,,,,,,
323,23,0,-1,9872,CCALPeps,13449.5958,13441.637399999998,0.09236140914346222,0.0923638254794504,0.10763617452054959,0.10763859085653778,,
324,23,0,-1,11106,CVE,,,,,,,,
325,23,0,-1,11106,CCVE,,,,,,,,
326,23,0,-1,11106,CCALPeps,14398.0336,14390.283,0.08610324544038184,0.08610325277405464,0.11389674722594537,0.11389675455961816,,
327,23,0,-1,12340,CVE,,,,,,,,
328,23,0,-1,12340,CCVE,,,,,,,,
329,23,0,-1,12340,CCALPeps,11374.7454,11366.3414,0.008102133284803532,0.008102218456290822,0.19189778154370918,0.19189786671519646,,
330,25,0,-1,1234,CVE,,,,,,,,
331,25,0,-1,1234,CCVE,,,,,,,,
332,25,0,-1,1234,CCALPeps,11841.777,11833.498199999998,0.0005686177532730613,0.000568618183285197,0.18195849602065747,0.18195849641299502,0.017472885796057158,0.01747288583373206
333,25,0,-1,2468,CVE,,,,,,,,
334,25,0,-1,2468,CCVE,,,,,,,,
335,25,0,-1,2468,CCALPeps,21126.3136,21117.976,0.08226775282146605,0.08272493919967672,0.09526246225390739,0.09571964497628867,0.022012598520509775,0.02201260221232018
336,25,0,-1,3702,CVE,,,,,,,,
337,25,0,-1,3702,CCVE,,,,,,,,
338,25,0,-1,3702,CCALPeps,18222.9814,18214.1664,0.0020194081874521817,0.002019408187557329,0.007446501489959623,0.007446527459522514,0.19053406435302525,0.19053409032248314
339,25,0,-1,4936,CVE,,,,,,,,
340,25,0,-1,4936,CCVE,,,,,,,,
341,25,0,-1,4936,CCALPeps,16249.339000000002,16241.0478,0.012610758375064706,0.012610762813409343,0.133821906595723,0.13382226610257714,0.05356697552235814,0.05356733059086766
342,25,0,-1,6170,CVE,,,,,,,,
343,25,0,-1,6170,CCVE,,,,,,,,
344,25,0,-1,6170,CCALPeps,18886.3956,18878.287600000003,0.04778713453770431,0.04778714159461214,0.03220561974201324,0.03220563192849351,0.12000723353117868,0.12000723866599809
345,25,0,-1,7404,CVE,,,,,,,,
346,25,0,-1,7404,CCVE,,,,,,,,
347,25,0,-1,7404,CCALPeps,19557.752399999998,19549.715000000004,0.16475680531452272,0.16478074441964857,0.008867023452542849,0.008867771549578038,0.026352232127808593,0.02637542313589924
348,25,0,-1,8638,CVE,,,,,,,,
349,25,0,-1,8638,CCVE,,,,,,,,
350,25,0,-1,8638,CCALPeps,20574.173600000002,20564.154799999997,0.019963617314545535,0.0199636196759313,0.09144837163184814,0.09144838273290268,0.08858799995255179,0.08858800885225414
351,25,0,-1,9872,CVE,,,,,,,,
352,25,0,-1,9872,CCVE,,,,,,,,
353,25,0,-1,9872,CCALPeps,19980.996399999996,19970.7634,0.019402381390698505,0.019402394690225706,0.13330439585710757,0.13330441306292068,0.047293205496500346,0.0472932095025498
354,25,0,-1,11106,CVE,,,,,,,,
355,25,0,-1,11106,CCVE,,,,,,,,
356,25,0,-1,11106,CCALPeps,16776.363999999998,16766.157999999996,0.006018196360727846,0.0060181963607278625,0.1665394148504351,0.1665394148504352,0.02744238878883696,0.02744238878883703
357,25,0,-1,12340,CVE,,,,,,,,
358,25,0,-1,12340,CCVE,,,,,,,,
359,25,0,-1,12340,CCALPeps,15887.421399999997,15878.974599999998,0.06200074752795913,0.06200084843868368,0.03087465915507791,0.030874676802923377,0.10712449240623838,0.10712457566928184
360,27,0,-1,1234,CVE,,,,,,,,
361,27,0,-1,1234,CCVE,,,,,,,,
362,27,0,-1,1234,CCALPeps,12204.598399999999,12195.1786,0.1719430146406427,0.1719436726434652,0.028056327356534804,0.0280569853593573,,
363,27,0,-1,2468,CVE,,,,,,,,
364,27,0,-1,2468,CCVE,,,,,,,,
365,27,0,-1,2468,CCALPeps,14637.173999999999,14628.944999999998,0.1590371025518532,0.15903711555664096,0.04096288444335903,0.04096289744814681,,
366,27,0,-1,3702,CVE,,,,,,,,
367,27,0,-1,3702,CCVE,,,,,,,,
368,27,0,-1,3702,CCALPeps,11953.588400000002,11944.5068,0.11432904584707013,0.11432904584707038,0.08567095415292962,0.08567095415292986,,
369,27,0,-1,4936,CVE,,,,,,,,
370,27,0,-1,4936,CCVE,,,,,,,,
371,27,0,-1,4936,CCALPeps,12396.5396,12383.4624,0.1999218769034335,0.19993276763340986,6.723236659015191e-05,7.812309656650819e-05,,
372,27,0,-1,6170,CVE,,,,,,,,
373,27,0,-1,6170,CCVE,,,,,,,,
374,27,0,-1,6170,CCALPeps,12821.5128,12812.4274,0.052892917289341965,0.05289301200526619,0.14710698799473382,0.14710708271065803,,
375,27,0,-1,7404,CVE,,,,,,,,
376,27,0,-1,7404,CCVE,,,,,,,,
377,27,0,-1,7404,CCALPeps,14350.891199999998,14341.004,0.06541560875355812,0.06541881650539441,0.13458118349460557,0.1345843912464419,,
378,27,0,-1,8638,CVE,,,,,,,,
379,27,0,-1,8638,CCVE,,,,,,,,
380,27,0,-1,8638,CCALPeps,14199.2516,14189.249,0.07789646177818402,0.07789700130529784,0.12210299869470216,0.122103538221816,,
381,27,0,-1,9872,CVE,,,,,,,,
382,27,0,-1,9872,CCVE,,,,,,,,
383,27,0,-1,9872,CCALPeps,14970.258600000001,14961.503,0.17431307536037374,0.17432949515423007,0.025670504845769916,0.025686924639626248,,
384,27,0,-1,11106,CVE,,,,,,,,
385,27,0,-1,11106,CCVE,,,,,,,,
386,27,0,-1,11106,CCALPeps,14073.375,14063.745400000003,0.17998176846927044,0.1799833637636735,0.0200166362363265,0.02001823153072957,,
387,27,0,-1,12340,CVE,,,,,,,,
388,27,0,-1,12340,CCVE,,,,,,,,
389,27,0,-1,12340,CCALPeps,11161.372599999999,11151.8676,0.09030636116853588,0.09030636116853612,0.10969363883146388,0.10969363883146413,,
390,29,0,-1,1234,CVE,,,,,,,,
391,29,0,-1,1234,CCVE,,,,,,,,
392,29,0,-1,1234,CCALPeps,23314.197600000003,23302.3114,0.1055589141695561,0.10555894489653309,0.029723604260238574,0.02972361579122833,0.06471744959871312,0.0647174714479308
393,29,0,-1,2468,CVE,,,,,,,,
394,29,0,-1,2468,CCVE,,,,,,,,
395,29,0,-1,2468,CCALPeps,24421.678200000002,24411.4392,0.16907643425390628,0.16907643436688963,0.002867626452607646,0.0028676367367853227,0.028055928896325178,0.02805593929348596
396,29,0,-1,3702,CVE,,,,,,,,
397,29,0,-1,3702,CCVE,,,,,,,,
398,29,0,-1,3702,CCALPeps,21038.793,21029.449,0.005810221055527106,0.005810221055527118,0.16073458171794958,0.16073458171794966,0.033455197226523244,0.03345519722652332
399,29,0,-1,4936,CVE,,,,,,,,
400,29,0,-1,4936,CCVE,,,,,,,,
401,29,0,-1,4936,CCALPeps,15745.098600000001,15734.222399999999,0.02708073677574289,0.027080951591023618,0.02123421604152137,0.021234242032221646,0.15168483236745503,0.15168502119203553
402,29,0,-1,6170,CVE,,,,,,,,
403,29,0,-1,6170,CCVE,,,,,,,,
404,29,0,-1,6170,CCALPeps,22108.5322,22097.332399999996,0.012053021080148604,0.012053024519556612,0.10078171708777042,0.10078171842532808,0.08716525705511671,0.0871652618320796
405,29,0,-1,7404,CVE,,,,,,,,
406,29,0,-1,7404,CCVE,,,,,,,,
407,29,0,-1,7404,CCALPeps,21110.7482,21099.7058,0.004597353577125455,0.0045973535899398055,0.18512192171133934,0.1851219217369684,0.010280724673092009,0.010280724711535048
408,29,0,-1,8638,CVE,,,,,,,,
409,29,0,-1,8638,CCVE,,,,,,,,
410,29,0,-1,8638,CCALPeps,24284.7652,24273.7296,0.014723217643570105,0.014723251430060707,0.029790160717352472,0.029790532247548206,0.15548621633405962,0.15548662163907742
411,29,0,-1,9872,CVE,,,,,,,,
412,29,0,-1,9872,CCVE,,,,,,,,
413,29,0,-1,9872,CCALPeps,27592.6114,27582.5368,0.03000604254032761,0.030006358296816936,0.08020122208473009,0.08020222949829126,0.0897917279613811,0.0897924197039753
414,29,0,-1,11106,CVE,,,,,,,,
415,29,0,-1,11106,CCVE,,,,,,,,
416,29,0,-1,11106,CCALPeps,21430.3742,21420.9124,0.10688476729162324,0.10688477933688992,0.09193005373768684,0.09193006591678973,0.0011851667915870332,0.0011851669254233292
417,29,0,-1,12340,CVE,,,,,,,,
418,29,0,-1,12340,CCVE,,,,,,,,
419,29,0,-1,12340,CCALPeps,19983.3276,19973.4164,0.0795663213683444,0.0795663213683446,0.09682222299463887,0.09682222299463908,0.023611455637016516,0.023611455637016575
