,24,23,22,21,20,14,13,12,11,10,4,3,2,1,0
0,1,0,0,0,1,0,0,1,0,0,1,1,1,0,1
1,1,0,0,1,1,0,0,0,1,1,1,0,1,1,0
2,1,0,0,0,1,0,1,0,0,0,0,0,1,0,1
3,0,0,0,1,1,0,0,0,0,0,0,0,1,1,0
4,1,0,0,0,1,0,0,0,1,1,0,1,1,1,0
5,1,0,0,1,1,0,0,0,0,0,0,1,1,1,0
6,1,0,0,0,1,0,0,0,1,0,0,1,1,1,0
7,1,0,0,0,1,0,0,1,1,1,1,0,1,1,0
8,0,0,0,0,0,0,0,1,0,0,0,0,1,0,1
9,0,1,1,0,1,0,0,0,1,0,0,1,1,1,0
10,1,0,0,0,1,0,1,0,1,1,1,0,1,1,0
11,1,0,0,1,1,0,0,0,0,0,0,1,1,1,0
12,1,0,0,0,1,0,0,0,0,0,0,0,1,1,0
13,1,0,0,1,1,0,1,0,0,0,0,0,1,1,0
14,0,0,0,1,1,0,0,0,1,1,1,0,1,1,0
15,1,0,0,1,1,0,0,1,0,0,0,0,1,1,0
16,0,0,0,1,1,0,0,0,1,1,1,0,1,1,0
17,1,0,0,0,1,0,1,0,1,0,0,1,1,0,1
18,1,0,0,1,1,0,0,1,0,0,0,1,1,1,0
19,1,0,0,0,1,0,0,1,0,0,0,1,1,0,1
20,1,0,0,0,1,0,0,1,1,1,1,1,1,0,1
21,0,0,0,0,1,0,1,0,1,0,0,1,1,0,1
22,1,0,0,0,1,0,0,0,1,1,0,0,1,0,1
23,1,0,0,1,1,0,1,1,1,1,1,1,1,1,0
24,0,0,0,0,1,0,0,0,1,1,1,0,1,0,1
25,0,0,0,1,1,0,0,0,1,1,1,1,1,0,0
26,0,0,0,1,1,0,1,0,0,0,0,1,1,1,0
27,1,0,0,0,1,0,0,0,1,0,1,0,1,0,1
28,1,0,0,0,1,0,1,0,0,0,0,1,1,1,0
29,1,0,0,1,1,0,0,1,1,1,1,1,0,0,1
30,0,0,0,0,1,0,0,1,0,0,0,1,1,0,1
31,0,0,0,0,1,0,1,0,1,1,1,0,1,0,0
32,0,0,0,0,1,0,1,1,0,0,0,1,1,1,0
33,1,0,0,1,1,0,0,0,1,1,0,1,1,0,1
34,1,0,0,0,1,0,1,0,1,0,0,0,1,1,0
35,1,0,0,0,1,0,1,0,0,0,0,1,1,1,0
36,0,0,0,1,1,0,0,0,0,0,0,1,1,1,0
37,1,0,0,1,1,0,0,0,1,0,0,1,1,1,0
38,1,0,0,1,1,0,0,0,0,0,0,1,1,1,0
39,1,0,0,0,1,0,0,0,0,0,0,0,1,1,0
40,1,0,0,1,1,0,0,1,1,1,0,1,1,1,0
41,1,0,0,1,1,0,0,0,1,1,1,0,1,0,1
42,1,0,0,0,1,0,1,0,1,1,1,1,1,1,0
43,1,0,0,0,1,0,1,0,1,0,0,0,1,1,0
44,1,0,0,1,1,0,1,0,0,0,0,0,1,0,1
45,0,0,0,0,1,0,1,0,1,1,1,1,1,1,0
46,0,0,0,1,1,0,0,0,1,1,1,0,1,1,0
47,0,0,0,0,1,0,1,0,1,0,0,1,1,1,0
48,1,0,0,1,1,0,0,0,1,0,0,1,1,0,0
49,1,0,0,0,1,0,0,0,1,1,0,0,1,0,1
50,1,0,0,0,1,0,0,1,0,0,0,1,1,0,1
51,1,0,0,0,1,0,0,0,1,1,1,0,1,0,1
52,0,0,0,0,1,0,1,0,1,1,1,1,1,1,0
53,1,0,0,0,1,0,0,1,0,0,0,1,1,1,0
54,1,0,0,0,1,0,0,0,1,1,1,1,1,0,0
55,1,0,0,0,1,0,0,1,1,1,1,0,1,1,0
56,0,0,0,0,1,0,0,1,1,0,0,0,1,1,0
57,1,0,0,0,1,0,1,0,0,0,0,1,1,0,0
58,0,0,0,0,1,0,1,1,1,0,0,1,1,0,1
59,0,0,0,0,1,0,0,0,1,0,0,1,1,0,1
60,1,0,0,0,1,0,1,0,0,0,0,0,1,0,1
61,1,0,0,0,1,0,1,1,0,0,0,1,1,0,1
62,1,0,0,0,1,0,1,0,0,0,0,0,1,1,0
63,0,0,0,1,1,0,0,1,1,0,0,1,1,0,0
64,1,0,0,0,1,0,1,1,1,1,0,0,1,1,0
65,1,0,0,0,1,0,0,1,1,1,1,0,1,0,0
66,0,0,0,0,1,0,0,0,1,1,0,0,1,0,1
67,1,0,0,0,1,0,0,1,1,0,0,1,1,0,1
68,1,0,0,0,1,1,1,0,1,1,1,0,1,0,1
69,0,0,0,0,1,0,1,0,0,0,0,1,0,0,1
70,1,0,0,1,1,0,0,1,0,0,0,0,1,1,0
71,1,0,0,1,1,0,1,0,1,0,0,0,1,0,0
72,1,0,0,0,1,0,1,0,1,0,0,1,1,0,1
73,1,0,0,0,1,0,1,0,0,0,0,1,1,1,0
74,1,0,0,1,1,0,0,1,1,1,1,0,1,0,1
75,0,0,0,1,1,0,1,0,1,0,0,1,1,1,0
76,0,0,0,0,1,0,0,0,0,0,0,0,1,1,0
77,1,0,0,1,1,0,1,1,1,1,1,0,1,1,0
78,1,0,0,1,1,0,1,0,1,1,1,0,1,1,0
79,0,0,0,0,1,0,0,1,1,1,0,0,1,1,0
80,1,0,0,1,1,0,0,1,1,1,1,1,1,1,0
81,1,0,0,0,1,0,0,1,1,1,1,1,1,1,0
82,0,0,0,1,1,0,0,0,1,0,0,1,1,1,0
83,0,0,0,0,1,0,1,1,1,1,1,0,1,1,0
84,0,0,0,0,1,0,0,0,1,1,1,0,1,0,0
85,1,0,0,1,1,0,1,0,1,0,0,0,1,1,0
86,1,0,0,0,1,0,0,1,0,0,0,1,1,0,0
87,1,0,0,0,1,0,1,0,1,0,0,0,1,1,0
88,1,0,0,1,1,0,0,1,1,0,0,1,1,0,0
89,1,0,0,0,1,0,1,1,0,0,0,1,1,1,0
90,0,0,0,0,0,0,0,0,1,1,1,1,1,1,0
91,1,0,0,0,1,0,1,0,0,1,0,0,1,1,0
92,1,0,0,0,1,0,1,1,1,0,0,0,1,1,0
93,1,0,0,1,1,0,0,1,0,0,0,1,1,0,1
94,1,0,0,1,1,0,0,0,1,0,1,1,1,1,0
95,0,0,0,0,1,0,0,1,1,1,1,0,1,0,1
96,1,0,0,0,1,0,0,0,1,0,0,0,1,1,0
97,0,0,0,0,1,0,1,0,0,0,1,0,1,0,1
98,1,0,0,1,1,0,0,0,1,1,0,0,1,1,0
99,1,0,0,0,1,0,0,0,1,1,1,1,1,1,0
100,1,0,0,0,1,0,0,1,1,1,1,1,1,1,0
101,1,0,0,1,1,0,0,0,1,1,0,1,1,1,0
102,1,0,0,0,1,0,1,0,1,1,1,1,1,1,0
103,1,0,0,1,1,0,0,1,0,1,1,0,1,1,0
104,1,0,0,0,1,0,1,0,0,0,0,0,1,1,0
105,1,0,0,0,1,0,1,1,1,0,0,1,1,1,0
106,1,0,0,1,1,0,0,0,0,0,0,1,1,0,1
107,0,0,0,1,1,0,1,0,0,0,0,1,1,0,1
108,1,0,0,0,1,0,0,1,0,0,0,1,1,1,0
109,1,0,0,1,1,0,0,1,1,0,0,1,1,1,0
110,1,0,0,0,1,0,1,0,1,0,0,1,1,1,0
111,1,0,0,0,1,0,0,1,0,0,0,1,1,0,1
112,0,0,0,0,1,1,1,0,1,0,0,0,1,1,0
113,1,0,0,1,1,0,1,0,1,1,1,0,1,1,0
114,1,0,0,0,1,0,0,0,0,1,0,0,1,1,0
115,1,0,0,1,1,1,1,0,0,0,0,1,0,0,1
116,0,0,0,0,1,0,1,0,1,0,0,1,1,1,0
117,1,0,0,0,1,0,0,0,0,1,0,0,1,1,0
118,1,0,0,1,1,0,1,0,1,0,0,1,1,1,0
119,0,0,0,0,1,0,1,0,0,0,0,0,1,1,0
120,1,0,0,0,1,0,1,0,0,0,0,1,1,0,1
121,0,0,0,0,1,1,0,0,1,0,0,1,1,0,1
122,0,0,0,0,1,0,1,0,1,1,1,0,1,0,0
123,1,0,0,1,1,0,1,0,1,1,1,1,1,1,0
124,0,0,0,0,1,0,0,0,1,1,1,1,1,1,0
125,0,0,0,0,1,0,1,1,0,0,0,1,1,1,0
126,0,0,0,1,1,0,1,0,0,1,1,1,1,1,0
127,0,0,0,0,1,1,0,1,0,1,1,0,1,1,0
128,1,0,0,0,1,0,1,0,1,0,0,0,1,1,0
129,1,0,0,0,1,0,1,1,0,0,0,1,1,1,0
130,1,0,0,0,1,0,1,0,0,0,0,0,1,0,1
131,1,0,0,0,1,1,1,1,1,0,0,1,1,0,0
132,1,0,0,1,1,0,1,0,0,0,0,1,1,1,0
133,1,0,0,0,1,0,0,1,0,0,0,1,1,1,0
134,0,0,0,0,1,0,1,0,1,1,1,1,1,0,1
135,0,0,0,1,1,1,1,0,0,0,0,1,1,1,0
136,0,0,0,1,1,0,0,0,1,0,0,1,1,1,0
137,0,0,0,1,1,0,0,1,0,0,0,0,1,1,0
138,1,0,0,1,1,0,0,1,1,1,1,0,1,1,0
139,1,0,0,0,1,0,0,0,1,1,1,0,1,0,1
140,1,0,0,0,1,0,1,1,1,1,1,0,1,1,0
141,0,0,0,0,1,0,0,1,1,0,0,1,1,0,0
142,1,0,0,0,1,0,1,1,0,0,0,0,1,1,0
143,1,0,0,1,1,0,0,1,1,0,0,1,1,1,0
144,1,0,0,0,1,0,1,0,0,0,0,0,1,1,0
145,1,0,0,1,1,1,0,0,0,0,1,1,1,1,0
146,0,0,0,1,1,0,1,0,1,1,1,1,1,1,0
147,1,0,0,1,1,0,1,0,1,1,1,1,0,0,1
148,1,0,0,1,1,0,0,1,1,1,1,1,1,0,1
149,1,0,0,0,1,0,0,1,1,1,1,0,0,0,0
150,1,0,0,0,1,0,1,0,1,0,0,0,1,0,0
151,1,0,1,1,1,0,0,1,0,0,0,0,1,0,1
152,0,0,0,0,0,0,0,0,1,0,0,1,1,1,0
153,0,0,0,0,1,0,1,0,0,0,0,1,1,1,0
154,0,0,0,1,1,0,0,0,1,1,1,1,1,1,0
155,1,0,0,0,1,0,1,1,1,1,0,1,1,1,0
156,0,0,0,0,1,0,0,1,0,0,0,1,1,1,0
157,0,0,0,0,1,0,0,0,1,0,0,0,1,1,0
158,1,0,0,0,1,0,1,0,1,0,0,1,1,1,0
159,0,0,0,1,1,1,1,0,1,1,0,1,1,1,0
160,1,0,0,0,1,0,0,1,0,0,0,1,1,1,0
161,1,0,0,0,1,0,1,0,1,1,1,0,1,1,0
162,1,0,0,1,1,0,1,0,0,0,0,1,1,1,0
163,0,0,0,1,1,0,0,1,1,1,0,1,1,1,0
164,1,0,0,0,1,0,0,1,1,0,0,0,1,1,0
165,1,0,0,0,1,0,0,1,0,1,1,0,1,1,0
166,1,0,0,0,1,0,0,0,0,0,0,0,1,1,0
167,1,0,0,0,1,1,1,0,0,0,0,1,1,0,1
168,0,0,0,1,1,0,0,1,1,0,0,0,1,1,0
169,0,0,0,0,1,0,1,0,1,1,1,0,1,1,0
170,1,0,0,0,1,0,1,0,1,0,0,1,1,1,0
171,1,0,0,1,1,0,0,1,1,0,0,1,1,1,0
172,0,0,0,0,1,0,1,0,0,0,0,1,1,1,0
173,1,0,0,1,1,0,1,0,0,0,0,1,1,1,0
174,1,0,0,0,0,0,1,0,0,1,1,1,1,1,0
175,1,0,0,0,1,0,0,1,1,0,0,1,1,0,0
176,1,0,0,0,1,0,0,1,0,0,0,1,1,1,0
177,1,0,0,0,1,0,0,0,0,0,0,0,1,0,1
178,1,0,0,0,1,0,1,0,1,1,0,0,1,1,0
179,1,0,0,0,1,0,1,0,1,1,1,0,1,1,0
180,1,0,0,0,1,0,0,0,1,1,1,0,1,1,0
181,1,0,0,1,1,0,1,0,0,0,0,1,1,1,0
182,1,0,0,0,1,1,0,0,1,1,1,0,1,1,0
183,1,0,0,0,1,0,0,0,1,1,1,0,1,1,0
184,1,0,0,0,1,0,0,0,0,1,1,0,1,1,0
185,1,0,0,1,1,0,1,0,1,0,0,1,1,1,0
186,1,0,0,0,1,0,0,0,0,0,0,1,1,1,0
187,0,0,0,1,1,0,1,0,1,0,0,1,1,1,0
188,1,0,0,1,1,0,0,1,0,0,1,1,1,0,0
189,0,0,0,0,1,1,1,1,1,1,0,0,1,1,0
190,1,0,0,0,1,0,0,1,1,1,1,0,1,1,0
191,1,0,0,0,1,0,0,1,1,1,1,0,1,0,1
192,1,0,0,0,1,0,1,0,0,0,0,1,1,1,0
193,1,0,0,0,1,0,0,0,1,1,0,0,1,1,0
194,0,0,0,1,1,0,1,0,1,0,1,1,1,0,1
195,1,0,0,0,1,0,0,0,1,1,0,1,1,0,0
196,1,0,0,0,1,0,0,1,1,0,0,1,1,1,0
197,1,0,0,1,1,0,0,0,1,0,0,0,1,1,0
198,1,0,0,0,1,0,1,0,0,1,1,0,1,0,1
199,1,0,0,1,1,0,0,1,0,0,0,1,1,0,0
200,1,0,0,0,1,0,1,0,1,0,0,1,1,0,0
201,1,0,0,0,1,0,1,0,0,0,1,0,1,1,0
202,1,0,0,1,1,0,1,0,0,1,1,1,0,0,1
203,1,0,0,1,1,0,0,1,0,0,0,0,1,1,0
204,1,0,0,0,1,1,0,1,1,0,0,0,1,1,0
205,1,0,0,0,1,0,1,0,0,1,1,0,1,1,0
206,1,0,0,0,1,0,0,0,1,1,1,1,1,1,0
207,1,0,0,0,1,0,1,1,0,0,0,0,1,1,0
208,1,0,0,0,1,0,0,1,1,1,1,0,1,1,0
209,1,0,0,0,1,0,1,0,1,0,0,1,1,1,0
210,1,0,0,0,1,0,0,1,0,1,1,0,1,1,0
211,1,0,0,0,1,0,0,0,0,0,0,1,1,1,0
212,1,0,0,0,1,0,1,0,0,0,0,1,1,0,0
213,1,0,0,1,1,0,1,0,0,0,0,1,1,1,0
214,1,0,0,0,1,0,0,0,1,1,1,0,1,0,1
215,1,0,0,1,1,0,1,0,0,0,0,1,1,0,0
216,1,0,0,0,1,0,0,0,0,0,0,1,1,1,0
217,1,0,0,1,1,0,0,0,1,1,0,0,1,0,1
218,1,0,0,0,1,0,0,1,0,0,0,0,1,1,0
219,0,0,1,1,1,0,1,0,1,1,0,0,1,1,0
220,1,0,0,0,1,0,1,0,1,0,0,1,1,0,1
221,1,0,0,0,1,0,1,0,1,0,0,1,1,1,0
222,1,0,0,0,1,0,0,0,0,0,0,0,1,0,1
223,1,0,0,1,1,0,1,0,1,0,0,1,1,1,0
224,1,0,0,1,1,0,1,0,1,1,1,1,1,0,0
225,1,0,0,0,1,0,0,1,0,0,0,1,1,1,0
226,1,0,0,0,1,1,1,0,0,0,0,0,1,1,0
227,0,0,0,0,1,0,0,0,1,1,1,1,1,1,0
228,1,0,0,0,1,0,0,0,1,1,0,1,1,0,0
229,1,0,0,1,1,0,0,1,1,1,1,1,1,1,0
230,1,0,0,1,1,0,1,0,0,0,0,1,1,0,1
231,0,0,0,0,1,0,0,1,0,0,0,0,1,0,0
232,1,0,0,0,1,0,0,1,1,0,0,1,1,0,1
233,1,0,0,0,1,0,0,0,1,0,0,0,1,1,0
234,1,0,0,1,1,0,0,1,1,0,0,1,1,1,0
235,1,0,0,0,1,0,1,0,0,0,0,1,1,1,0
236,1,0,0,0,1,0,0,0,0,0,0,1,1,0,0
237,0,0,0,0,1,0,0,0,1,1,0,0,1,1,0
238,1,0,0,0,1,0,1,0,0,0,0,1,1,1,0
239,0,0,0,0,1,0,0,0,1,1,1,0,1,1,0
240,0,0,0,0,1,0,0,0,0,1,1,1,1,1,0
241,0,0,0,0,1,0,0,0,0,0,0,1,1,1,0
242,1,0,0,0,1,0,0,1,1,1,0,1,1,0,1
243,1,0,0,0,1,0,1,0,0,1,1,0,1,0,1
244,1,0,0,0,1,0,0,1,0,0,0,0,1,0,1
245,0,0,0,0,1,0,1,0,0,0,1,0,1,1,0
246,1,0,0,0,1,0,0,1,1,1,1,1,1,1,0
247,1,0,0,1,1,0,1,0,1,0,0,1,1,1,0
248,1,0,0,1,1,0,0,1,1,0,1,1,1,1,0
249,1,0,0,0,1,0,0,0,1,1,1,0,1,1,0
250,1,0,1,1,1,0,1,0,0,0,0,1,1,0,1
251,1,0,0,1,1,0,1,0,0,0,0,0,1,1,0
252,1,0,0,0,1,0,0,1,0,0,1,0,1,0,0
253,0,0,0,0,1,1,1,0,1,1,1,1,1,1,0
254,1,0,0,0,1,0,1,0,0,0,0,0,1,1,0
255,0,0,0,0,1,0,0,0,0,0,0,1,1,1,0
256,0,0,0,0,1,0,0,0,1,1,1,1,1,1,0
257,0,0,0,0,1,0,1,0,1,1,1,0,1,1,0
258,1,0,0,0,1,0,1,0,1,1,1,0,1,0,0
259,1,0,0,0,1,0,0,1,0,0,0,1,1,0,0
260,0,0,0,1,1,0,0,1,0,0,0,1,1,0,1
261,1,0,0,1,1,0,0,0,0,0,1,0,1,1,0
262,1,0,0,0,1,0,0,1,1,1,0,0,1,1,0
263,1,0,0,1,1,0,1,0,1,0,0,1,1,0,1
264,1,0,0,1,1,0,0,1,0,0,0,1,1,1,0
265,1,0,0,0,1,0,1,0,0,0,0,0,1,1,0
266,1,0,0,0,1,0,0,1,1,1,1,0,1,1,0
267,1,0,0,0,1,0,0,0,0,0,0,1,1,1,0
268,1,0,0,0,1,0,1,1,1,1,1,1,1,1,0
269,1,0,0,0,1,0,0,1,0,0,0,0,1,1,0
270,1,0,0,1,1,0,1,0,1,1,1,1,1,1,0
271,1,0,0,1,1,0,0,0,1,1,1,1,1,1,0
272,0,0,0,0,1,1,1,0,1,0,0,1,1,1,0
273,1,0,0,1,1,0,1,0,0,0,0,1,1,0,1
274,1,0,0,1,1,0,0,1,1,1,1,0,1,1,0
275,1,0,0,0,1,0,1,0,0,0,1,1,1,1,0
276,0,0,0,1,1,0,1,0,1,1,0,0,1,0,1
277,1,0,0,0,1,1,1,0,1,1,1,0,1,1,0
278,1,0,0,0,1,0,0,1,1,0,0,1,0,0,1
279,1,0,0,0,1,1,1,1,1,1,0,1,1,1,0
280,1,0,0,0,1,0,0,0,1,1,1,1,1,1,0
281,1,0,0,1,1,0,1,0,1,1,1,1,1,0,0
282,0,0,0,1,1,0,0,1,1,1,1,1,1,1,0
283,1,0,0,0,1,0,1,0,1,1,1,1,1,1,0
284,0,0,0,0,1,0,0,1,1,1,1,0,1,1,0
285,1,0,0,0,1,1,0,1,0,1,0,0,1,1,0
286,0,0,0,0,1,0,1,0,0,0,0,1,1,0,0
287,1,0,0,0,1,0,1,1,0,0,0,1,1,1,0
288,1,0,0,0,1,0,0,1,0,0,0,0,1,0,1
289,0,0,0,1,1,0,0,1,0,0,0,1,1,1,0
290,1,0,0,1,1,0,1,0,1,1,1,0,1,1,0
291,1,0,0,0,1,0,0,1,0,0,0,1,1,1,0
292,1,0,0,1,1,0,0,1,1,1,1,1,1,0,0
293,1,0,0,0,1,0,0,1,1,1,1,1,1,1,0
294,0,0,0,1,1,0,1,0,0,0,0,1,1,1,0
295,1,0,0,1,1,0,0,0,1,0,0,1,1,0,1
296,0,0,0,0,1,0,1,0,1,1,1,0,1,0,1
297,1,0,0,0,1,0,1,0,0,0,0,1,1,1,0
298,1,0,0,0,1,0,0,0,1,1,1,0,1,0,1
299,0,0,0,0,1,1,1,0,1,1,0,0,1,1,0
300,1,0,0,0,1,0,0,0,1,1,0,1,1,0,1
301,1,0,0,0,1,0,1,0,0,0,0,0,1,1,0
302,1,0,0,1,1,0,0,0,1,0,0,1,1,0,0
303,1,0,0,1,1,0,1,0,1,0,0,1,1,0,1
304,1,0,0,0,1,0,0,0,1,1,1,0,1,1,0
305,0,0,0,0,1,0,1,0,1,1,0,1,1,0,1
306,1,0,0,1,1,0,1,0,1,0,1,0,1,0,0
307,1,0,0,0,1,0,0,1,0,0,0,0,1,0,1
308,1,0,0,0,1,1,0,1,1,1,1,0,1,0,1
309,1,0,0,0,1,0,1,0,0,1,1,0,1,0,1
310,1,0,0,0,1,0,1,0,1,1,1,0,1,0,1
311,0,0,0,1,1,0,0,0,1,0,0,0,1,1,0
312,0,0,0,1,1,0,0,1,0,0,0,1,1,1,0
313,1,0,0,0,1,0,0,0,0,1,1,0,1,1,0
314,0,0,0,0,1,0,0,1,1,1,1,0,1,1,0
315,1,0,0,0,1,0,0,1,0,0,0,0,1,1,0
316,0,0,0,0,1,0,0,0,1,1,1,1,1,1,0
317,1,0,0,0,1,0,1,0,0,0,0,1,0,0,1
318,1,0,0,1,1,0,1,0,1,1,1,0,1,1,0
319,0,0,0,0,1,0,0,0,1,1,1,1,1,1,0
320,1,0,0,0,1,0,0,1,0,0,0,1,1,1,0
321,0,0,0,0,1,0,0,1,0,0,0,1,1,1,0
322,1,0,0,1,1,0,1,0,0,0,0,0,1,1,0
323,0,0,0,1,1,0,0,0,1,1,0,1,0,0,1
324,1,0,0,1,1,0,1,0,0,0,0,0,1,0,1
325,1,0,0,0,1,0,0,0,1,1,0,1,1,1,0
326,1,0,0,0,1,0,1,0,1,1,1,1,1,1,0
327,1,0,0,1,1,0,0,1,1,0,1,1,0,0,0
328,1,0,0,1,1,0,0,1,1,0,0,1,1,1,0
329,1,0,0,0,1,0,0,1,1,1,1,0,1,1,0
330,1,0,0,0,1,0,1,0,1,0,0,0,1,0,0
331,1,0,0,0,1,0,0,1,1,1,0,1,1,1,0
332,0,0,0,1,1,0,0,0,0,0,0,1,1,1,0
333,1,0,0,0,1,0,0,0,0,0,0,1,0,0,0
334,0,0,0,0,1,0,1,0,1,1,0,1,1,1,0
335,0,0,0,0,1,0,0,1,1,1,1,1,1,1,0
336,1,0,0,1,1,0,1,0,1,0,0,1,1,1,0
337,1,0,0,0,1,0,1,0,1,0,0,1,1,0,1
338,1,0,0,0,1,0,0,1,1,1,1,1,1,0,0
339,0,0,0,0,1,0,1,0,0,0,0,0,1,1,0
340,1,0,0,0,1,0,0,1,1,1,0,0,1,0,0
341,1,0,0,0,1,0,1,0,1,1,1,0,1,1,0
342,1,0,0,0,1,0,1,0,1,1,1,0,1,1,0
343,1,0,0,0,1,0,1,0,1,0,0,1,1,1,0
344,0,0,0,1,1,0,0,1,0,0,0,1,1,0,0
345,1,0,0,0,1,0,1,0,1,0,0,0,1,1,0
346,1,0,0,0,1,0,1,0,0,0,0,1,1,1,0
347,0,0,0,0,1,0,1,1,0,1,1,1,1,1,0
348,1,0,0,0,1,0,0,1,0,0,0,1,1,0,0
349,0,0,0,0,1,0,0,0,0,0,0,1,1,0,1
350,1,0,0,1,1,1,1,0,0,0,0,1,1,1,0
351,1,0,0,0,1,0,0,0,1,0,0,1,1,0,0
352,1,0,0,0,1,0,1,0,1,1,1,0,1,1,0
353,0,0,0,0,1,0,1,1,1,0,0,0,1,1,0
354,1,0,0,0,1,0,0,1,0,0,0,1,1,1,0
355,1,0,0,0,1,0,1,0,1,0,0,1,1,1,0
356,1,0,0,0,1,0,0,0,0,0,0,1,1,0,0
357,1,0,0,1,1,0,0,0,1,1,0,0,1,1,0
358,1,0,0,0,1,0,0,1,1,1,1,1,1,0,1
359,0,0,0,1,1,0,0,1,1,1,1,0,1,0,0
360,1,0,0,0,1,0,1,0,1,1,1,1,1,1,0
361,1,0,0,1,1,0,0,0,1,0,1,1,1,1,0
362,1,0,0,0,1,0,0,0,0,0,0,1,1,0,0
363,1,0,0,0,1,0,0,1,1,1,1,0,0,0,1
364,1,0,0,0,1,0,0,0,0,0,0,1,0,0,1
365,0,0,0,0,1,0,0,1,0,1,1,1,1,0,1
366,1,0,0,0,1,0,0,1,0,1,1,0,0,0,1
367,1,0,0,0,1,0,0,1,0,0,0,0,1,1,0
368,0,0,0,0,1,0,1,0,0,1,1,1,1,0,0
369,1,0,0,1,1,0,1,0,0,0,0,0,1,1,0
370,1,0,0,0,1,0,0,1,0,0,0,0,1,1,0
371,1,0,0,0,1,0,0,1,0,0,0,1,1,0,1
372,0,0,0,0,0,0,1,0,0,0,1,0,1,1,0
373,1,0,0,0,1,0,1,0,0,0,0,1,1,1,0
374,1,0,0,0,1,0,1,0,1,0,0,1,1,1,0
375,1,0,0,1,1,0,0,1,0,0,0,1,1,1,0
376,1,0,0,0,1,0,1,1,1,1,1,1,1,1,0
377,1,0,0,0,1,1,1,1,0,0,0,1,1,1,0
378,1,0,0,1,1,0,1,1,1,1,0,0,1,0,0
379,1,0,0,0,1,0,0,1,0,1,1,1,1,1,0
380,1,0,0,1,1,0,0,0,0,0,0,1,1,1,0
381,0,0,0,0,1,1,0,1,1,1,1,0,1,1,0
382,0,0,0,0,1,0,0,1,1,1,1,1,1,1,0
383,1,0,0,0,1,0,1,0,1,0,1,1,1,1,0
384,1,0,0,1,1,0,1,0,0,1,1,0,1,1,0
385,1,0,0,0,1,0,0,1,1,0,0,1,1,1,0
386,1,0,0,0,1,0,0,0,0,0,0,0,1,1,0
387,0,0,0,0,1,0,0,1,0,0,0,1,1,1,0
388,1,0,0,0,1,0,1,1,0,0,0,1,1,0,1
389,0,0,0,0,1,0,1,0,1,0,0,1,1,1,0
390,1,0,0,0,1,0,0,1,1,1,1,1,1,1,0
391,1,0,0,1,1,0,0,1,1,0,0,0,1,1,0
392,0,0,0,0,1,0,1,1,0,0,0,1,1,0,0
393,1,0,0,1,1,0,0,0,0,0,0,1,1,1,0
394,1,0,0,1,1,0,0,1,1,0,0,1,1,1,0
395,0,0,0,0,1,0,0,0,1,1,1,1,1,1,0
396,1,0,0,0,1,0,1,0,1,0,0,0,1,1,0
397,0,0,0,1,1,0,1,0,1,0,0,0,1,1,0
398,1,0,0,1,1,0,1,0,0,0,0,0,1,1,0
399,1,0,0,0,1,0,0,1,1,0,0,0,1,0,0
400,1,0,0,0,1,0,1,0,1,1,0,0,1,1,0
401,1,0,0,0,1,0,1,1,1,1,0,1,1,0,1
402,0,0,0,1,1,0,1,0,0,0,0,0,1,1,0
403,1,0,0,0,1,0,1,0,0,0,0,0,1,1,0
404,0,0,0,0,1,0,0,1,1,0,0,1,1,1,0
405,1,0,0,0,1,0,1,0,1,0,0,0,1,0,1
406,1,0,0,0,1,0,1,0,1,0,0,1,1,1,0
407,1,0,0,0,1,0,1,0,1,1,1,0,1,1,0
408,1,0,0,0,1,0,1,0,0,0,0,1,1,0,0
409,0,0,0,0,1,1,1,0,0,0,0,0,1,1,0
410,1,0,0,1,1,0,1,0,1,0,0,1,1,1,1
411,0,0,0,0,1,0,0,1,1,0,0,1,1,1,0
412,1,0,0,0,1,0,1,0,1,1,0,1,1,1,0
413,0,0,0,0,1,0,0,1,0,0,0,1,1,1,0
414,1,0,0,0,1,0,1,1,1,0,0,0,1,0,0
415,0,0,0,1,1,0,1,0,1,0,0,0,1,1,0
416,1,0,0,0,1,0,1,0,1,0,0,1,1,1,0
417,1,0,0,0,1,0,0,1,1,1,0,0,1,0,0
418,1,0,0,0,1,0,1,0,1,0,0,0,1,1,0
419,1,0,0,0,1,0,0,1,0,0,0,1,1,1,0
420,1,0,0,0,1,0,1,0,1,0,0,1,1,1,0
421,0,0,0,0,1,0,1,0,0,0,0,0,1,1,0
422,1,0,0,0,1,0,0,0,1,0,0,1,0,0,1
423,0,0,0,0,1,0,0,0,1,0,0,1,1,1,0
424,1,0,0,0,1,0,1,1,0,0,0,1,1,1,0
425,1,0,0,0,1,0,1,1,0,0,0,1,1,1,0
426,1,0,0,0,1,0,1,0,1,0,0,0,1,1,0
427,1,0,1,1,1,0,1,0,0,0,0,1,1,1,1
428,1,0,0,1,1,0,0,1,0,1,1,1,1,1,1
429,0,0,0,1,1,0,0,1,1,1,1,0,1,0,1
430,0,0,0,1,1,0,0,1,0,0,0,1,1,1,0
431,1,0,0,0,1,0,0,1,1,1,0,1,1,1,0
432,1,0,0,0,1,0,0,1,1,1,0,0,1,1,0
433,1,0,0,0,0,1,0,0,1,0,0,1,1,1,0
434,1,0,0,1,1,0,1,0,0,0,0,1,1,1,0
435,1,0,0,1,1,0,1,1,1,0,0,1,1,1,0
436,0,0,0,0,1,0,1,0,0,0,0,0,1,1,0
437,1,0,0,1,1,0,0,1,0,0,0,1,1,0,0
438,0,0,0,0,1,0,1,0,1,0,0,0,1,1,0
439,1,0,0,1,1,1,0,0,1,1,1,1,1,1,0
440,1,0,0,0,1,0,0,0,0,1,1,1,1,1,0
441,1,0,0,1,1,0,1,1,0,0,0,1,1,1,0
442,1,0,0,0,1,0,0,1,1,0,0,0,1,1,0
443,1,0,0,1,1,0,0,1,1,1,1,1,1,1,0
444,1,0,0,0,1,0,0,1,1,0,0,1,1,1,0
445,1,0,0,0,1,0,1,0,0,0,0,1,1,1,0
446,1,0,0,0,0,0,1,0,1,1,1,1,1,0,1
447,0,0,0,0,1,0,1,0,0,0,0,1,1,0,1
448,1,0,0,0,1,0,0,0,0,0,0,1,1,0,0
449,1,0,0,0,1,0,0,0,0,1,1,0,1,1,0
450,0,0,0,0,1,0,0,0,1,0,0,0,1,0,1
451,1,0,0,1,1,0,0,1,0,0,0,0,1,1,0
452,1,0,0,1,1,0,0,0,1,0,1,1,1,1,0
453,1,0,0,1,1,0,1,0,0,0,0,0,1,1,0
454,1,0,0,1,1,0,0,1,1,1,1,1,1,1,0
455,0,0,0,0,1,0,1,0,1,1,0,0,1,1,0
456,0,0,0,0,1,0,1,0,1,1,1,1,1,1,0
457,0,0,0,1,1,0,0,0,1,0,0,0,1,0,1
458,1,0,0,0,1,0,1,0,0,0,0,1,1,1,0
459,1,0,0,0,1,1,1,1,1,1,1,1,1,1,0
460,0,0,0,0,1,0,0,0,0,0,0,0,1,1,0
461,0,0,0,0,1,0,1,0,0,0,0,1,1,0,1
462,0,0,0,0,1,0,0,0,1,0,0,1,1,1,0
463,0,0,0,0,1,0,1,1,1,0,0,0,1,0,0
464,1,0,0,0,1,0,0,1,1,1,1,0,1,1,0
465,1,0,0,0,1,0,1,0,1,1,1,1,1,1,0
466,1,0,0,0,1,1,0,1,1,1,1,0,1,1,0
467,1,0,0,1,1,0,1,0,1,1,1,0,1,0,1
468,0,1,1,1,1,0,1,0,1,0,0,1,1,0,0
469,1,0,0,0,1,0,1,0,1,0,0,1,1,0,1
470,1,0,0,1,1,0,0,0,1,0,0,1,1,1,0
471,1,0,0,0,1,0,0,0,1,0,0,0,1,1,0
472,0,0,0,0,1,0,0,1,1,1,0,1,1,1,0
473,1,0,0,0,1,0,0,1,1,0,0,0,1,0,0
474,1,0,0,0,1,0,1,0,1,0,0,1,1,1,0
475,0,0,0,0,1,0,1,0,1,0,0,0,1,1,0
476,1,0,0,0,1,0,0,1,0,0,1,0,1,0,0
477,1,0,0,0,1,0,1,0,1,0,0,1,1,0,0
478,1,0,0,1,1,0,0,1,1,0,0,1,1,1,0
479,1,0,0,0,1,0,0,1,1,1,0,1,1,0,1
480,0,0,0,1,1,1,1,0,1,1,1,1,1,1,0
481,1,0,0,0,1,0,0,0,1,1,1,0,1,1,0
482,1,0,0,0,1,0,1,0,1,0,0,0,1,1,0
483,0,0,0,1,1,0,0,1,1,0,1,1,1,1,0
484,1,0,0,1,1,0,1,0,1,0,0,0,1,0,1
485,1,0,0,1,1,0,1,0,0,0,1,1,1,0,0
486,1,0,0,0,1,0,1,0,0,0,0,1,1,1,0
487,0,0,0,0,1,0,0,0,1,1,1,0,1,1,0
488,1,0,0,0,1,0,0,0,0,0,0,0,1,1,0
489,1,0,0,0,1,0,1,1,1,0,1,1,1,0,1
490,1,0,0,0,1,0,0,1,1,1,0,1,1,1,0
491,0,0,0,0,1,0,1,0,0,0,0,0,1,0,0
492,1,0,0,1,1,0,1,0,1,1,1,1,1,0,0
493,0,0,0,0,1,0,1,0,0,0,0,0,1,0,1
494,1,0,0,0,1,0,0,0,1,1,1,0,1,1,0
495,0,0,0,0,1,0,1,0,0,0,0,1,0,0,0
496,1,0,0,0,1,0,0,1,1,1,1,0,1,1,0
497,1,0,0,0,1,0,0,1,0,1,1,0,1,1,0
498,0,0,0,0,1,0,0,1,1,0,0,1,1,1,0
499,1,0,0,1,1,0,0,1,1,0,0,0,1,0,1
500,0,0,0,1,1,0,0,1,1,1,1,0,1,1,0
501,1,0,0,0,1,0,1,0,1,1,0,1,1,1,0
502,1,0,0,1,1,0,0,0,1,1,0,0,1,1,0
503,1,0,0,1,1,0,1,0,0,1,0,1,1,1,0
504,1,0,0,0,1,0,1,0,1,1,1,0,1,0,0
505,1,0,0,0,1,0,0,1,0,0,0,1,1,1,0
506,1,0,0,1,1,0,0,0,1,1,1,0,1,1,0
507,1,0,0,0,1,0,0,0,1,1,0,1,1,1,0
508,1,0,0,1,1,0,0,1,0,1,0,0,1,1,0
509,0,1,1,1,1,0,0,1,1,0,0,0,1,1,0
510,1,0,0,1,1,0,0,1,1,1,0,0,1,0,1
511,1,0,0,0,1,0,0,1,0,0,0,1,1,0,1
512,0,0,0,0,1,0,1,0,1,0,0,0,1,1,0
513,0,0,0,0,1,0,1,1,1,0,0,0,1,1,0
514,1,0,0,1,1,0,0,1,1,0,0,1,1,0,1
515,0,0,0,0,1,0,1,1,1,1,1,0,1,1,0
516,1,0,0,0,1,0,0,1,0,0,0,0,1,0,0
517,1,0,0,0,1,0,1,0,0,0,1,0,1,1,0
518,1,0,0,0,1,0,0,1,0,0,0,1,1,1,0
519,1,0,0,1,1,0,1,0,0,0,0,1,1,1,0
520,1,0,0,1,1,0,1,0,1,1,0,0,1,0,0
521,1,0,0,0,1,0,0,1,0,0,0,1,1,1,0
522,0,0,0,0,1,0,1,0,0,0,0,1,1,1,0
523,0,0,0,0,1,0,1,0,0,0,0,1,1,1,0
524,0,0,0,0,1,0,0,1,1,0,0,1,1,0,1
525,0,0,0,1,1,0,0,1,1,1,1,0,1,0,0
526,1,0,0,0,1,0,1,0,0,0,0,0,1,0,0
527,1,0,0,0,1,0,0,0,1,1,1,0,1,1,0
528,1,0,0,0,1,0,0,0,1,0,0,0,1,1,0
529,1,0,0,0,1,0,1,0,1,1,1,0,1,1,0
530,0,0,0,1,1,0,0,1,1,1,0,0,1,0,1
531,1,0,0,0,1,0,0,1,1,0,0,1,1,1,0
532,1,0,0,0,1,0,0,0,1,1,1,0,1,0,1
533,0,0,0,0,1,0,1,0,0,0,0,0,1,0,0
534,1,0,0,0,1,1,1,1,1,1,1,0,1,1,0
535,0,0,0,1,1,0,1,0,1,0,0,0,1,0,1
536,0,0,0,0,1,0,1,1,0,0,0,0,1,1,0
537,1,0,0,1,1,0,0,0,0,0,0,1,1,0,1
538,1,0,0,0,1,1,1,0,1,0,0,0,1,1,0
539,1,0,0,0,1,0,0,0,1,1,0,1,1,1,0
540,1,0,0,0,1,0,1,0,1,1,1,1,1,0,0
541,0,0,0,0,1,0,1,0,1,0,0,1,1,1,0
542,0,0,0,0,1,0,0,0,0,0,0,1,1,1,0
543,1,0,0,0,1,0,1,0,0,0,0,1,1,1,0
544,0,0,0,0,1,0,0,1,1,1,1,1,1,0,0
545,1,0,0,0,1,0,1,0,0,0,1,0,1,1,0
546,1,0,0,0,1,0,0,0,1,1,1,0,1,1,0
547,1,0,0,0,1,0,1,0,0,0,0,0,1,1,0
548,1,0,0,0,1,0,1,0,1,1,1,0,1,0,1
549,1,0,0,0,1,0,1,0,1,0,1,0,1,1,0
550,1,0,0,0,0,0,1,0,1,0,1,0,1,1,0
551,1,0,0,0,1,0,1,0,1,0,0,0,1,0,0
552,1,0,0,0,1,0,0,0,1,0,1,1,1,0,1
553,1,0,0,0,1,0,0,1,1,1,0,1,1,0,0
554,1,0,0,1,1,0,0,1,1,1,1,0,1,1,0
555,0,0,0,0,1,0,0,1,1,0,0,0,1,0,0
556,1,0,0,0,1,0,0,0,0,0,0,1,1,1,0
557,1,0,0,0,1,0,0,0,0,1,0,1,1,0,0
558,0,0,0,1,1,0,1,1,1,1,1,0,1,1,0
559,1,0,0,0,1,1,0,1,1,1,0,0,1,1,0
560,1,0,0,0,1,0,0,1,1,0,0,0,1,1,0
561,0,0,0,1,1,0,0,1,0,0,0,0,1,1,0
562,1,0,0,0,1,0,0,0,1,1,1,0,1,1,0
563,1,0,0,1,1,0,1,0,1,0,0,0,1,0,1
564,1,0,0,0,1,0,0,1,1,0,0,1,1,1,0
565,1,0,0,0,1,0,0,0,1,1,1,0,1,1,0
566,1,0,0,0,1,0,0,1,1,1,0,1,1,1,0
567,0,0,0,0,1,0,1,0,0,0,0,1,1,0,1
568,1,0,0,1,1,0,1,0,0,0,0,1,1,0,0
569,1,0,0,0,1,0,0,1,1,0,0,1,1,1,0
570,1,0,0,1,1,0,1,0,1,0,0,1,1,1,0
571,1,0,0,0,1,0,1,0,1,1,1,0,1,0,0
572,0,0,0,0,1,0,1,0,0,0,0,0,1,1,0
573,1,0,0,1,1,0,1,0,1,1,1,1,1,0,1
574,1,0,1,1,1,0,0,1,1,0,0,0,1,1,0
575,1,0,0,1,1,0,1,1,1,1,1,0,1,1,0
576,0,0,0,0,1,0,1,0,1,0,0,1,1,0,0
577,1,0,0,1,1,0,0,1,1,0,0,0,1,1,0
578,0,0,0,0,1,0,0,0,0,0,0,0,1,1,0
579,0,0,0,0,1,0,1,0,1,0,0,0,1,1,0
580,0,0,0,1,1,0,0,1,0,1,1,0,1,1,0
581,0,0,0,0,1,0,1,0,1,0,1,1,1,1,0
582,1,0,0,0,1,0,0,0,1,1,1,0,1,0,1
583,1,0,0,0,1,0,0,1,0,0,0,1,1,0,0
584,1,0,0,0,1,0,0,1,1,1,0,1,1,1,0
585,0,0,0,0,1,0,0,1,0,1,1,0,1,0,1
586,1,0,0,0,0,0,0,1,1,0,0,0,1,1,0
587,1,0,0,0,1,0,1,0,0,1,1,1,1,1,0
588,0,0,0,1,1,0,0,1,1,1,1,0,1,1,0
589,1,0,0,0,0,0,0,1,0,0,0,0,1,1,0
590,1,0,0,0,1,0,1,0,1,0,0,0,1,1,0
591,1,0,0,1,1,0,0,1,1,1,1,1,1,0,1
592,1,0,0,0,1,0,1,0,0,0,0,1,1,1,0
593,1,0,0,0,1,0,1,0,0,0,0,1,1,1,0
594,1,0,0,0,1,0,0,1,1,0,0,1,1,1,0
595,0,0,0,0,1,0,0,1,0,0,0,1,1,1,0
596,1,0,0,0,1,0,1,0,0,0,1,0,1,1,0
597,0,0,0,1,1,0,0,1,0,0,0,1,1,1,0
598,0,0,0,0,1,0,0,1,1,0,0,1,1,1,0
599,1,0,0,0,1,0,0,0,0,0,0,0,1,1,0
600,1,0,0,1,1,0,0,1,1,0,1,1,1,1,0
601,1,0,0,1,1,0,0,0,0,0,1,0,1,0,1
602,1,0,0,1,1,0,1,0,1,0,0,0,1,0,1
603,1,0,0,0,1,0,1,0,1,1,0,1,1,1,0
604,1,0,0,1,1,0,1,0,1,0,0,1,1,0,1
605,1,0,0,1,1,0,1,0,1,0,0,1,1,1,0
606,1,0,0,0,1,0,1,0,0,1,0,0,1,0,1
607,1,0,0,0,1,0,0,0,1,1,0,1,1,0,1
608,1,0,0,0,1,0,1,0,0,0,0,1,0,0,1
609,1,0,0,1,1,0,1,1,0,0,0,0,1,1,0
610,0,0,0,1,1,0,1,0,1,0,0,1,1,0,1
611,1,0,0,1,1,0,0,1,0,1,1,1,1,0,1
612,1,0,0,0,1,0,1,0,0,0,0,1,1,1,0
613,0,0,0,1,1,0,1,0,0,1,1,1,1,1,0
614,1,0,0,1,1,0,1,0,1,0,0,1,1,1,0
615,1,0,1,1,1,0,0,1,1,0,0,0,1,0,1
616,0,0,0,1,1,0,0,1,1,1,1,0,1,0,1
617,1,0,0,0,1,0,0,1,0,0,0,1,1,0,0
618,1,0,0,0,1,0,0,0,0,0,0,1,1,0,0
619,1,0,0,0,1,0,1,0,1,0,0,0,1,0,0
620,0,0,0,0,1,0,1,0,1,1,1,1,1,0,1
621,1,0,0,1,1,0,0,0,1,0,0,1,1,1,0
622,1,0,0,0,1,0,0,1,1,0,0,1,1,0,0
623,1,0,0,0,1,0,0,1,1,1,1,0,1,0,1
624,1,0,0,0,1,0,0,1,1,0,0,0,1,1,0
625,1,0,0,0,0,0,0,1,1,0,0,0,1,0,1
626,1,0,0,0,1,0,1,1,1,0,0,1,1,1,0
627,0,0,0,0,1,0,0,0,1,0,0,1,1,1,0
628,1,0,0,0,1,0,1,1,0,1,1,0,1,0,1
629,1,0,0,0,1,0,1,0,0,0,0,1,1,1,0
630,0,0,0,0,1,0,1,0,0,1,1,0,1,0,0
631,1,0,0,1,1,0,1,0,1,1,0,1,1,0,0
632,1,0,0,0,1,0,0,0,1,0,0,1,1,0,0
633,1,0,0,0,1,0,0,0,1,0,0,0,1,1,0
634,0,0,0,0,1,0,1,0,1,1,1,1,1,1,0
635,1,0,0,0,1,0,1,0,1,1,1,1,1,1,0
636,0,0,0,0,1,0,0,1,1,0,1,0,1,0,1
637,1,0,0,1,1,0,1,1,1,1,1,0,1,0,1
638,1,0,0,0,1,0,0,0,1,1,1,0,1,0,1
639,1,0,0,1,1,0,0,0,1,0,0,1,1,1,0
640,1,0,0,1,1,0,0,1,0,0,0,0,1,1,0
641,1,0,0,0,1,0,1,0,0,0,0,0,1,0,1
642,1,0,0,0,1,0,0,0,1,1,1,1,1,1,0
643,1,0,0,0,1,0,0,0,1,1,1,1,1,1,0
644,1,0,0,0,1,0,1,0,1,0,0,1,1,0,1
645,0,0,0,1,1,0,1,0,1,1,0,0,1,1,0
646,1,0,0,0,1,0,0,1,1,1,1,0,1,1,0
647,1,0,0,0,1,0,0,1,1,1,0,1,1,0,1
648,1,0,0,0,1,0,1,0,0,0,0,0,1,1,0
649,1,0,0,0,1,0,1,0,1,1,1,1,1,1,0
650,1,0,0,0,1,0,1,0,1,0,0,1,1,1,0
651,1,0,0,1,1,0,1,0,0,0,0,1,1,1,0
652,1,0,0,1,1,0,0,0,1,1,1,1,1,1,1
653,1,0,0,0,1,0,0,0,1,1,1,0,1,1,0
654,1,0,0,0,1,1,0,1,0,1,1,0,1,1,0
655,1,0,0,1,1,0,0,0,1,1,0,0,1,1,0
656,1,0,0,0,1,0,0,0,0,0,0,0,1,1,0
657,0,0,0,1,1,0,0,1,1,1,0,0,1,1,0
658,1,0,0,0,1,0,0,0,1,0,0,1,1,1,0
659,1,0,0,0,1,0,1,0,1,0,0,1,1,1,0
660,0,0,0,1,1,0,0,1,1,0,0,1,1,1,0
661,1,0,0,0,1,0,0,0,1,1,1,1,1,1,0
662,0,0,0,0,1,0,1,0,1,0,0,1,1,0,1
663,1,0,0,0,1,0,1,0,1,1,1,0,1,1,0
664,1,0,0,0,1,0,1,0,1,1,1,0,1,1,0
665,1,0,0,1,1,0,1,0,0,0,0,1,1,1,0
666,1,0,0,0,1,0,1,0,1,0,0,1,1,1,0
667,1,0,0,0,1,0,0,1,1,1,0,1,1,1,0
668,0,0,0,0,0,0,0,0,1,1,1,1,1,1,0
669,1,0,0,1,1,0,0,0,1,0,0,0,1,0,0
670,1,0,0,1,1,0,0,1,1,1,0,1,1,1,0
671,1,0,0,0,1,1,1,0,1,1,1,0,1,1,0
672,1,0,0,0,1,0,1,0,1,1,1,1,0,0,1
673,1,0,0,0,1,0,1,0,0,0,0,0,1,0,1
674,0,0,0,0,1,0,1,0,0,0,0,0,1,1,0
675,1,0,0,1,1,0,1,0,1,0,0,1,1,0,0
676,0,0,0,1,1,0,0,1,1,0,0,1,1,1,0
677,0,0,0,0,1,0,1,0,0,0,1,0,1,1,0
678,1,0,0,1,1,0,1,0,1,1,0,1,1,1,0
679,0,0,0,0,1,0,1,0,0,0,0,0,1,1,0
680,1,0,0,1,1,0,1,0,1,0,0,0,1,1,0
681,1,0,0,1,1,0,0,1,1,1,1,1,1,1,0
682,1,0,0,0,1,0,0,1,1,0,0,0,1,1,0
683,1,0,0,1,1,0,0,0,1,0,0,1,1,0,0
684,0,0,0,0,1,0,1,1,1,1,1,1,1,1,0
685,1,0,0,1,1,0,0,1,1,1,1,0,1,1,1
686,0,0,0,0,1,0,0,1,1,0,0,0,1,1,1
687,1,0,0,0,1,0,0,1,0,0,0,1,1,1,0
688,1,0,0,1,1,0,1,0,0,1,1,0,1,0,1
689,1,0,0,0,1,0,1,0,0,1,1,0,1,0,1
690,1,0,0,1,1,0,0,1,0,1,1,0,1,1,0
691,1,0,0,1,1,0,1,0,1,0,0,0,1,1,0
692,1,0,0,1,1,0,0,0,1,1,1,1,1,0,1
693,1,0,0,0,1,0,0,0,1,0,0,0,1,1,0
694,1,0,0,0,1,0,0,1,1,0,1,0,1,0,1
695,0,0,0,0,1,0,0,1,1,1,1,0,1,1,0
696,1,0,0,0,1,0,1,0,1,1,0,0,0,0,1
697,1,0,0,1,1,0,1,0,1,1,0,0,1,1,0
698,1,0,1,1,1,0,1,0,1,0,1,0,1,1,0
699,1,0,0,0,1,0,0,1,0,0,1,1,1,0,0
700,1,0,0,0,1,0,0,1,0,0,0,0,1,1,0
701,1,0,0,0,1,0,0,0,1,0,0,1,1,1,0
702,1,0,0,0,1,0,1,0,0,0,0,0,1,1,0
703,1,0,0,1,1,0,0,1,0,0,0,0,1,0,1
704,1,0,0,1,1,0,0,0,0,0,0,1,1,0,0
705,1,0,0,0,1,0,1,0,0,1,1,0,1,1,0
706,1,0,0,0,1,1,1,0,0,0,0,0,1,1,0
707,0,1,1,1,1,1,1,0,0,1,1,1,1,0,1
708,0,0,0,0,1,0,0,1,1,1,0,1,1,0,1
709,1,0,0,0,1,0,0,0,1,0,0,0,1,1,0
710,1,0,0,1,1,0,1,0,0,0,0,1,1,0,1
711,1,0,0,0,1,0,0,0,0,0,0,0,1,1,0
712,0,0,0,1,1,0,1,1,1,1,1,0,1,1,0
713,1,0,0,1,1,0,0,0,1,1,1,0,1,0,1
714,1,0,0,1,1,0,0,0,1,0,0,1,1,1,0
715,1,0,0,1,1,0,1,0,1,1,1,1,1,0,1
716,1,0,0,1,1,0,1,0,1,0,0,1,1,1,0
717,0,0,0,1,1,0,1,0,0,1,1,1,1,1,0
718,0,0,0,1,1,0,1,1,1,0,0,0,1,1,0
719,1,0,0,1,1,0,0,0,1,1,1,0,0,0,0
720,0,0,0,0,1,0,0,0,0,1,0,1,1,1,0
721,1,0,0,0,1,0,1,0,1,1,1,1,1,0,0
722,1,0,0,0,1,0,0,0,0,1,1,0,1,1,0
723,1,0,0,1,1,0,1,1,1,1,0,1,1,1,0
724,1,0,0,1,1,0,0,1,1,1,0,1,1,1,0
725,1,0,0,1,1,0,1,1,1,0,0,1,1,0,0
726,0,0,0,1,1,0,1,0,0,0,0,1,1,1,0
727,0,0,0,0,1,0,1,0,0,0,0,1,1,1,0
728,1,0,0,0,1,0,0,0,1,0,0,0,1,1,0
729,1,0,0,0,1,0,0,0,1,0,1,1,1,0,1
730,1,0,0,0,1,0,1,1,0,0,1,0,1,1,0
731,1,0,0,0,1,0,1,0,0,0,1,1,1,1,0
732,1,0,0,0,1,0,1,0,0,0,0,1,1,0,0
733,1,0,0,0,1,0,1,1,1,1,1,1,1,1,0
734,1,0,0,1,1,0,1,0,0,0,0,1,1,0,1
735,1,0,0,1,1,0,0,0,0,0,0,0,1,0,1
736,1,0,0,0,1,0,1,0,0,0,1,1,1,1,0
737,0,0,0,0,1,0,1,0,1,1,1,0,1,1,0
738,1,0,0,0,1,0,1,1,1,0,0,0,1,1,0
739,1,0,0,0,1,0,0,1,1,1,1,0,1,1,0
740,1,0,0,0,1,1,1,0,0,0,0,0,1,1,0
741,1,0,0,1,1,0,0,1,1,1,1,1,1,1,0
742,0,0,0,1,1,0,0,0,1,1,1,0,1,1,0
743,0,0,0,0,1,0,0,1,1,1,1,0,1,1,0
744,0,0,0,1,1,0,1,1,1,1,1,0,1,0,1
745,1,0,0,1,1,0,1,0,1,0,0,0,1,1,0
746,0,0,0,1,1,0,0,0,1,0,0,1,1,1,0
747,1,0,0,0,1,0,1,1,1,1,0,1,1,0,1
748,1,0,0,0,1,0,0,1,1,0,0,1,1,1,0
749,1,0,0,0,1,0,0,0,1,1,0,1,1,0,1
750,1,0,0,1,1,0,1,1,1,0,0,1,1,0,0
751,1,0,0,1,1,0,1,0,1,0,1,1,1,0,0
752,1,0,0,1,1,0,0,1,1,1,1,1,1,1,0
753,1,0,0,1,1,0,0,0,0,0,0,1,1,1,0
754,1,0,0,0,1,0,1,0,1,1,1,1,1,0,1
755,1,0,0,0,1,0,0,1,1,1,1,1,1,1,0
756,0,0,0,0,1,0,1,0,1,1,1,1,1,0,1
757,1,0,0,1,1,0,1,1,0,0,0,1,0,0,0
758,0,0,0,1,1,0,0,1,0,0,0,1,1,1,0
759,1,0,0,0,1,0,0,0,1,1,1,1,1,1,0
760,0,0,0,0,1,0,1,0,1,0,0,0,1,1,0
761,1,0,0,0,1,0,1,0,1,0,0,1,1,1,0
762,1,0,0,1,1,0,1,0,0,1,1,0,1,1,0
763,1,0,0,1,1,1,0,1,1,0,0,0,1,1,0
764,1,0,0,0,1,0,0,1,1,0,0,1,1,1,0
765,0,0,0,0,1,0,0,1,0,0,1,1,1,1,0
766,0,0,0,1,1,0,0,1,1,1,1,0,1,1,0
767,1,0,0,1,1,0,0,1,0,0,1,1,1,1,0
768,0,0,0,0,1,0,1,0,1,0,0,0,1,1,0
769,0,0,0,0,1,0,1,0,0,0,0,1,1,1,0
770,1,0,0,0,1,0,1,0,1,1,1,0,0,0,0
771,1,0,0,1,1,0,1,1,1,1,1,0,1,1,0
772,1,0,0,0,1,1,1,0,0,0,0,0,1,1,0
773,1,0,0,0,1,0,0,1,0,0,0,1,0,0,0
774,1,0,0,1,1,0,0,1,0,1,1,0,1,0,0
775,1,0,0,1,1,0,1,0,1,1,0,0,1,0,1
776,0,0,0,0,1,0,1,1,1,0,0,0,1,1,0
777,1,0,0,0,1,0,1,0,1,0,0,0,1,0,0
778,0,0,0,0,1,0,1,0,0,0,0,1,1,1,0
779,0,0,0,1,1,0,0,1,1,0,0,0,1,1,0
780,1,0,0,0,1,0,0,0,1,1,1,0,1,1,0
781,1,0,0,0,1,0,0,1,1,1,0,0,1,1,0
782,1,0,0,0,1,0,1,0,1,0,0,1,0,0,0
783,0,0,0,0,1,0,1,0,1,0,0,1,1,1,0
784,1,0,0,0,1,0,1,0,0,0,0,1,1,0,1
785,1,0,0,0,1,0,1,0,0,0,0,1,1,0,1
786,1,0,0,1,1,1,1,0,1,1,1,1,1,1,0
787,1,0,0,0,1,0,0,1,0,0,0,0,1,0,1
788,0,0,0,0,1,0,0,1,0,0,0,0,1,1,0
789,0,0,0,1,1,0,1,1,1,1,1,0,1,1,0
790,1,0,0,0,1,0,1,1,1,1,1,1,1,0,1
791,1,0,0,0,1,0,1,0,1,1,0,0,1,1,0
792,0,0,0,0,1,0,0,1,0,0,0,1,1,1,0
793,1,0,0,1,1,0,1,1,1,0,0,1,1,0,1
794,1,0,0,1,1,1,1,0,0,0,0,1,1,0,1
795,1,0,0,1,1,0,1,0,1,1,1,0,1,1,0
796,1,0,0,0,1,0,0,1,0,0,0,1,1,0,0
797,1,0,0,1,1,0,0,1,1,1,1,0,1,1,0
798,1,0,0,0,1,0,1,0,0,0,0,0,1,1,0
799,1,0,0,1,1,0,0,0,1,0,0,0,1,1,0
800,1,0,0,1,1,0,1,0,0,0,0,1,1,1,0
801,1,0,0,1,1,0,0,1,0,0,0,0,1,1,0
802,1,0,0,0,1,0,0,0,1,1,0,0,1,0,1
803,1,0,0,0,1,0,1,1,0,0,0,1,1,0,1
804,1,0,0,1,1,0,0,0,0,1,1,1,1,1,0
805,0,0,0,0,1,0,0,1,1,0,0,0,1,1,0
806,0,0,0,0,1,0,1,0,1,0,0,1,1,1,0
807,1,0,0,0,1,0,1,0,1,1,1,1,1,0,1
808,1,0,0,0,1,0,0,1,0,0,0,0,1,0,0
809,1,1,1,1,1,0,1,0,1,0,0,1,1,1,0
810,1,0,0,1,1,0,0,1,0,0,0,0,1,1,0
811,0,0,0,0,1,0,0,1,1,1,1,1,1,1,0
812,0,0,0,0,1,0,0,1,1,1,1,1,1,0,0
813,1,0,0,1,1,0,0,0,1,0,0,1,1,0,1
814,1,0,0,0,1,0,0,0,1,1,1,0,1,1,0
815,1,0,0,1,1,0,0,0,0,1,1,1,1,1,0
816,0,0,0,1,1,0,0,0,1,1,1,0,1,1,0
817,1,0,0,0,1,0,0,0,1,0,0,1,1,1,0
818,1,0,0,0,1,0,0,1,1,0,0,1,1,1,0
819,1,0,0,1,1,0,0,1,1,0,1,0,1,0,1
820,1,0,0,0,1,0,0,1,0,0,0,0,1,1,0
821,1,0,0,0,1,0,0,1,1,1,0,1,1,1,0
822,1,0,0,0,1,0,0,1,0,0,0,0,1,1,0
823,1,0,0,0,1,0,1,1,1,0,0,0,1,1,0
824,1,0,0,0,1,0,0,1,1,0,0,1,1,1,0
825,1,0,0,0,1,0,0,1,0,0,0,1,1,1,0
826,1,0,0,0,1,0,0,0,0,0,1,0,1,1,0
827,1,0,0,1,1,0,0,1,0,0,0,1,1,1,0
828,1,0,0,1,1,0,0,1,1,1,1,0,1,1,0
829,1,0,0,1,1,0,1,0,1,1,1,0,1,1,0
830,0,0,0,1,1,0,0,0,1,0,0,0,1,0,0
831,0,1,1,1,1,0,1,0,1,0,0,0,1,1,0
832,1,0,0,0,1,0,0,1,1,0,0,1,1,1,0
833,1,0,0,0,1,0,1,1,0,0,0,1,1,1,0
834,0,0,0,0,1,0,0,1,0,0,0,0,1,1,0
835,1,0,1,0,1,0,0,1,1,0,0,1,1,1,0
836,1,0,0,0,1,0,0,1,1,1,1,0,1,1,0
837,1,0,0,0,1,0,1,1,0,0,0,0,1,1,0
838,1,0,0,0,1,1,1,0,0,0,0,1,1,0,0
839,1,0,0,1,1,0,1,0,1,0,0,0,1,1,0
840,1,0,0,1,1,0,0,0,0,0,0,1,1,1,0
841,0,0,0,1,1,1,1,0,1,0,0,1,1,1,0
842,1,0,0,0,1,0,1,0,0,0,0,0,1,1,0
843,1,0,0,0,1,0,0,1,0,0,1,0,1,1,0
844,1,0,0,1,1,0,0,1,1,1,1,1,1,0,1
845,1,0,0,0,1,1,1,0,1,1,1,0,1,0,0
846,1,0,0,0,1,0,0,0,0,0,0,0,1,0,0
847,0,0,0,1,1,1,1,0,0,0,1,1,1,1,1
848,1,0,0,0,1,0,1,0,1,1,1,1,1,0,0
849,1,0,1,0,1,1,1,0,1,0,1,1,1,1,0
850,1,0,0,1,1,0,1,0,1,1,1,0,1,1,0
851,1,0,0,0,1,0,0,1,1,0,0,1,1,1,0
852,1,0,0,0,1,0,0,0,1,1,1,1,1,1,0
853,1,0,0,0,1,0,1,0,1,0,0,0,1,1,0
854,1,0,0,0,1,0,1,0,0,0,0,0,0,0,0
855,1,0,0,0,1,0,0,0,1,0,1,1,1,1,0
856,1,0,0,1,1,0,0,1,1,0,0,1,1,0,1
857,1,0,0,1,1,0,1,0,1,0,0,1,1,1,0
858,1,0,0,0,1,0,0,0,0,0,0,1,1,1,0
859,1,0,0,1,1,1,1,0,0,0,0,0,0,0,0
860,1,0,0,0,1,0,1,0,0,1,1,1,1,1,0
861,1,0,0,0,1,0,1,0,0,0,0,1,1,1,0
862,1,0,0,0,1,0,0,1,1,1,1,1,1,1,0
863,0,0,0,0,1,0,1,1,1,1,0,0,1,1,0
864,0,0,0,0,1,0,1,0,0,1,0,0,1,1,0
865,1,0,0,0,1,0,0,1,1,0,0,1,1,1,0
866,1,1,1,0,1,0,1,0,0,0,0,1,1,0,1
867,1,0,0,0,1,0,1,1,0,0,1,1,0,0,0
868,0,0,0,0,1,0,0,0,0,0,0,0,1,1,0
869,1,0,0,0,1,1,1,0,0,0,0,1,1,1,0
870,1,0,0,0,1,0,1,0,1,1,1,0,1,1,0
871,1,0,0,0,1,0,0,1,0,0,1,1,1,1,0
872,1,0,0,0,1,0,1,0,1,0,0,1,1,1,0
873,0,0,0,1,1,0,1,0,0,0,0,1,1,0,1
874,1,0,0,0,1,0,0,0,1,0,1,0,1,1,0
875,1,0,0,0,1,0,1,0,1,0,0,1,1,0,1
876,0,0,0,0,1,0,0,0,0,1,1,0,0,0,0
877,0,0,1,1,1,0,1,1,0,1,1,1,1,1,0
878,1,0,0,0,1,0,1,1,1,0,0,0,1,1,0
879,1,0,0,0,1,0,1,0,0,0,0,1,1,1,0
880,1,0,0,0,1,0,1,0,0,0,1,0,0,0,1
881,0,0,0,1,1,1,1,0,0,0,0,1,1,0,0
882,1,0,0,0,1,1,0,0,0,0,1,0,1,0,1
883,1,0,0,0,1,1,0,0,1,0,1,1,1,0,1
884,1,0,0,1,1,1,0,1,1,0,0,0,1,1,0
885,1,0,0,0,1,0,0,0,0,0,0,0,1,1,0
886,1,0,0,0,1,0,0,0,0,0,0,0,1,1,0
887,0,0,0,0,1,0,1,0,1,0,0,0,1,0,1
888,1,0,0,0,1,0,0,1,1,1,1,0,1,1,0
889,0,0,0,0,1,0,0,0,1,0,0,0,1,1,0
890,0,0,0,1,1,0,0,1,1,1,0,1,1,1,0
891,1,0,0,0,1,0,1,0,1,0,0,1,1,1,0
892,1,0,0,1,1,0,1,0,0,0,0,1,1,0,0
893,1,0,0,0,1,0,0,1,0,0,0,1,1,0,1
894,0,0,0,1,1,0,1,1,1,1,1,1,1,1,0
895,0,0,0,1,1,0,1,0,0,0,1,0,1,0,0
896,1,0,0,0,1,0,1,0,1,1,1,0,1,1,0
897,1,0,0,0,1,0,1,0,0,0,0,1,1,1,0
898,1,0,0,0,1,0,0,0,1,0,0,1,1,1,0
899,1,0,0,1,1,0,1,0,0,1,1,1,1,1,0
900,0,0,0,0,1,0,1,0,1,1,1,0,1,1,0
901,1,0,1,1,1,0,1,0,1,0,0,1,1,1,0
902,0,0,0,0,1,0,1,0,0,0,0,1,1,1,0
903,1,0,0,1,1,0,0,0,0,0,0,1,1,1,0
904,1,0,0,0,1,0,1,0,1,0,0,0,1,1,0
905,1,0,0,0,1,0,1,0,1,1,0,0,1,0,1
906,1,0,0,1,1,0,1,0,1,1,1,1,1,0,0
907,1,0,0,0,1,0,0,0,1,1,0,1,0,0,1
908,0,0,0,1,1,0,0,1,0,0,0,1,1,0,1
909,1,0,0,0,1,1,1,1,0,0,0,1,1,1,0
910,1,0,0,1,1,0,0,0,1,0,0,1,0,0,1
911,0,0,0,1,1,0,0,0,0,0,1,0,1,0,1
912,1,0,0,1,1,0,1,0,1,1,0,1,1,1,0
913,0,0,0,0,1,0,0,1,1,0,0,1,1,0,1
914,0,0,0,0,1,0,1,0,0,0,0,0,1,1,0
915,1,0,0,0,1,0,1,0,1,0,0,1,1,0,1
916,0,0,0,0,1,0,1,0,1,0,0,1,1,1,0
917,1,0,0,1,1,1,1,1,0,0,0,1,1,0,1
918,1,0,0,1,1,0,1,0,0,0,0,0,1,1,0
919,1,0,0,0,1,0,0,0,0,0,0,1,1,1,0
920,1,0,0,0,1,0,1,0,1,1,1,1,1,1,0
921,1,0,0,1,1,1,1,0,1,1,1,1,1,1,0
922,1,0,0,1,1,0,1,0,0,0,0,0,1,1,0
923,1,0,0,0,1,0,1,0,1,0,0,0,1,1,0
924,1,0,0,1,1,0,0,0,0,0,0,1,1,1,0
925,1,0,0,0,1,0,1,0,1,1,1,0,1,1,0
926,1,0,0,0,1,0,1,0,1,0,0,1,1,1,0
927,1,0,0,0,1,0,0,0,1,1,0,0,1,1,0
928,0,0,0,1,1,0,0,1,0,0,0,1,1,1,0
929,0,0,0,1,1,0,1,1,1,1,1,1,1,1,0
930,1,0,0,1,1,0,0,1,1,1,1,0,1,0,0
931,0,0,0,0,1,0,0,0,1,0,0,1,1,0,1
932,1,0,0,0,1,0,1,0,0,0,0,0,1,1,0
933,0,0,0,0,1,0,0,1,0,0,0,1,1,1,0
934,1,0,0,0,1,0,0,0,1,0,0,1,1,1,1
935,1,0,0,0,1,0,0,1,1,0,0,1,1,0,0
936,1,0,0,0,1,0,0,0,1,1,0,0,1,0,0
937,0,0,0,0,1,0,0,0,1,0,0,1,1,1,0
938,0,0,0,1,1,0,0,1,0,0,0,1,1,1,0
939,0,0,0,0,1,0,0,0,0,1,1,0,1,1,0
940,0,0,0,0,1,0,0,0,1,0,0,1,1,1,0
941,1,0,0,0,1,0,1,0,1,1,1,1,1,0,0
942,1,0,0,1,1,0,1,0,0,0,0,1,1,0,1
943,1,0,0,1,1,0,1,0,0,0,0,0,1,1,0
944,1,0,0,1,1,0,0,1,0,0,0,1,1,1,0
945,1,0,0,0,1,0,1,0,1,1,1,0,1,1,1
946,1,0,0,1,1,0,0,1,0,0,0,1,1,1,0
947,0,0,0,0,1,0,0,1,1,0,0,1,1,0,1
948,1,0,0,1,1,0,1,0,1,0,0,1,1,0,1
949,0,0,0,0,1,0,1,0,1,1,1,0,1,0,1
950,1,0,0,0,1,0,1,0,1,1,1,1,1,0,0
951,1,0,0,0,1,0,1,0,0,0,0,0,1,1,0
952,0,0,0,0,1,0,1,1,0,0,0,1,0,0,1
953,0,0,0,1,1,0,1,0,1,1,0,1,1,1,0
954,0,0,0,0,1,0,0,0,0,0,0,1,1,1,1
955,1,0,0,1,1,0,0,1,0,0,0,1,1,1,0
956,1,0,0,0,1,0,0,0,0,0,1,1,1,1,0
957,0,0,0,1,1,0,1,1,1,1,1,0,1,1,0
958,0,0,0,1,1,0,1,0,0,0,0,0,1,1,0
959,0,0,0,0,1,1,1,0,0,0,0,1,1,1,0
960,1,0,0,0,1,1,1,1,1,0,0,1,1,1,0
961,0,0,0,1,1,0,0,0,1,1,1,0,1,1,0
962,1,0,0,1,1,0,1,0,1,1,1,0,1,1,0
963,1,0,0,0,1,0,1,0,1,0,0,0,1,1,0
964,1,0,0,0,1,0,0,0,1,0,0,0,1,1,0
965,1,0,0,0,1,0,1,0,0,0,0,1,1,1,0
966,1,0,0,0,1,0,1,0,0,0,0,1,1,0,1
967,1,0,0,1,1,0,0,1,1,0,1,0,1,1,0
968,1,0,0,1,1,0,0,1,1,1,1,1,1,1,0
969,1,0,0,0,1,0,0,0,1,1,0,1,1,1,0
970,0,0,0,1,1,0,1,0,0,1,1,0,1,1,0
971,1,0,0,0,1,0,0,0,1,1,1,0,1,1,0
972,1,0,0,0,1,1,1,1,1,0,0,0,1,1,0
973,1,0,0,0,1,0,0,0,0,0,0,1,1,1,0
974,1,0,0,0,1,0,1,0,1,0,0,0,1,1,0
975,1,0,0,0,1,0,1,0,0,0,0,1,1,0,1
976,0,0,0,0,1,0,1,0,0,0,1,1,1,1,0
977,0,0,0,0,1,0,1,0,0,0,0,0,1,1,0
978,1,0,0,0,1,0,1,0,0,0,0,0,1,1,0
979,1,0,0,0,1,0,1,0,1,1,1,1,1,1,0
980,1,0,0,1,1,0,1,0,0,0,0,1,1,1,0
981,1,0,0,0,1,0,0,1,1,1,0,1,1,1,0
982,1,0,0,0,1,0,1,0,1,0,0,1,1,1,0
983,1,0,0,1,1,0,0,0,1,0,0,1,1,1,0
984,0,0,0,0,1,0,0,0,1,1,1,1,1,1,0
985,1,0,0,1,1,0,0,1,1,1,1,1,1,1,0
986,1,0,0,1,1,0,1,1,1,0,0,1,1,1,0
987,1,0,0,0,1,0,1,0,1,0,0,1,1,0,1
988,1,0,0,0,1,0,1,1,1,0,0,0,1,1,0
989,1,0,0,0,1,0,1,1,0,1,1,0,1,1,0
990,1,0,0,0,1,0,1,0,0,0,0,0,1,1,0
991,1,0,0,1,1,0,0,1,1,1,1,0,1,0,1
992,1,0,0,1,1,0,0,0,0,1,0,1,1,1,0
993,0,0,0,1,0,0,0,0,1,0,0,0,1,0,1
994,1,0,0,1,1,0,1,1,1,1,0,1,1,0,0
995,1,0,0,0,1,0,0,0,1,0,0,1,1,0,1
996,1,0,0,0,1,0,1,0,1,0,0,1,1,0,0
997,1,0,0,0,1,0,0,1,1,0,0,1,1,1,0
998,1,0,0,1,1,0,0,0,0,0,0,1,1,1,0
999,1,0,0,0,1,0,1,0,1,0,0,1,1,0,0
