,N,dovar,obsvar,seed,exovarsize,method,time,query_time,lowerbound0,upperbound0,lowerbound1,upperbound1
0,3,0,-1,1234,6,CCVE,495.842,34.448,0.14500326583932074,0.14500326583932074,0.8549967341606792,0.8549967341606792
1,3,0,-1,1234,6,CCALPeps,664.152,607.614,0.14514005371416638,0.14515459624539795,0.854845403754602,0.8548599462858336
2,3,0,-1,1851,6,CCVE,497.952,36.727,0.034050179211469536,0.9704301075268817,0.029569892473118278,0.9659498207885305
3,3,0,-1,1851,6,CCALPeps,585.35,531.181,0.0343662940892136,0.9702499284853675,0.029750071514632517,0.9656337059107865
4,3,0,-1,2468,6,CCVE,477.474,30.749,0.9596487327701201,0.9596487327701201,0.040351267229879945,0.040351267229879945
5,3,0,-1,2468,6,CCALPeps,650.219,598.305,0.9595800762082187,0.95959509587546,0.04040490412454001,0.04041992379178124
6,3,0,-1,3085,6,CCVE,484.575,34.299,0.08714250794426788,0.08714250794426788,0.9128574920557321,0.9128574920557321
7,3,0,-1,3085,6,CCALPeps,666.242,608.237,0.08718243380235935,0.08721656282255599,0.912783437177444,0.9128175661976407
8,3,0,-1,3702,6,CCVE,521.388,62.685,0.01148277583624563,0.9825632083696599,0.017436791630340013,0.9885172241637544
9,3,0,-1,3702,6,CCALPeps,620.139,560.971,0.011930173160989224,0.9822998905248376,0.01770010947516243,0.9880698268390108
10,3,0,-1,4319,6,CCVE,453.852,30.677,0.08388814913448733,0.08388814913448733,0.9161118508655126,0.9161118508655126
11,3,0,-1,4319,6,CCALPeps,609.986,557.233,0.08400640481225839,0.08400640481225856,0.9159935951877415,0.9159935951877416
12,3,0,-1,4936,6,CCVE,494.011,34.611,0.20059880239520958,0.20059880239520958,0.7994011976047904,0.7994011976047904
13,3,0,-1,4936,6,CCALPeps,596.244,543.506,0.20070516700630148,0.2008213609162544,0.7991786390837455,0.7992948329936985
14,3,0,-1,5553,6,CCVE,468.067,34.59,0.21694820605891385,0.21694820605891385,0.7830517939410861,0.7830517939410861
15,3,0,-1,5553,6,CCALPeps,701.385,646.574,0.21706599542733,0.2170659954273301,0.7829340045726699,0.78293400457267
16,3,0,-1,6170,6,CCVE,469.177,32.54,0.05294877313818338,0.05294877313818338,0.9470512268618166,0.9470512268618166
17,3,0,-1,6170,6,CCALPeps,640.021,587.128,0.05298638812415515,0.05299207172786253,0.9470079282721374,0.9470136118758449
18,3,0,-1,6787,6,CCVE,522.202,88.66,0.0,0.9892745709828394,0.010725429017160686,1.0
19,3,0,-1,6787,6,CCALPeps,613.317,558.57,0.004351206823484698,0.9892136245279752,0.010786375472024767,0.9956487931765153
20,3,0,-1,7404,6,CCVE,533.395,81.329,0.9736024844720497,1.0,0.0,0.02639751552795031
21,3,0,-1,7404,6,CCALPeps,637.993,584.597,0.9735513248364792,0.9998943644096635,0.00010563559033649472,0.026448675163520785
22,3,0,-1,8021,6,CCVE,472.795,32.681,0.9783132530120481,0.9783132530120481,0.02168674698795181,0.02168674698795181
23,3,0,-1,8021,6,CCALPeps,707.956,651.258,0.9781057674066496,0.9782074528295187,0.0217925471704813,0.021894232593350417
24,3,0,-1,8638,6,CCVE,471.638,32.774,0.004357027262542016,0.004357027262542016,0.995642972737458,0.995642972737458
25,3,0,-1,8638,6,CCALPeps,645.903,589.702,0.004370940766656721,0.0043730088265202995,0.9956269911734797,0.9956290592333433
26,3,0,-1,9255,6,CCVE,539.602,98.172,0.8620689655172413,0.9817532725109084,0.01824672748909163,0.1379310344827586
27,3,0,-1,9255,6,CCALPeps,605.712,552.945,0.8620895001510303,0.9813859277472579,0.018614072252742198,0.1379104998489697
28,3,0,-1,9872,6,CCVE,472.74,48.487,0.03468461876189082,0.2468048849758591,0.7531951150241409,0.9653153812381091
29,3,0,-1,9872,6,CCALPeps,618.498,561.976,0.03492550085847251,0.2468205730854608,0.7531794269145392,0.9650744991415275
30,3,0,-1,10489,6,CCVE,490.78,34.16,0.08238636363636365,0.08238636363636365,0.9176136363636366,0.9176136363636366
31,3,0,-1,10489,6,CCALPeps,681.36,627.081,0.08252036692299478,0.08252036692299487,0.9174796330770051,0.9174796330770052
32,3,0,-1,11106,6,CCVE,492.79,67.736,0.05138607167004733,0.8204121687929343,0.17958783120706576,0.9486139283299527
33,3,0,-1,11106,6,CCALPeps,683.141,628.582,0.05156044997877924,0.8200307274783986,0.17996927252160144,0.9484395500212208
34,3,0,-1,11723,6,CCVE,485.89,33.787,0.6937027707808564,0.6937027707808564,0.3062972292191436,0.3062972292191436
35,3,0,-1,11723,6,CCALPeps,651.848,594.756,0.6936537065004499,0.6937019355496412,0.30629806445035884,0.3063462934995501
36,3,0,-1,12340,6,CCVE,477.209,62.459,0.044977511244377814,0.1317582916855975,0.8682417083144025,0.9550224887556221
37,3,0,-1,12340,6,CCALPeps,679.576,622.955,0.045064467975663144,0.13180561638269628,0.8681943836173037,0.9549355320243369
38,3,0,-1,12957,6,CCVE,492.152,42.763,0.7361376673040153,0.7803468208092486,0.2196531791907514,0.26386233269598475
39,3,0,-1,12957,6,CCALPeps,607.451,553.351,0.7361252600410904,0.7801810214931467,0.2198189785068534,0.26387473995890964
40,3,0,-1,13574,6,CCVE,447.971,30.679,0.0,0.0,1.0,1.0
41,3,0,-1,13574,6,CCALPeps,674.562,620.873,0.00036163135655715756,0.00036174425155061736,0.9996382557484493,0.9996383686434428
42,3,0,-1,14191,6,CCVE,482.014,53.369,0.25301204819277107,0.6476426799007444,0.3523573200992555,0.7469879518072289
43,3,0,-1,14191,6,CCALPeps,634.623,582.667,0.25340460197267706,0.6474552840038613,0.3525447159961387,0.746595398027323
44,3,0,-1,14808,6,CCVE,513.305,94.501,0.7054973821989529,0.9805093555093555,0.019490644490644488,0.29450261780104714
45,3,0,-1,14808,6,CCALPeps,626.437,575.044,0.7055164464261096,0.9803162594645413,0.01968374053545877,0.29448355357389044
46,3,0,-1,15425,6,CCVE,485.501,39.267,0.02304540798907477,0.02304540798907477,0.9769545920109253,0.9769545920109253
47,3,0,-1,15425,6,CCALPeps,658.931,602.836,0.023119327515228088,0.0231626225378608,0.9768373774621392,0.976880672484772
48,3,0,-1,16042,6,CCVE,554.038,76.954,0.37113402061855677,0.8665207877461707,0.1334792122538293,0.6288659793814432
49,3,0,-1,16042,6,CCALPeps,725.278,654.566,0.3717825065758892,0.8644987490517998,0.1355012509482002,0.6282174934241108
50,3,0,-1,16659,6,CCVE,533.206,92.095,0.4206672091131,0.9892521271831616,0.010747872816838333,0.5793327908868998
51,3,0,-1,16659,6,CCALPeps,580.56,523.584,0.421070978639231,0.9891873178863378,0.010812682113662153,0.578929021360769
52,3,0,-1,17276,6,CCVE,499.631,32.905,0.22580645161290322,0.22580645161290322,0.7741935483870969,0.7741935483870969
53,3,0,-1,17276,6,CCALPeps,658.923,601.336,0.22725472380923056,0.22727556980011998,0.77272443019988,0.7727452761907695
54,3,0,-1,17893,6,CCVE,452.883,32.719,0.7707509881422925,0.7707509881422925,0.22924901185770752,0.22924901185770752
55,3,0,-1,17893,6,CCALPeps,638.872,582.843,0.7705775701701424,0.7705775701701427,0.22942242982985728,0.2294224298298575
56,3,0,-1,18510,6,CCVE,506.711,48.095,1.0,1.0,0.0,0.0
57,3,0,-1,18510,6,CCALPeps,650.94,598.65,0.9998206263618599,0.9998322673528452,0.00016773264715478684,0.00017937363814013452
58,3,0,-1,19127,6,CCVE,546.768,63.062,0.0,0.3071895424836601,0.6928104575163399,1.0
59,3,0,-1,19127,6,CCALPeps,625.424,573.065,0.0001235863490481003,0.30730638957291084,0.6926936104270892,0.9998764136509519
60,3,0,-1,19744,6,CCVE,476.154,37.71,1.0,1.0,0.0,0.0
61,3,0,-1,19744,6,CCALPeps,657.425,604.779,0.9997794903821654,0.9998446458138981,0.0001553541861019081,0.00022050961783457885
62,3,0,-1,20361,6,CCVE,461.636,32.945,0.11217510259917922,0.11217510259917922,0.8878248974008208,0.8878248974008208
63,3,0,-1,20361,6,CCALPeps,703.166,643.452,0.11230783080934639,0.1123078308093465,0.8876921691906535,0.8876921691906536
64,3,0,-1,20978,6,CCVE,453.792,35.594,0.20441988950276244,0.9350180505415162,0.06498194945848375,0.7955801104972376
65,3,0,-1,20978,6,CCALPeps,638.448,583.386,0.20538033931191352,0.9349426258599528,0.06505737414004722,0.7946196606880864
66,3,0,-1,21595,6,CCVE,456.095,34.812,0.9245283018867925,0.9245283018867925,0.07547169811320753,0.07547169811320753
67,3,0,-1,21595,6,CCALPeps,618.959,562.316,0.9243191647306612,0.9243591879952422,0.07564081200475786,0.07568083526933876
68,3,0,-1,22212,6,CCVE,480.083,37.199,0.9249800478850757,0.9249800478850757,0.07501995211492418,0.07501995211492418
69,3,0,-1,22212,6,CCALPeps,689.717,635.181,0.9247139013467836,0.9248496524910135,0.07515034750898655,0.07528609865321645
70,3,0,-1,22829,6,CCVE,490.906,45.434,0.0436156763590392,1.0,0.0,0.9563843236409608
71,3,0,-1,22829,6,CCALPeps,629.913,577.428,0.04372697893636624,0.9986824715998839,0.0013175284001161582,0.9562730210636338
72,3,0,-1,23446,6,CCVE,492.257,42.698,0.06666666666666668,0.9454545454545453,0.05454545454545454,0.9333333333333333
73,3,0,-1,23446,6,CCALPeps,627.759,568.974,0.06696529435989096,0.9452805852585274,0.05471941474147257,0.933034705640109
74,3,0,-1,24063,6,CCVE,532.854,68.135,0.01303680981595092,0.9846335697399528,0.015366430260047281,0.986963190184049
75,3,0,-1,24063,6,CCALPeps,680.998,626.702,0.013455362691719087,0.9843475212969254,0.01565247870307465,0.9865446373082809
76,3,0,-1,24680,6,CCVE,482.558,32.06,0.9913237481408032,0.9913237481408032,0.008676251859196826,0.008676251859196826
77,3,0,-1,24680,6,CCALPeps,658.509,604.638,0.9912968802838318,0.9912978801173562,0.0087021198826438,0.008703119716168217
78,3,0,-1,25297,6,CCVE,596.264,124.531,0.0,0.13678756476683934,0.8632124352331606,1.0
79,3,0,-1,25297,6,CCALPeps,617.305,564.775,7.813683513968312e-05,0.13681345407800838,0.8631865459219916,0.9999218631648603
80,3,0,-1,25914,6,CCVE,459.458,32.839,0.527681660899654,0.527681660899654,0.47231833910034604,0.47231833910034604
81,3,0,-1,25914,6,CCALPeps,647.768,591.252,0.5276087141408254,0.5276495161367079,0.47235048386329215,0.47239128585917456
82,3,0,-1,26531,6,CCVE,523.348,58.58,0.38888888888888884,0.9814502529510961,0.01854974704890388,0.6111111111111112
83,3,0,-1,26531,6,CCALPeps,701.894,648.566,0.389140727304232,0.9813049016146472,0.018695098385352816,0.610859272695768
84,3,0,-1,27148,6,CCVE,479.901,41.453,0.013268465280849184,0.8719851576994435,0.12801484230055657,0.9867315347191508
85,3,0,-1,27148,6,CCALPeps,614.698,560.289,0.01336273994826471,0.8715004827782309,0.1284995172217691,0.9866372600517352
86,3,0,-1,27765,6,CCVE,490.083,42.892,0.008237232289950576,0.7314436704299784,0.2685563295700216,0.9917627677100495
87,3,0,-1,27765,6,CCALPeps,640.906,589.586,0.008362004221218999,0.7310274004386371,0.2689725995613629,0.991637995778781
88,3,0,-1,28382,6,CCVE,771.389,329.176,0.011990716864363073,0.03299627461415647,0.9670037253858434,0.988009283135637
89,3,0,-1,28382,6,CCALPeps,595.786,545.137,0.01214899006901452,0.0330320131194477,0.9669679868805523,0.9878510099309855
90,3,0,-1,28999,6,CCVE,539.415,100.958,0.12698412698412698,0.9419896321895828,0.05801036781041718,0.873015873015873
91,3,0,-1,28999,6,CCALPeps,641.467,587.561,0.12955390265796882,0.9418747605156986,0.05812523948430141,0.8704460973420312
92,3,0,-1,29616,6,CCVE,532.64,84.446,0.6636029411764706,0.968278731149246,0.031721268850754034,0.3363970588235294
93,3,0,-1,29616,6,CCALPeps,672.28,617.606,0.6636177471089891,0.9679747232425139,0.03202527675748616,0.33638225289101087
94,3,0,-1,30233,6,CCVE,449.527,33.35,0.9011627906976744,0.9011627906976744,0.09883720930232558,0.09883720930232558
95,3,0,-1,30233,6,CCALPeps,680.989,623.539,0.9010203131457398,0.9010203131457399,0.09897968685426006,0.09897968685426013
96,3,0,-1,30850,6,CCVE,473.328,32.271,0.9724137931034483,0.9724137931034483,0.027586206896551717,0.027586206896551717
97,3,0,-1,30850,6,CCALPeps,622.846,571.605,0.9723781200269963,0.9723823073391537,0.02761769266084635,0.027621879973003693
98,3,0,-1,31467,6,CCVE,520.55,65.194,0.11731843575418995,0.9047619047619049,0.09523809523809525,0.88268156424581
99,3,0,-1,31467,6,CCALPeps,631.829,575.72,0.1177379665848049,0.9045076351013116,0.0954923648986884,0.8822620334151952
100,3,0,-1,32084,6,CCVE,485.6,44.076,0.13580246913580246,0.47674418604651164,0.5232558139534884,0.8641975308641975
101,3,0,-1,32084,6,CCALPeps,627.208,573.218,0.13678933286710754,0.47840748654540105,0.5215925134545989,0.8632106671328925
102,3,0,-1,32701,6,CCVE,465.373,36.757,0.0,0.0,1.0,1.0
103,3,0,-1,32701,6,CCALPeps,741.225,686.328,0.0003988457307272432,0.000398845730727245,0.9996011542692728,0.9996011542692728
104,3,0,-1,33318,6,CCVE,541.025,87.928,0.2755165936130244,0.5802526906878802,0.41974730931211973,0.7244834063869756
105,3,0,-1,33318,6,CCALPeps,627.415,573.186,0.2757532954052249,0.5800989481217221,0.41990105187827786,0.7242467045947751
106,3,0,-1,33935,6,CCVE,467.933,31.096,0.9011976047904191,0.9011976047904191,0.09880239520958083,0.09880239520958083
107,3,0,-1,33935,6,CCALPeps,631.043,577.176,0.9010815846950709,0.9011451532639192,0.09885484673608082,0.09891841530492906
108,3,0,-1,34552,6,CCVE,456.994,32.937,0.9662921348314607,0.9662921348314607,0.03370786516853933,0.03370786516853933
109,3,0,-1,34552,6,CCALPeps,668.995,614.728,0.9660810666340192,0.9660810666340193,0.03391893336598077,0.0339189333659808
110,3,0,-1,35169,6,CCVE,482.028,48.532,0.42994241842610365,0.6903331512834517,0.30966684871654837,0.5700575815738963
111,3,0,-1,35169,6,CCALPeps,594.223,543.937,0.43008038954337446,0.6901904777602823,0.3098095222397177,0.5699196104566255
112,3,0,-1,35786,6,CCVE,528.32,56.572,0.19226204604794683,0.7935790187655438,0.20642098123445626,0.8077379539520532
113,3,0,-1,35786,6,CCALPeps,625.352,574.111,0.1924352053874503,0.793373242850722,0.20662675714927803,0.8075647946125497
114,3,0,-1,36403,6,CCVE,473.877,31.779,0.9927073837739289,0.9927073837739289,0.007292616226071102,0.007292616226071102
115,3,0,-1,36403,6,CCALPeps,603.729,550.201,0.9925958370393196,0.9926331099506204,0.00736689004937963,0.0074041629606803605
116,3,0,-1,37020,6,CCVE,511.261,59.788,0.9433293978748524,0.9811542991755005,0.018845700824499406,0.05667060212514758
117,3,0,-1,37020,6,CCALPeps,634.082,579.026,0.9432642903303751,0.9808899756758436,0.019110024324156427,0.056735709669624934
118,3,0,-1,37637,6,CCVE,501.398,89.126,0.5477642276422764,0.9039909638554217,0.09600903614457831,0.4522357723577236
119,3,0,-1,37637,6,CCALPeps,619.929,566.224,0.5483477678323905,0.9038800227108151,0.09611997728918488,0.4516522321676095
120,3,0,-1,38254,6,CCVE,626.805,203.189,0.03876438522107814,0.6936536954818491,0.306346304518151,0.9612356147789219
121,3,0,-1,38254,6,CCALPeps,620.355,567.987,0.03890176721641571,0.693314493714171,0.306685506285829,0.9610982327835843
122,3,0,-1,38871,6,CCVE,469.672,31.388,0.8880382775119617,0.8880382775119617,0.11196172248803828,0.11196172248803828
123,3,0,-1,38871,6,CCALPeps,611.117,554.387,0.8879212147859896,0.8879212147859897,0.11207878521401027,0.11207878521401038
124,3,0,-1,39488,6,CCVE,474.003,31.79,0.55,0.55,0.44999999999999996,0.44999999999999996
125,3,0,-1,39488,6,CCALPeps,614.367,558.246,0.5499630190955507,0.5500059762066991,0.4499940237933009,0.4500369809044493
126,3,0,-1,40105,6,CCVE,479.487,32.372,0.9536423841059603,0.9536423841059603,0.046357615894039736,0.046357615894039736
127,3,0,-1,40105,6,CCALPeps,677.386,622.484,0.9534374228303675,0.9534420031245617,0.04655799687543831,0.046562577169632524
128,3,0,-1,40722,6,CCVE,681.073,232.642,0.6276767211604881,0.9752914750240668,0.024708524975933253,0.37232327883951194
129,3,0,-1,40722,6,CCALPeps,646.114,589.622,0.6278496101742326,0.9750996450347995,0.02490035496520049,0.3721503898257674
130,3,0,-1,41339,6,CCVE,576.897,123.943,0.0,0.24324324324324323,0.7567567567567568,1.0
131,3,0,-1,41339,6,CCALPeps,674.791,618.093,0.00020022663412483298,0.24305551489190624,0.7569444851080938,0.9997997733658752
132,3,0,-1,41956,6,CCVE,644.998,213.805,0.0329232995658466,0.5672306322350846,0.4327693677649153,0.9670767004341534
133,3,0,-1,41956,6,CCALPeps,650.211,591.275,0.03395577233002922,0.5671849555643202,0.43281504443567975,0.9660442276699708
134,3,0,-1,42573,6,CCVE,498.926,55.336,0.0,0.0,1.0,1.0
135,3,0,-1,42573,6,CCALPeps,656.81,599.941,0.016409426678761687,0.0734978037026105,0.9265021962973895,0.9835905733212383
136,3,0,-1,43190,6,CCVE,528.147,66.439,0.0,0.0,1.0,1.0
137,3,0,-1,43190,6,CCALPeps,597.961,548.431,1.4931249345670987e-06,0.004602985661715464,0.9953970143382845,0.9999985068750654
138,3,0,-1,43807,6,CCVE,501.972,52.841,0.6189591078066914,0.9040139616055847,0.09598603839441536,0.3810408921933086
139,3,0,-1,43807,6,CCALPeps,633.169,579.772,0.6190857541997159,0.9039012209684071,0.09609877903159303,0.3809142458002841
140,3,0,-1,44424,6,CCVE,519.169,59.942,0.5118981737686773,0.8566978193146417,0.14330218068535824,0.48810182623132264
141,3,0,-1,44424,6,CCALPeps,727.926,668.815,0.5121010657440896,0.8565440529545325,0.14345594704546755,0.48789893425591035
142,3,0,-1,45041,6,CCVE,494.374,56.481,0.0,0.5688212927756654,0.4311787072243346,1.0
143,3,0,-1,45041,6,CCALPeps,678.388,622.189,0.00032697021839144034,0.568699537176514,0.431300462823486,0.9996730297816085
144,3,0,-1,45658,6,CCVE,573.027,94.79,0.1516533637400228,0.9914802981895634,0.008519701810436634,0.8483466362599772
145,3,0,-1,45658,6,CCALPeps,626.669,573.172,0.1522176812431718,0.9913275585109311,0.008672441489068872,0.8477823187568282
146,3,0,-1,46275,6,CCVE,478.13,35.439,0.9966442953020135,0.9966442953020135,0.0033557046979865775,0.0033557046979865775
147,3,0,-1,46275,6,CCALPeps,672.905,617.869,0.9965670828703177,0.9965999430231953,0.0034000569768046773,0.003432917129682295
148,3,0,-1,46892,6,CCVE,459.623,31.709,0.07301173402868319,0.07301173402868319,0.9269882659713168,0.9269882659713168
149,3,0,-1,46892,6,CCALPeps,652.989,598.168,0.07313556146555093,0.07313556146555102,0.926864438534449,0.9268644385344491
150,3,0,-1,47509,6,CCVE,522.089,35.095,0.31932773109243695,0.31932773109243695,0.680672268907563,0.680672268907563
151,3,0,-1,47509,6,CCALPeps,624.473,567.133,0.319358108229169,0.3194695768430478,0.6805304231569522,0.680641891770831
152,3,0,-1,48126,6,CCVE,474.918,35.692,0.9662992793556592,0.9662992793556592,0.03370072064434082,0.03370072064434082
153,3,0,-1,48126,6,CCALPeps,713.022,656.648,0.9661445445703646,0.9661445445703647,0.03385545542963536,0.0338554554296354
154,3,0,-1,48743,6,CCVE,525.281,62.618,0.8865131578947368,1.0,0.0,0.11348684210526316
155,3,0,-1,48743,6,CCALPeps,650.982,594.527,0.8861183232901286,0.9987354138240048,0.0012645861759952803,0.11388167670987137
156,3,0,-1,49360,6,CCVE,571.3,125.618,0.9946581196581197,0.9979218620116376,0.0020781379883624274,0.005341880341880342
157,3,0,-1,49360,6,CCALPeps,600.716,549.524,0.9946440559530876,0.9978890754990294,0.0021109245009706123,0.00535594404691242
158,3,0,-1,49977,6,CCVE,500.771,44.053,0.042801556420233464,0.6854219948849104,0.3145780051150895,0.9571984435797665
159,3,0,-1,49977,6,CCALPeps,658.302,603.357,0.04306861217518588,0.6851902577450908,0.31480974225490926,0.9569313878248141
160,3,0,-1,50594,6,CCVE,488.254,36.328,0.7821011673151751,0.7821011673151751,0.21789883268482493,0.21789883268482493
161,3,0,-1,50594,6,CCALPeps,622.149,571.274,0.7819939099699179,0.7820167123715955,0.21798328762840447,0.2180060900300821
162,3,0,-1,51211,6,CCVE,475.054,41.02,0.8949416342412451,0.9979633401221996,0.002036659877800407,0.10505836575875485
163,3,0,-1,51211,6,CCALPeps,643.363,587.804,0.8945606717869428,0.9979285730946467,0.002071426905353446,0.10543932821305724
164,3,0,-1,51828,6,CCVE,561.203,82.46,0.5076923076923077,1.0,0.0,0.4923076923076923
165,3,0,-1,51828,6,CCALPeps,662.644,606.53,0.5078898417590639,0.9997821493925424,0.00021785060745760365,0.49211015824093607
166,3,0,-1,52445,6,CCVE,464.264,31.771,0.8910179640718563,0.8910179640718563,0.10898203592814375,0.10898203592814375
167,3,0,-1,52445,6,CCALPeps,697.156,638.529,0.8909050125620562,0.8909050125620563,0.10909498743794371,0.10909498743794378
168,3,0,-1,53062,6,CCVE,468.604,31.485,0.06278026905829595,0.06278026905829595,0.937219730941704,0.937219730941704
169,3,0,-1,53062,6,CCALPeps,660.719,607.555,0.06300430216999028,0.06300430216999034,0.9369956978300097,0.9369956978300097
170,3,0,-1,53679,6,CCVE,494.083,35.35,0.5348741229880314,0.5348741229880314,0.4651258770119686,0.4651258770119686
171,3,0,-1,53679,6,CCALPeps,652.834,596.142,0.5348611616106309,0.5348611616106311,0.4651388383893689,0.4651388383893691
172,3,0,-1,54296,6,CCVE,523.739,34.979,0.934065934065934,0.934065934065934,0.06593406593406592,0.06593406593406592
173,3,0,-1,54296,6,CCALPeps,651.185,596.231,0.9340163353301253,0.9340163353301253,0.06598366466987471,0.06598366466987471
174,3,0,-1,54913,6,CCVE,487.909,52.512,0.736842105263158,0.9409780775716694,0.05902192242833053,0.2631578947368421
175,3,0,-1,54913,6,CCALPeps,597.554,540.555,0.7369870216930025,0.9407201789912182,0.05927982100878182,0.26301297830699755
176,3,0,-1,55530,6,CCVE,502.047,61.774,0.67558799675588,0.8068713153079894,0.19312868469201058,0.32441200324412006
177,3,0,-1,55530,6,CCALPeps,603.258,551.658,0.6755848764936914,0.8067140104296593,0.1932859895703407,0.32441512350630863
178,3,0,-1,56147,6,CCVE,479.081,33.252,0.8731343283582089,0.8731343283582089,0.12686567164179102,0.12686567164179102
179,3,0,-1,56147,6,CCALPeps,630.484,576.416,0.8729376569685587,0.8730483543078594,0.12695164569214057,0.12706234303144126
180,3,0,-1,56764,6,CCVE,630.723,166.982,0.0769712140175219,0.38650306748466257,0.6134969325153374,0.9230287859824781
181,3,0,-1,56764,6,CCALPeps,621.956,566.134,0.07709149558806075,0.3863295962678659,0.6136704037321341,0.9229085044119393
182,3,0,-1,57381,6,CCVE,850.934,388.572,0.03492802709568162,0.9742512783053323,0.025748721694667635,0.9650719729043183
183,3,0,-1,57381,6,CCALPeps,608.062,552.436,0.035333429747863875,0.9739652098967831,0.026034790103216854,0.9646665702521361
184,3,0,-1,57998,6,CCVE,459.156,32.486,0.543046357615894,0.543046357615894,0.45695364238410596,0.45695364238410596
185,3,0,-1,57998,6,CCALPeps,580.43,528.678,0.5430984116064024,0.5431314509709269,0.45686854902907315,0.4569015883935976
186,3,0,-1,58615,6,CCVE,551.786,86.757,0.9436766623207301,1.0,0.0,0.05632333767926988
187,3,0,-1,58615,6,CCALPeps,676.543,619.758,0.9436045744317342,0.999788705660707,0.0002112943392930111,0.05639542556826582
188,3,0,-1,59232,6,CCVE,485.519,43.107,0.0,0.7551020408163265,0.24489795918367344,1.0
189,3,0,-1,59232,6,CCALPeps,681.083,623.612,0.00037915148739096487,0.7547503310302265,0.24524966896977352,0.999620848512609
190,3,0,-1,59849,6,CCVE,560.286,91.679,0.6544202066590126,0.9128630705394191,0.08713692946058092,0.3455797933409873
191,3,0,-1,59849,6,CCALPeps,647.609,589.972,0.6543584385966257,0.9126368943044034,0.08736310569559658,0.3456415614033743
192,3,0,-1,60466,6,CCVE,675.204,215.478,0.00927643784786642,0.12105766167569296,0.8789423383243073,0.9907235621521335
193,3,0,-1,60466,6,CCALPeps,632.617,579.567,0.009340812572204184,0.1210772306993539,0.8789227693006461,0.9906591874277958
194,3,0,-1,61083,6,CCVE,509.695,38.954,0.9130434782608695,0.9130434782608695,0.08695652173913042,0.08695652173913042
195,3,0,-1,61083,6,CCALPeps,648.582,594.888,0.9123181006923812,0.9123181006923817,0.08768189930761827,0.08768189930761883
196,3,0,-1,61700,6,CCVE,508.645,87.521,0.23809523809523814,0.5882352941176471,0.41176470588235287,0.7619047619047619
197,3,0,-1,61700,6,CCALPeps,637.71,581.181,0.2386644401176167,0.5878047984619824,0.4121952015380176,0.7613355598823833
198,3,0,-1,62317,6,CCVE,462.443,32.365,0.43936877076411956,0.43936877076411956,0.5606312292358804,0.5606312292358804
199,3,0,-1,62317,6,CCALPeps,609.336,555.189,0.43934066756183465,0.4393931891223767,0.5606068108776233,0.5606593324381653
200,5,0,-1,1234,6,CCVE,554.539,64.903,0.7909377756936552,0.7909377756936552,0.20906222430634483,0.20906222430634483
201,5,0,-1,1234,6,CCALPeps,1205.177,1149.952,0.7908791682927141,0.7909101496044533,0.20908985039554678,0.20912083170728585
202,5,0,-1,1851,6,CCVE,526.343,62.185,0.09294191130543411,0.15490318550905682,0.8450968144909431,0.9070580886945658
203,5,0,-1,1851,6,CCALPeps,1162.39,1104.217,0.09302863485773308,0.1549674539086148,0.8450325460913852,0.906971365142267
204,5,0,-1,2468,6,CCVE,514.179,56.565,0.9973196074452976,0.9973196074452976,0.002680392554702434,0.002680392554702434
205,5,0,-1,2468,6,CCALPeps,1131.916,1070.184,0.9972665971670143,0.997267356767103,0.0027326432328970275,0.002733402832985721
206,5,0,-1,3085,6,CCVE,537.149,57.366,0.8481949441258148,0.8481949441258148,0.15180505587418525,0.15180505587418525
207,5,0,-1,3085,6,CCALPeps,1153.755,1088.464,0.8480535583330862,0.8481019848774988,0.15189801512250126,0.15194644166691385
208,5,0,-1,3702,6,CCVE,556.548,73.009,0.8781260360384577,0.9603988492475097,0.039601150752490356,0.12187396396154225
209,5,0,-1,3702,6,CCALPeps,1237.975,1179.422,0.8775167713913844,0.959573841338124,0.040426158661876044,0.1224832286086156
210,5,0,-1,4319,6,CCVE,559.382,55.279,0.2968078135877799,0.2968078135877799,0.7031921864122199,0.7031921864122199
211,5,0,-1,4319,6,CCALPeps,1164.536,1106.597,0.2968107989094111,0.2968444682688397,0.7031555317311603,0.7031892010905889
212,5,0,-1,4936,6,CCVE,519.814,55.77,0.37378709891750334,0.37378709891750334,0.6262129010824966,0.6262129010824966
213,5,0,-1,4936,6,CCALPeps,1258.331,1192.702,0.37384948148265945,0.373878318268634,0.626121681731366,0.6261505185173406
214,5,0,-1,5553,6,CCVE,562.718,59.769,0.7119234972677596,0.7119234972677596,0.28807650273224045,0.28807650273224045
215,5,0,-1,5553,6,CCALPeps,1391.095,1330.255,0.7118948905679012,0.7118948905679015,0.28810510943209855,0.28810510943209877
216,5,0,-1,6170,6,CCVE,562.573,58.569,0.9293402431732111,0.9293402431732111,0.07065975682678892,0.07065975682678892
217,5,0,-1,6170,6,CCALPeps,1207.746,1152.824,0.9292094442411332,0.9292168866495146,0.0707831133504854,0.07079055575886684
218,5,0,-1,6787,6,CCVE,745.934,237.711,0.08019521912350598,0.6161387358654683,0.38386126413453175,0.919804780876494
219,5,0,-1,6787,6,CCALPeps,950.656,896.651,0.12980466854823788,0.571122357376333,0.428877642623667,0.8701953314517621
220,5,0,-1,7404,6,CCVE,inf,inf,,,,
221,5,0,-1,7404,6,CCALPeps,1296.531,1238.902,0.32242842648078285,0.3300005986637925,0.6699994013362075,0.6775715735192172
222,5,0,-1,8021,6,CCVE,507.814,58.59,0.5717121760936195,0.5717121760936195,0.42828782390638065,0.42828782390638065
223,5,0,-1,8021,6,CCALPeps,1212.028,1156.112,0.5717053477405082,0.5717098731904005,0.42829012680959955,0.4282946522594918
224,5,0,-1,8638,6,CCVE,518.735,57.1,0.9029126213592232,0.9029126213592232,0.09708737864077668,0.09708737864077668
225,5,0,-1,8638,6,CCALPeps,1112.584,1056.141,0.9026745629942555,0.9027055726704418,0.09729442732955818,0.09732543700574436
226,5,0,-1,9255,6,CCVE,538.736,71.651,0.4986,0.5392,0.4608,0.5014
227,5,0,-1,9255,6,CCALPeps,1126.916,1071.586,0.5042843108439787,0.533593661639728,0.466406338360272,0.49571568915602127
228,5,0,-1,9872,6,CCVE,561.995,72.452,0.6740208363857894,0.716475675503492,0.28352432449650805,0.3259791636142107
229,5,0,-1,9872,6,CCALPeps,1014.457,955.967,0.6843998157990394,0.7056003850515996,0.2943996149484004,0.31560018420096053
230,5,0,-1,10489,6,CCVE,532.598,58.446,0.28119800332778705,0.28119800332778705,0.718801996672213,0.718801996672213
231,5,0,-1,10489,6,CCALPeps,1235.73,1175.206,0.2815243184884169,0.2815341036589515,0.7184658963410485,0.7184756815115831
232,5,0,-1,11106,6,CCVE,677.096,207.738,0.43985614282961916,0.7143196578488833,0.2856803421511167,0.560143857170381
233,5,0,-1,11106,6,CCALPeps,1249.584,1194.053,0.46934986736638784,0.6717888376169139,0.3282111623830861,0.5306501326336122
234,5,0,-1,11723,6,CCVE,556.842,59.638,0.358074222668004,0.358074222668004,0.641925777331996,0.641925777331996
235,5,0,-1,11723,6,CCALPeps,1109.58,1054.33,0.3580748862190023,0.35812278797344305,0.641877212026557,0.6419251137809977
236,5,0,-1,12340,6,CCVE,545.435,79.435,0.3805983053778314,0.6170212765957447,0.3829787234042554,0.6194016946221683
237,5,0,-1,12340,6,CCALPeps,1217.435,1158.684,0.3807339709243919,0.6167985287212263,0.3832014712787737,0.6192660290756081
238,5,0,-1,12957,6,CCVE,549.325,70.174,0.042238024248341006,0.04358288417695664,0.9564171158230433,0.9577619757516589
239,5,0,-1,12957,6,CCALPeps,1166.143,1111.67,0.04231005617802366,0.04372293228045551,0.9562770677195445,0.9576899438219764
240,5,0,-1,13574,6,CCVE,541.074,55.893,0.0861340729461243,0.0861340729461243,0.9138659270538757,0.9138659270538757
241,5,0,-1,13574,6,CCALPeps,1184.376,1127.276,0.08620535578974577,0.0862158161268332,0.9137841838731668,0.9137946442102542
242,5,0,-1,14191,6,CCVE,668.422,197.252,0.11383548383144018,0.18727789186331054,0.8127221081366895,0.8861645161685598
243,5,0,-1,14191,6,CCALPeps,1331.176,1277.062,0.11397107730842354,0.18733582329508386,0.8126641767049162,0.8860289226915765
244,5,0,-1,14808,6,CCVE,1132.602,639.872,0.47677480656983845,0.6592143588128788,0.3407856411871211,0.5232251934301615
245,5,0,-1,14808,6,CCALPeps,1149.112,1090.71,0.5282037892444462,0.6124649478837658,0.38753505211623424,0.4717962107555538
246,5,0,-1,15425,6,CCVE,593.496,60.701,0.7092057920140412,0.7092057920140412,0.29079420798595873,0.29079420798595873
247,5,0,-1,15425,6,CCALPeps,1259.313,1201.21,0.7090149549194434,0.7090953383813243,0.2909046616186757,0.29098504508055656
248,5,0,-1,16042,6,CCVE,13276.125,12799.228,0.03707093134901583,0.12896190753125908,0.871038092468741,0.9629290686509842
249,5,0,-1,16042,6,CCALPeps,1210.835,1150.479,0.037409901603576115,0.12906324772534766,0.8709367522746523,0.9625900983964238
250,5,0,-1,16659,6,CCVE,595.733,77.164,0.12046788674033149,0.5396236187845304,0.46037638121546964,0.8795321132596685
251,5,0,-1,16659,6,CCALPeps,1282.688,1223.094,0.12067796882940564,0.5394362027454228,0.4605637972545772,0.8793220311705944
252,5,0,-1,17276,6,CCVE,548.178,67.704,0.10340280409245929,0.10340280409245929,0.896597195907541,0.896597195907541
253,5,0,-1,17276,6,CCALPeps,1171.478,1109.955,0.10349418726781735,0.10368324870807495,0.896316751291925,0.8965058127321827
254,5,0,-1,17893,6,CCVE,527.985,54.698,0.17650754800663634,0.17650754800663634,0.8234924519933635,0.8234924519933635
255,5,0,-1,17893,6,CCALPeps,1251.645,1195.894,0.17673874047453206,0.17673874047453225,0.8232612595254678,0.8232612595254679
256,5,0,-1,18510,6,CCVE,550.812,61.839,0.7531531531531531,0.7531531531531531,0.2468468468468469,0.2468468468468469
257,5,0,-1,18510,6,CCALPeps,1255.982,1194.814,0.7531029713812838,0.7531034103491281,0.2468965896508719,0.2468970286187162
258,5,0,-1,19127,6,CCVE,591.402,95.929,0.09607080283481462,0.15397217793250734,0.8460278220674926,0.9039291971651852
259,5,0,-1,19127,6,CCALPeps,1349.631,1296.113,0.10333429020028767,0.14640917880433296,0.8535908211956671,0.8966657097997123
260,5,0,-1,19744,6,CCVE,525.233,58.745,0.5756240822320117,0.5756240822320117,0.4243759177679883,0.4243759177679883
261,5,0,-1,19744,6,CCALPeps,1167.147,1104.02,0.5756375735669801,0.5756732386576079,0.4243267613423921,0.42436242643301986
262,5,0,-1,20361,6,CCVE,567.013,58.451,0.7913036760047591,0.7913036760047591,0.2086963239952408,0.2086963239952408
263,5,0,-1,20361,6,CCALPeps,1261.108,1198.945,0.7909934347785813,0.7910214032757297,0.20897859672427033,0.20900656522141858
264,5,0,-1,20978,6,CCVE,536.114,67.787,0.146128036738184,0.5566094810077352,0.44339051899226484,0.8538719632618159
265,5,0,-1,20978,6,CCALPeps,1292.485,1236.537,0.14635757069322808,0.5565273238934001,0.4434726761065999,0.8536424293067719
266,5,0,-1,21595,6,CCVE,566.15,56.913,0.18015450643776826,0.18015450643776826,0.8198454935622317,0.8198454935622317
267,5,0,-1,21595,6,CCALPeps,1172.407,1114.705,0.18021715982219175,0.18023226193063363,0.8197677380693664,0.8197828401778082
268,5,0,-1,22212,6,CCVE,521.748,58.483,0.5703529411764705,0.5703529411764705,0.42964705882352944,0.42964705882352944
269,5,0,-1,22212,6,CCALPeps,1205.258,1150.925,0.570393209164452,0.5704295056188522,0.4295704943811478,0.429606790835548
270,5,0,-1,22829,6,CCVE,524.864,66.198,0.2348308051341891,0.8076137689614935,0.19238623103850644,0.7651691948658111
271,5,0,-1,22829,6,CCALPeps,1251.355,1193.113,0.2351138953033658,0.8073521184328258,0.1926478815671742,0.7648861046966342
272,5,0,-1,23446,6,CCVE,5657.018,5205.049,0.019543497684997156,0.2149053425857306,0.7850946574142694,0.9804565023150028
273,5,0,-1,23446,6,CCALPeps,1072.526,1015.815,0.0449053908569778,0.13604224090411912,0.8639577590958809,0.9550946091430222
274,5,0,-1,24063,6,CCVE,579.132,90.287,0.004887515074227575,0.32263333910703107,0.6773666608929689,0.9951124849257724
275,5,0,-1,24063,6,CCALPeps,1200.064,1142.21,0.14574859344963587,0.18805957385518232,0.8119404261448177,0.8542514065503641
276,5,0,-1,24680,6,CCVE,513.489,57.772,0.8707750657928686,0.8707750657928686,0.12922493420713144,0.12922493420713144
277,5,0,-1,24680,6,CCALPeps,1222.322,1162.778,0.8706616819461398,0.8706677546314723,0.12933224536852772,0.12933831805386017
278,5,0,-1,25297,6,CCVE,682.197,206.517,0.772170151405912,0.9867961165048543,0.013203883495145632,0.22782984859408797
279,5,0,-1,25297,6,CCALPeps,1224.816,1166.703,0.7783236555494903,0.9803423959074058,0.019657604092594205,0.22167634445050965
280,5,0,-1,25914,6,CCVE,526.395,59.354,0.7627080689706651,0.7627080689706651,0.23729193102933493,0.23729193102933493
281,5,0,-1,25914,6,CCALPeps,1288.979,1231.602,0.7626520676206735,0.7626647242177151,0.23733527578228486,0.2373479323793264
282,5,0,-1,26531,6,CCVE,1071.309,605.021,0.13863666720276077,0.28724992240882424,0.7127500775911758,0.8613633327972392
283,5,0,-1,26531,6,CCALPeps,1074.441,1014.806,0.15190933145472113,0.27044176804703085,0.7295582319529692,0.8480906685452789
284,5,0,-1,27148,6,CCVE,549.582,58.595,0.01620176341393543,0.3095845383819088,0.6904154616180912,0.9837982365860646
285,5,0,-1,27148,6,CCALPeps,1144.91,1088.572,0.10751647806266473,0.21842359636337455,0.7815764036366255,0.8924835219373353
286,5,0,-1,27765,6,CCVE,520.888,61.139,0.5687857142857143,0.8784285714285714,0.12157142857142858,0.4312142857142857
287,5,0,-1,27765,6,CCALPeps,1112.876,1057.414,0.5687978614089206,0.8782554239717425,0.12174457602825751,0.43120213859107936
288,5,0,-1,28382,6,CCVE,1311.571,831.25,0.753892117689793,0.7797521465875896,0.22024785341241038,0.24610788231020703
289,5,0,-1,28382,6,CCALPeps,1269.133,1212.65,0.76459562471317,0.7692234280857715,0.2307765719142285,0.23540437528683
290,5,0,-1,28999,6,CCVE,3228.213,2748.549,0.022922853052870684,0.4675858623109958,0.5324141376890041,0.9770771469471293
291,5,0,-1,28999,6,CCALPeps,1161.969,1101.698,0.039737835532699606,0.4486443301671607,0.5513556698328392,0.9602621644673004
292,5,0,-1,29616,6,CCVE,inf,inf,,,,
293,5,0,-1,29616,6,CCALPeps,1262.276,1204.357,0.38476126413177997,0.4450736611110097,0.5549263388889902,0.6152387358682201
294,5,0,-1,30233,6,CCVE,511.089,56.047,0.35595661679598756,0.35595661679598756,0.6440433832040124,0.6440433832040124
295,5,0,-1,30233,6,CCALPeps,1249.532,1192.472,0.3560263149663506,0.3560276847183236,0.6439723152816764,0.6439736850336494
296,5,0,-1,30850,6,CCVE,497.378,53.296,0.8008793162539629,0.8008793162539629,0.19912068374603722,0.19912068374603722
297,5,0,-1,30850,6,CCALPeps,1231.502,1175.094,0.8007287148201392,0.8007472496586009,0.1992527503413991,0.1992712851798608
298,5,0,-1,31467,6,CCVE,677.275,193.96,0.005173931439626357,0.03018088832152836,0.9698191116784717,0.9948260685603736
299,5,0,-1,31467,6,CCALPeps,1206.378,1144.147,0.014938595950842987,0.02087216257671914,0.9791278374232809,0.985061404049157
300,5,0,-1,32084,6,CCVE,620.26,92.793,0.018541225999611704,0.03372085291816057,0.9662791470818395,0.9814587740003883
301,5,0,-1,32084,6,CCALPeps,1260.72,1200.474,0.018644406800038527,0.033822192952089124,0.9661778070479109,0.9813555931999615
302,5,0,-1,32701,6,CCVE,570.767,62.391,0.022222222222222223,0.022222222222222223,0.9777777777777779,0.9777777777777779
303,5,0,-1,32701,6,CCALPeps,1248.843,1187.712,0.022314436823499862,0.022344989732361226,0.9776550102676388,0.9776855631765001
304,5,0,-1,33318,6,CCVE,558.376,63.176,0.13015802027429932,0.18949016100178892,0.810509838998211,0.8698419797257007
305,5,0,-1,33318,6,CCALPeps,1135.048,1081.188,0.1418960854697527,0.17793941661508078,0.8220605833849193,0.8581039145302474
306,5,0,-1,33935,6,CCVE,518.297,51.563,0.2348227836800286,0.2348227836800286,0.7651772163199716,0.7651772163199716
307,5,0,-1,33935,6,CCALPeps,1197.425,1134.348,0.23508354640765008,0.2352202500953409,0.7647797499046591,0.7649164535923499
308,5,0,-1,34552,6,CCVE,523.623,57.819,0.32398838996073076,0.32398838996073076,0.6760116100392692,0.6760116100392692
309,5,0,-1,34552,6,CCALPeps,1103.155,1049.627,0.3278834405464933,0.32788344054649693,0.672116559453503,0.6721165594535067
310,5,0,-1,35169,6,CCVE,55203.649,54715.127,0.1306387288796089,0.15761102305889002,0.8423889769411099,0.869361271120391
311,5,0,-1,35169,6,CCALPeps,1122.545,1066.445,0.13072055272432895,0.15768687570429563,0.8423131242957044,0.8692794472756711
312,5,0,-1,35786,6,CCVE,594.394,68.415,0.8467187845962564,0.8857559866266144,0.11424401337338558,0.15328121540374365
313,5,0,-1,35786,6,CCALPeps,1516.315,1462.946,0.8466588241193479,0.8856649824596804,0.1143350175403196,0.1533411758806521
314,5,0,-1,36403,6,CCVE,518.612,57.183,0.6853400735294117,0.6853400735294117,0.31465992647058827,0.31465992647058827
315,5,0,-1,36403,6,CCALPeps,1107.499,1049.491,0.6852719039467322,0.6852793070990892,0.31472069290091076,0.3147280960532678
316,5,0,-1,37020,6,CCVE,586.175,68.824,0.8339770385634383,0.8735060347365322,0.12649396526346776,0.16602296143656167
317,5,0,-1,37020,6,CCALPeps,1268.123,1209.211,0.8380234285689172,0.8687021337028384,0.13129786629716156,0.1619765714310828
318,5,0,-1,37637,6,CCVE,537.945,61.043,0.0575491181577264,0.22257954694251672,0.7774204530574833,0.9424508818422737
319,5,0,-1,37637,6,CCALPeps,1215.857,1156.823,0.0577401779973,0.2227481468301465,0.7772518531698535,0.9422598220027
320,5,0,-1,38254,6,CCVE,53942.867,53434.271,0.13519917902789438,0.8816393528732009,0.11836064712679904,0.8648008209721055
321,5,0,-1,38254,6,CCALPeps,1289.019,1229.916,0.34058343202726715,0.6528148056717538,0.34718519432824624,0.6594165679727328
322,5,0,-1,38871,6,CCVE,567.726,57.22,0.8637699513723064,0.8637699513723064,0.13623004862769364,0.13623004862769364
323,5,0,-1,38871,6,CCALPeps,1349.612,1294.689,0.8636050675925364,0.8636058258414296,0.13639417415857036,0.1363949324074636
324,5,0,-1,39488,6,CCVE,517.422,61.279,0.9261324041811847,0.9261324041811847,0.07386759581881534,0.07386759581881534
325,5,0,-1,39488,6,CCALPeps,1146.513,1090.241,0.9260449696742986,0.926059480731649,0.07394051926835102,0.07395503032570135
326,5,0,-1,40105,6,CCVE,548.7,63.525,0.5798811396608985,0.5798811396608985,0.42011886033910156,0.42011886033910156
327,5,0,-1,40105,6,CCALPeps,992.467,938.957,0.579899864561975,0.579900481076874,0.420099518923126,0.42010013543802505
328,5,0,-1,40722,6,CCVE,561.327,74.663,0.9917815782767506,0.9978138848890691,0.0021861151109309257,0.008218421723249427
329,5,0,-1,40722,6,CCALPeps,1132.125,1079.357,0.9928627313346707,0.9965363552364019,0.0034636447635980616,0.00713726866532923
330,5,0,-1,41339,6,CCVE,555.575,71.818,0.6867093105899076,0.8446741314958369,0.15532586850416308,0.3132906894100924
331,5,0,-1,41339,6,CCALPeps,1074.072,1011.982,0.7352706977056526,0.7953090777591135,0.20469092224088647,0.26472930229434743
332,5,0,-1,41956,6,CCVE,747.123,215.414,0.24621401151631478,0.46879558541266797,0.531204414587332,0.7537859884836853
333,5,0,-1,41956,6,CCALPeps,1220.818,1165.269,0.27018036253558664,0.4451062309906245,0.5548937690093755,0.7298196374644134
334,5,0,-1,42573,6,CCVE,17385.934,16928.715,0.0008054436883766145,0.003488641095636886,0.9965113589043632,0.9991945563116233
335,5,0,-1,42573,6,CCALPeps,1286.647,1226.832,0.0008743708821469865,0.0035459932974004397,0.9964540067025995,0.999125629117853
336,5,0,-1,43190,6,CCVE,6479.114,5937.073,0.04794979260283442,0.8370303071859571,0.16296969281404283,0.9520502073971655
337,5,0,-1,43190,6,CCALPeps,1339.615,1278.405,0.0487068103324656,0.8368589063032704,0.16314109369672958,0.9512931896675344
338,5,0,-1,43807,6,CCVE,553.221,90.234,0.1478682028326117,0.44445431134002306,0.5555456886599769,0.8521317971673884
339,5,0,-1,43807,6,CCALPeps,1046.678,988.123,0.17595828315090006,0.4148976522692269,0.5851023477307731,0.8240417168490999
340,5,0,-1,44424,6,CCVE,680.172,221.128,0.33204922418405564,0.4146438702752435,0.5853561297247566,0.6679507758159444
341,5,0,-1,44424,6,CCALPeps,1300.982,1243.763,0.33217442678167497,0.4146805471576273,0.5853194528423726,0.667825573218325
342,5,0,-1,45041,6,CCVE,544.858,61.326,0.6270642937309604,0.6544011544011544,0.3455988455988457,0.3729357062690396
343,5,0,-1,45041,6,CCALPeps,1237.544,1174.765,0.6270544133863625,0.6543654325582517,0.34563456744174825,0.37294558661363747
344,5,0,-1,45658,6,CCVE,586.951,90.443,0.07883096056612934,0.1948300364705508,0.8051699635294491,0.9211690394338707
345,5,0,-1,45658,6,CCALPeps,1084.408,1027.889,0.08788249633393289,0.18618682695542293,0.8138131730445771,0.9121175036660671
346,5,0,-1,46275,6,CCVE,561.726,54.659,0.03530236536874519,0.03530236536874519,0.9646976346312548,0.9646976346312548
347,5,0,-1,46275,6,CCALPeps,1205.693,1147.368,0.035397879924021214,0.03539998402625493,0.9646000159737451,0.9646021200759788
348,5,0,-1,46892,6,CCVE,549.459,58.253,0.7475366572531416,0.7475366572531416,0.2524633427468584,0.2524633427468584
349,5,0,-1,46892,6,CCALPeps,1360.098,1298.333,0.7474617790896871,0.7474617790896875,0.2525382209103125,0.25253822091031286
350,5,0,-1,47509,6,CCVE,514.655,51.367,0.2192381159630543,0.2192381159630543,0.7807618840369457,0.7807618840369457
351,5,0,-1,47509,6,CCALPeps,1003.15,950.862,0.21930529441793764,0.2193180246288211,0.7806819753711789,0.7806947055820623
352,5,0,-1,48126,6,CCVE,529.645,69.133,0.4774650642370232,0.4774650642370232,0.5225349357629768,0.5225349357629768
353,5,0,-1,48126,6,CCALPeps,1339.802,1287.202,0.4774725706130463,0.47747257061304677,0.5225274293869533,0.5225274293869537
354,5,0,-1,48743,6,CCVE,573.527,65.161,0.14665932452276065,0.16058002936857566,0.8394199706314245,0.8533406754772394
355,5,0,-1,48743,6,CCALPeps,1162.575,1105.069,0.1481038746854641,0.15939031373061383,0.8406096862693861,0.8518961253145358
356,5,0,-1,49360,6,CCVE,83346.898,82832.341,0.9437200547775173,0.9729478505855069,0.027052149414492972,0.05627994522248275
357,5,0,-1,49360,6,CCALPeps,1105.082,1047.408,0.9438182074350235,0.9723141120558885,0.027685887944111538,0.056181792564976435
358,5,0,-1,49977,6,CCVE,542.045,67.699,0.40116361572300263,0.422434729811779,0.577565270188221,0.5988363842769974
359,5,0,-1,49977,6,CCALPeps,1267.483,1202.481,0.4011965434051711,0.422450397880211,0.577549602119789,0.5988034565948289
360,5,0,-1,50594,6,CCVE,519.197,59.221,0.4031376540614696,0.4031376540614696,0.5968623459385304,0.5968623459385304
361,5,0,-1,50594,6,CCALPeps,1087.875,1033.068,0.4031802588606822,0.40319894048540683,0.5968010595145932,0.5968197411393178
362,5,0,-1,51211,6,CCVE,21667.069,21148.958,0.07371038134077414,0.16550504342953207,0.834494956570468,0.9262896186592258
363,5,0,-1,51211,6,CCALPeps,1305.936,1246.904,0.08630699254579376,0.15320491117066648,0.8467950888293335,0.9136930074542062
364,5,0,-1,51828,6,CCVE,567.75,117.5,0.8141567142441014,0.9814618644067796,0.018538135593220338,0.18584328575589865
365,5,0,-1,51828,6,CCALPeps,1078.378,1024.619,0.8141752505681541,0.9813460140393861,0.0186539859606139,0.18582474943184585
366,5,0,-1,52445,6,CCVE,540.035,63.657,0.44050154918667705,0.44050154918667705,0.559498450813323,0.559498450813323
367,5,0,-1,52445,6,CCALPeps,1284.917,1224.0,0.4405197665447955,0.44051976654479585,0.5594802334552041,0.5594802334552045
368,5,0,-1,53062,6,CCVE,559.751,57.483,0.11217382371070476,0.11217382371070476,0.8878261762892953,0.8878261762892953
369,5,0,-1,53062,6,CCALPeps,1308.125,1253.712,0.11235584381791576,0.112355843817916,0.887644156182084,0.8876441561820843
370,5,0,-1,53679,6,CCVE,537.704,56.956,0.6379461871281774,0.6379461871281774,0.36205381287182253,0.36205381287182253
371,5,0,-1,53679,6,CCALPeps,1116.851,1064.05,0.6378310548983934,0.6378310548983936,0.3621689451016064,0.3621689451016066
372,5,0,-1,54296,6,CCVE,526.259,61.699,0.6448412698412698,0.6448412698412698,0.35515873015873023,0.35515873015873023
373,5,0,-1,54296,6,CCALPeps,1464.275,1405.586,0.6447646172991008,0.6447646172991013,0.35523538270089877,0.35523538270089916
374,5,0,-1,54913,6,CCVE,1953.434,1451.186,0.23211461977095216,0.3606727813141815,0.6393272186858185,0.7678853802290478
375,5,0,-1,54913,6,CCALPeps,1091.984,1030.548,0.2904103931218327,0.30257070168774514,0.6974292983122549,0.7095896068781673
376,5,0,-1,55530,6,CCVE,840.277,319.626,0.492427936892884,0.4997960204242775,0.5002039795757226,0.507572063107116
377,5,0,-1,55530,6,CCALPeps,1130.156,1075.605,0.49525102750577377,0.4969734510445173,0.5030265489554827,0.5047489724942262
378,5,0,-1,56147,6,CCVE,544.97,63.899,0.15177806341045416,0.15177806341045416,0.8482219365895459,0.8482219365895459
379,5,0,-1,56147,6,CCALPeps,1295.747,1234.546,0.15188858610701939,0.15188874364333455,0.8481112563566654,0.8481114138929806
380,5,0,-1,56764,6,CCVE,inf,inf,,,,
381,5,0,-1,56764,6,CCALPeps,1223.955,1168.736,0.2511833104786778,0.6204412893584378,0.3795587106415622,0.7488166895213222
382,5,0,-1,57381,6,CCVE,155175.073,154709.403,0.049696462214779136,0.9653874599391897,0.03461254006081025,0.9503035377852209
383,5,0,-1,57381,6,CCALPeps,1072.916,1014.476,0.4217475352002498,0.501433485470473,0.4985665145295271,0.5782524647997502
384,5,0,-1,57998,6,CCVE,551.22,57.226,0.35503432494279175,0.35503432494279175,0.6449656750572083,0.6449656750572083
385,5,0,-1,57998,6,CCALPeps,1317.117,1261.279,0.3551213274605671,0.3551603366026344,0.6448396633973656,0.6448786725394329
386,5,0,-1,58615,6,CCVE,1904.497,1416.408,0.5862370183441716,0.6267270222397165,0.3732729777602834,0.4137629816558285
387,5,0,-1,58615,6,CCALPeps,1300.466,1243.005,0.6061887948682787,0.6065381306553648,0.39346186934463523,0.39381120513172124
388,5,0,-1,59232,6,CCVE,572.479,85.089,0.7160940325497288,0.7350813743218806,0.26491862567811936,0.2839059674502713
389,5,0,-1,59232,6,CCALPeps,1211.524,1156.549,0.7160616273973673,0.7350271915064832,0.2649728084935168,0.28393837260263266
390,5,0,-1,59849,6,CCVE,5474.08,5016.433,0.09018380888272226,0.09948874412468048,0.9005112558753195,0.9098161911172777
391,5,0,-1,59849,6,CCALPeps,1160.835,1103.4,0.09026584212946552,0.09956016729304082,0.9004398327069592,0.9097341578705345
392,5,0,-1,60466,6,CCVE,inf,inf,,,,
393,5,0,-1,60466,6,CCALPeps,1371.499,1315.412,0.47525269596102804,0.8383713283395196,0.16162867166048045,0.524747304038972
394,5,0,-1,61083,6,CCVE,536.172,60.707,0.057600973427012606,0.057600973427012606,0.9423990265729874,0.9423990265729874
395,5,0,-1,61083,6,CCALPeps,1329.063,1271.351,0.05767647982066477,0.057676479820664824,0.9423235201793352,0.9423235201793352
396,5,0,-1,61700,6,CCVE,786.216,311.539,0.0026334743855226427,0.004817696552972045,0.995182303447028,0.9973665256144774
397,5,0,-1,61700,6,CCALPeps,1216.383,1158.453,0.0028580725963143487,0.004642297828740955,0.9953577021712591,0.9971419274036857
398,5,0,-1,62317,6,CCVE,530.896,56.826,0.25233548387096777,0.25233548387096777,0.7476645161290322,0.7476645161290322
399,5,0,-1,62317,6,CCALPeps,1254.214,1201.731,0.2523517776042491,0.2523748218692422,0.7476251781307578,0.7476482223957509
400,7,0,-1,1234,6,CCVE,631.858,114.336,0.03785744828103028,0.03785744828103028,0.9621425517189697,0.9621425517189697
401,7,0,-1,1234,6,CCALPeps,1963.414,1904.703,0.03795931583152688,0.03800815027918386,0.9619918497208162,0.9620406841684731
402,7,0,-1,1851,6,CCVE,617.045,97.646,0.755092297899427,0.755092297899427,0.24490770210057286,0.24490770210057286
403,7,0,-1,1851,6,CCALPeps,1966.522,1909.025,0.7548910575181159,0.7549684024218463,0.24503159757815374,0.24510894248188406
404,7,0,-1,2468,6,CCVE,616.166,103.845,0.7193980286760912,0.7193980286760912,0.28060197132390885,0.28060197132390885
405,7,0,-1,2468,6,CCALPeps,2202.621,2140.248,0.7192025553876764,0.7192238255779503,0.2807761744220497,0.2807974446123236
406,7,0,-1,3085,6,CCVE,588.956,98.533,0.6675323192831255,0.6675323192831255,0.33246768071687455,0.33246768071687455
407,7,0,-1,3085,6,CCALPeps,2137.821,2076.923,0.6673845589953031,0.6675024283252391,0.33249757167476096,0.33261544100469687
408,7,0,-1,3702,6,CCVE,inf,inf,,,,
409,7,0,-1,3702,6,CCALPeps,2007.94,1949.316,0.7770210410893557,0.7965985183852063,0.20340148161479366,0.22297895891064434
410,7,0,-1,4319,6,CCVE,594.567,97.029,0.9465168762997351,0.9465168762997351,0.053483123700264805,0.053483123700264805
411,7,0,-1,4319,6,CCALPeps,1776.667,1714.912,0.9463212718656933,0.9463731294721437,0.053626870527856314,0.05367872813430674
412,7,0,-1,4936,6,CCVE,622.739,106.317,0.9623093284752697,0.9623093284752697,0.037690671524730227,0.037690671524730227
413,7,0,-1,4936,6,CCALPeps,2132.461,2071.822,0.9621314886743648,0.962155699489258,0.037844300510741946,0.037868511325635144
414,7,0,-1,5553,6,CCVE,627.881,118.346,0.7630208333333334,0.7630208333333334,0.23697916666666666,0.23697916666666666
415,7,0,-1,5553,6,CCALPeps,1891.136,1834.073,0.7629654462806257,0.7629654462806259,0.2370345537193741,0.23703455371937432
416,7,0,-1,6170,6,CCVE,656.596,119.788,0.6735999999999999,0.6735999999999999,0.3264000000000001,0.3264000000000001
417,7,0,-1,6170,6,CCALPeps,2038.333,1975.729,0.6735634938956341,0.6736078108584008,0.3263921891415992,0.3264365061043659
418,7,0,-1,6787,6,CCVE,672.655,140.115,0.9344,0.97,0.03,0.06559999999999998
419,7,0,-1,6787,6,CCALPeps,1793.404,1729.331,0.9342935690528422,0.9698486719456012,0.030151328054398796,0.06570643094715778
420,7,0,-1,7404,6,CCVE,,,,,,
421,7,0,-1,7404,6,CCALPeps,2020.083,1961.727,0.9815578742278831,0.999736870167507,0.00026312983249299204,0.018442125772116902
422,7,0,-1,8021,6,CCVE,658.455,116.004,0.5728,0.5728,0.42719999999999997,0.42719999999999997
423,7,0,-1,8021,6,CCALPeps,1948.469,1892.473,0.5728045957079837,0.5728177423022123,0.4271822576977877,0.4271954042920163
424,7,0,-1,8638,6,CCVE,616.973,100.292,0.34946322246478667,0.34946322246478667,0.6505367775352133,0.6505367775352133
425,7,0,-1,8638,6,CCALPeps,1892.975,1836.024,0.3494886717372636,0.34950129923731005,0.6504987007626899,0.6505113282627364
426,7,0,-1,9255,6,CCVE,631.093,103.971,0.0,0.0,1.0,1.0
427,7,0,-1,9255,6,CCALPeps,2072.076,2014.399,0.00010001999200139972,0.00015794261289803338,0.999842057387102,0.9998999800079986
428,7,0,-1,9872,6,CCVE,882.001,354.116,0.11469999999999997,0.1603,0.8397,0.8853
429,7,0,-1,9872,6,CCALPeps,1775.191,1715.736,0.1243866712976487,0.15094916837320888,0.8490508316267912,0.8756133287023513
430,7,0,-1,10489,6,CCVE,631.943,106.972,0.29624233693322466,0.29624233693322466,0.7037576630667753,0.7037576630667753
431,7,0,-1,10489,6,CCALPeps,2174.199,2114.247,0.29630275730039046,0.29633980510475627,0.7036601948952437,0.7036972426996095
432,7,0,-1,11106,6,CCVE,16049.208,15493.053,0.19395928574219515,0.401277006231913,0.598722993768087,0.806040714257805
433,7,0,-1,11106,6,CCALPeps,2126.635,2061.264,0.2173059815526951,0.37052967112220025,0.6294703288777997,0.7826940184473049
434,7,0,-1,11723,6,CCVE,644.2,112.319,0.5232559290983809,0.5232559290983809,0.4767440709016191,0.4767440709016191
435,7,0,-1,11723,6,CCALPeps,1764.143,1699.488,0.5232354776145254,0.5232726066937295,0.47672739330627045,0.4767645223854746
436,7,0,-1,12340,6,CCVE,3045.029,2524.042,0.5215324811514724,0.7505481353986396,0.24945186460136037,0.47846751884852756
437,7,0,-1,12340,6,CCALPeps,2167.884,2109.557,0.521618357887622,0.7502600297177455,0.24973997028225453,0.478381642112378
438,7,0,-1,12957,6,CCVE,1800.253,1299.706,0.1415067732777007,0.14252550617814955,0.8574744938218505,0.8584932267222992
439,7,0,-1,12957,6,CCALPeps,2054.767,1995.887,0.1415818563527395,0.14268020820451838,0.8573197917954817,0.8584181436472605
440,7,0,-1,13574,6,CCVE,617.1,95.906,0.8396303323553315,0.8396303323553315,0.1603696676446685,0.1603696676446685
441,7,0,-1,13574,6,CCALPeps,1915.335,1856.24,0.8395478960035256,0.8395685643881687,0.16043143561183126,0.16045210399647436
442,7,0,-1,14191,6,CCVE,inf,inf,,,,
443,7,0,-1,14191,6,CCALPeps,2048.0,1982.465,0.2630137845916874,0.2933211421433377,0.7066788578566623,0.7369862154083127
444,7,0,-1,14808,6,CCVE,819.325,298.189,0.7464240338482848,0.7648374333390676,0.23516256666093238,0.25357596615171507
445,7,0,-1,14808,6,CCALPeps,1666.364,1607.057,0.7463316482324315,0.7647247181696224,0.2352752818303776,0.2536683517675684
446,7,0,-1,15425,6,CCVE,670.277,118.393,0.8983830529304652,0.8983830529304652,0.10161694706953475,0.10161694706953475
447,7,0,-1,15425,6,CCALPeps,1851.586,1785.03,0.8982567789778854,0.898297851743107,0.10170214825689305,0.1017432210221146
448,7,0,-1,16042,6,CCVE,inf,inf,,,,
449,7,0,-1,16042,6,CCALPeps,1964.571,1901.758,0.12060025099818047,0.13299175691489865,0.8670082430851014,0.8793997490018195
450,7,0,-1,16659,6,CCVE,689.119,146.57,0.3878374693209709,0.3878374693209709,0.612162530679029,0.612162530679029
451,7,0,-1,16659,6,CCALPeps,2238.525,2180.251,0.3878622418848239,0.3878622418848242,0.6121377581151758,0.6121377581151761
452,7,0,-1,17276,6,CCVE,651.149,105.123,0.872397104041128,0.872397104041128,0.12760289595887195,0.12760289595887195
453,7,0,-1,17276,6,CCALPeps,1995.897,1938.111,0.8722616253464607,0.8723247676178643,0.12767523238213577,0.12773837465353932
454,7,0,-1,17893,6,CCVE,609.135,94.36,0.771506014695805,0.771506014695805,0.22849398530419504,0.22849398530419504
455,7,0,-1,17893,6,CCALPeps,2137.539,2081.896,0.7713290477392979,0.77132948570707,0.22867051429292995,0.228670952260702
456,7,0,-1,18510,6,CCVE,645.924,130.503,0.35000000000000003,0.35000000000000003,0.65,0.65
457,7,0,-1,18510,6,CCALPeps,2181.783,2114.005,0.35011601447236085,0.35011796010994795,0.649882039890052,0.6498839855276392
458,7,0,-1,19127,6,CCVE,778.349,215.674,0.8694999999999999,0.94,0.059999999999999984,0.1305
459,7,0,-1,19127,6,CCALPeps,2451.0,2391.983,0.8694343552739117,0.9398629823281589,0.06013701767184112,0.1305656447260883
460,7,0,-1,19744,6,CCVE,624.964,127.362,0.96,0.96,0.039999999999999994,0.039999999999999994
461,7,0,-1,19744,6,CCALPeps,2192.672,2132.086,0.9598570344934709,0.9599134170086545,0.04008658299134549,0.04014296550652903
462,7,0,-1,20361,6,CCVE,669.572,117.946,0.6775249709333901,0.6775249709333901,0.3224750290666099,0.3224750290666099
463,7,0,-1,20361,6,CCALPeps,2109.384,2049.306,0.6774872050596425,0.6775392516933435,0.3224607483066565,0.3225127949403574
464,7,0,-1,20978,6,CCVE,3357.321,2830.453,0.43124564981133917,0.8426502029045444,0.15734979709545566,0.5687543501886608
465,7,0,-1,20978,6,CCALPeps,2072.933,2007.846,0.4313454817078027,0.842378187252377,0.157621812747623,0.5686545182921974
466,7,0,-1,21595,6,CCVE,613.476,99.247,0.7,0.7,0.30000000000000004,0.30000000000000004
467,7,0,-1,21595,6,CCALPeps,2242.22,2185.606,0.6999100289941007,0.69991300810025,0.30008699189974997,0.3000899710058993
468,7,0,-1,22212,6,CCVE,654.552,127.998,0.5277155655095185,0.5277155655095185,0.4722844344904816,0.4722844344904816
469,7,0,-1,22212,6,CCALPeps,2053.565,1986.456,0.5277073569396511,0.5277210298828098,0.4722789701171902,0.4722926430603489
470,7,0,-1,22829,6,CCVE,642.126,130.564,0.0493940660259089,0.0493940660259089,0.9506059339740911,0.9506059339740911
471,7,0,-1,22829,6,CCALPeps,1883.8,1822.845,0.04950292266892147,0.049502922668921555,0.9504970773310785,0.9504970773310786
472,7,0,-1,23446,6,CCVE,inf,inf,,,,
473,7,0,-1,23446,6,CCALPeps,1904.955,1844.4,0.4035151695278348,0.6750068012497925,0.3249931987502075,0.5964848304721653
474,7,0,-1,24063,6,CCVE,13946.036,13390.663,0.01382281259704132,0.2980484318337678,0.7019515681662322,0.9861771874029587
475,7,0,-1,24063,6,CCALPeps,2190.205,2123.957,0.13638387847429725,0.17423808885771871,0.8257619111422813,0.8636161215257028
476,7,0,-1,24680,6,CCVE,656.216,118.375,0.8648038255306975,0.8648038255306975,0.13519617446930254,0.13519617446930254
477,7,0,-1,24680,6,CCALPeps,1896.065,1835.354,0.864588653178475,0.8645975978902976,0.13540240210970245,0.135411346821525
478,7,0,-1,25297,6,CCVE,704.802,157.318,0.2799999999999999,0.28319999999999995,0.7168000000000001,0.7200000000000001
479,7,0,-1,25297,6,CCALPeps,1873.536,1813.027,0.28001933237248033,0.28321707397787854,0.7167829260221215,0.7199806676275197
480,7,0,-1,25914,6,CCVE,648.781,104.161,0.7463043160897066,0.7463043160897066,0.2536956839102934,0.2536956839102934
481,7,0,-1,25914,6,CCALPeps,2096.395,2036.105,0.7461703822349163,0.7461957075985022,0.2538042924014978,0.2538296177650837
482,7,0,-1,26531,6,CCVE,1243.574,712.164,0.6147100325719318,0.7043124853947816,0.2956875146052184,0.38528996742806826
483,7,0,-1,26531,6,CCALPeps,2098.658,2039.327,0.6147278963754463,0.7042287880246229,0.29577121197537715,0.3852721036245536
484,7,0,-1,27148,6,CCVE,16651.463,16097.965,0.6535278203220952,0.9417562769011633,0.05824372309883677,0.34647217967790483
485,7,0,-1,27148,6,CCALPeps,1976.013,1915.661,0.6535235400661714,0.9415540224550225,0.0584459775449775,0.3464764599338286
486,7,0,-1,27765,6,CCVE,666.232,122.75,0.08532423208191127,0.08532423208191127,0.9146757679180887,0.9146757679180887
487,7,0,-1,27765,6,CCALPeps,2037.95,1972.118,0.08539721562096389,0.08540354903546407,0.9145964509645359,0.9146027843790361
488,7,0,-1,28382,6,CCVE,881.711,343.21,0.13026366409438328,0.17232439854949513,0.8276756014505049,0.8697363359056167
489,7,0,-1,28382,6,CCALPeps,2048.978,1989.962,0.13072963944862728,0.17251669114206739,0.8274833088579326,0.8692703605513727
490,7,0,-1,28999,6,CCVE,1651.853,1122.631,0.301335630900687,0.3117729465008744,0.6882270534991258,0.6986643690993131
491,7,0,-1,28999,6,CCALPeps,1916.429,1855.303,0.301373041912937,0.3118029451168188,0.6881970548831813,0.698626958087063
492,7,0,-1,29616,6,CCVE,,,,,,
493,7,0,-1,29616,6,CCALPeps,1811.134,1747.474,0.7815199135834446,0.8716059794116636,0.1283940205883364,0.21848008641655536
494,7,0,-1,30233,6,CCVE,654.656,112.777,0.869907906777133,0.869907906777133,0.1300920932228669,0.1300920932228669
495,7,0,-1,30233,6,CCALPeps,1927.867,1863.247,0.8697166857271134,0.8697255132306816,0.13027448676931844,0.13028331427288664
496,7,0,-1,30850,6,CCVE,605.936,96.527,0.7142212857468474,0.7142212857468474,0.28577871425315265,0.28577871425315265
497,7,0,-1,30850,6,CCALPeps,2320.139,2258.536,0.7142164889985592,0.7142208840203154,0.28577911597968464,0.2857835110014408
498,7,0,-1,31467,6,CCVE,767.722,199.434,0.9570407200875996,0.9700151835407311,0.02998481645926883,0.042959279912400464
499,7,0,-1,31467,6,CCALPeps,2043.602,1978.789,0.9612766996987179,0.9656046174172794,0.03439538258272057,0.038723300301282126
500,7,0,-1,32084,6,CCVE,782.165,261.486,0.0188,0.026400000000000007,0.9736,0.9812
501,7,0,-1,32084,6,CCALPeps,2115.4,2055.135,0.01889759936628593,0.026583584926925235,0.9734164150730747,0.9811024006337141
502,7,0,-1,32701,6,CCVE,642.572,124.87,0.7699999999999999,0.7699999999999999,0.23,0.23
503,7,0,-1,32701,6,CCALPeps,1986.972,1925.374,0.7698880327935608,0.7699639900033595,0.23003600999664053,0.23011196720643912
504,7,0,-1,33318,6,CCVE,672.176,117.833,0.3295165637604419,0.3295165637604419,0.6704834362395581,0.6704834362395581
505,7,0,-1,33318,6,CCALPeps,2087.76,2023.362,0.3295841480810464,0.32958414808104686,0.6704158519189531,0.6704158519189536
506,7,0,-1,33935,6,CCVE,626.691,116.191,0.1112485080731984,0.1112485080731984,0.8887514919268016,0.8887514919268016
507,7,0,-1,33935,6,CCALPeps,2020.105,1960.032,0.11133484221538603,0.1113815854569559,0.8886184145430441,0.888665157784614
508,7,0,-1,34552,6,CCVE,638.653,115.394,0.024273558031633113,0.024273558031633113,0.9757264419683669,0.9757264419683669
509,7,0,-1,34552,6,CCALPeps,2185.745,2123.753,0.024392258425769937,0.024392265782848588,0.9756077342171514,0.97560774157423
510,7,0,-1,35169,6,CCVE,1017.858,470.309,0.7463166874514577,0.7627939771395054,0.2372060228604946,0.2536833125485423
511,7,0,-1,35169,6,CCALPeps,2065.831,2001.704,0.7462326663254919,0.7627582470455767,0.2372417529544233,0.25376733367450804
512,7,0,-1,35786,6,CCVE,1205.831,677.14,0.942819363676599,0.9846614655813524,0.01533853441864754,0.057180636323400987
513,7,0,-1,35786,6,CCALPeps,2220.451,2160.114,0.9427371309293942,0.9845460777915401,0.015453922208459907,0.05726286907060583
514,7,0,-1,36403,6,CCVE,642.088,120.803,0.18970758940909846,0.18970758940909846,0.8102924105909017,0.8102924105909017
515,7,0,-1,36403,6,CCALPeps,2071.69,2011.036,0.18984967856754698,0.18987659090633763,0.8101234090936624,0.810150321432453
516,7,0,-1,37020,6,CCVE,640.649,98.542,0.44457877322473915,0.44457877322473915,0.555421226775261,0.555421226775261
517,7,0,-1,37020,6,CCALPeps,2151.627,2088.056,0.4446065122150986,0.4446115400976325,0.5553884599023675,0.5553934877849014
518,7,0,-1,37637,6,CCVE,1236.108,729.33,0.11663944974708673,0.3622217358134513,0.6377782641865485,0.8833605502529133
519,7,0,-1,37637,6,CCALPeps,2115.656,2053.904,0.11699937994416337,0.3624269280904177,0.6375730719095822,0.8830006200558367
520,7,0,-1,38254,6,CCVE,3393.316,2840.53,0.05769688317868191,0.4039347007115949,0.5960652992884051,0.9423031168213181
521,7,0,-1,38254,6,CCALPeps,2199.105,2141.84,0.057994040516521364,0.40377958596840247,0.5962204140315975,0.9420059594834786
522,7,0,-1,38871,6,CCVE,630.946,111.554,0.9205985587143689,0.9205985587143689,0.0794014412856311,0.0794014412856311
523,7,0,-1,38871,6,CCALPeps,2004.968,1943.877,0.9203499905250273,0.920355281484482,0.07964471851551803,0.07965000947497265
524,7,0,-1,39488,6,CCVE,668.26,125.589,0.9381884799314791,0.9381884799314791,0.061811520068520844,0.061811520068520844
525,7,0,-1,39488,6,CCALPeps,2085.1,2024.208,0.9380043867701003,0.9380968749501202,0.061903125049879826,0.06199561322989955
526,7,0,-1,40105,6,CCVE,609.127,102.437,0.12854914196567865,0.12854914196567865,0.8714508580343213,0.8714508580343213
527,7,0,-1,40105,6,CCALPeps,1868.253,1801.762,0.13090895612025327,0.13090904951006607,0.8690909504899339,0.8690910438797467
528,7,0,-1,40722,6,CCVE,24759.12,24234.609,0.6413716732645299,0.6487303821622217,0.35126961783777827,0.35862832673547007
529,7,0,-1,40722,6,CCALPeps,1970.275,1907.798,0.6412831594029076,0.6486852560457719,0.3513147439542282,0.3587168405970924
530,7,0,-1,41339,6,CCVE,819.972,295.848,0.43,0.5680000000000001,0.432,0.57
531,7,0,-1,41339,6,CCALPeps,2068.322,2003.922,0.47802999827423864,0.5199446479575971,0.4800553520424029,0.5219700017257614
532,7,0,-1,41956,6,CCVE,642.377,118.894,0.8881180139458286,0.8881180139458286,0.11188198605417149,0.11188198605417149
533,7,0,-1,41956,6,CCALPeps,2079.075,2017.537,0.8880081324320792,0.8880081324320793,0.11199186756792079,0.11199186756792079
534,7,0,-1,42573,6,CCVE,5612.558,5079.634,0.970149139336282,0.9709085658243852,0.02909143417561489,0.029850860663717903
535,7,0,-1,42573,6,CCALPeps,1994.676,1934.166,0.9700056199957092,0.9707616751063516,0.029238324893648436,0.029994380004290777
536,7,0,-1,43190,6,CCVE,47387.271,46820.278,0.015888622047694635,0.5403526979692993,0.4596473020307006,0.9841113779523053
537,7,0,-1,43190,6,CCALPeps,2403.732,2336.93,0.016235397542147707,0.5401822639475843,0.4598177360524157,0.9837646024578524
538,7,0,-1,43807,6,CCVE,1817.098,1288.923,0.3643864764849339,0.6418087121212122,0.3581912878787879,0.6356135235150662
539,7,0,-1,43807,6,CCALPeps,1958.041,1898.391,0.44408725416538963,0.5617520609818687,0.43824793901813136,0.5559127458346104
540,7,0,-1,44424,6,CCVE,673.798,157.043,0.46085426968902465,0.48086576885336824,0.5191342311466317,0.5391457303109755
541,7,0,-1,44424,6,CCALPeps,1801.473,1735.899,0.4608708651814227,0.48090332470193553,0.5190966752980645,0.5391291348185774
542,7,0,-1,45041,6,CCVE,627.187,106.319,0.6253458455746027,0.6253458455746027,0.3746541544253972,0.3746541544253972
543,7,0,-1,45041,6,CCALPeps,2030.662,1965.345,0.6252649293834602,0.6253557563484271,0.3746442436515729,0.37473507061653977
544,7,0,-1,45658,6,CCVE,17297.099,16780.809,0.9801562275935268,0.9892761251179155,0.010723874882084561,0.019843772406473212
545,7,0,-1,45658,6,CCALPeps,2005.894,1943.36,0.9800573752925342,0.9891738642813025,0.010826135718697505,0.019942624707465773
546,7,0,-1,46275,6,CCVE,619.18,99.927,0.051801054225657395,0.051801054225657395,0.9481989457743426,0.9481989457743426
547,7,0,-1,46275,6,CCALPeps,1807.785,1745.21,0.05188787434540019,0.05188890988407746,0.9481110901159225,0.9481121256545998
548,7,0,-1,46892,6,CCVE,614.941,101.059,0.5746595330739299,0.5746595330739299,0.42534046692607,0.42534046692607
549,7,0,-1,46892,6,CCALPeps,2140.208,2076.137,0.5741008311469453,0.5741008311469458,0.42589916885305423,0.4258991688530546
550,7,0,-1,47509,6,CCVE,619.811,94.466,0.8946644025848179,0.8946644025848179,0.10533559741518196,0.10533559741518196
551,7,0,-1,47509,6,CCALPeps,1795.536,1728.978,0.8945598193106845,0.8945730531959792,0.10542694680402076,0.10544018068931549
552,7,0,-1,48126,6,CCVE,685.897,162.693,0.6338039268295839,0.6338039268295839,0.366196073170416,0.366196073170416
553,7,0,-1,48126,6,CCALPeps,1896.916,1835.937,0.6337566848214977,0.6337568723548732,0.3662431276451268,0.3662433151785022
554,7,0,-1,48743,6,CCVE,674.518,126.208,0.93,0.93,0.07,0.07
555,7,0,-1,48743,6,CCALPeps,2110.759,2047.067,0.9299140085991401,0.9299140085991402,0.07008599140085986,0.07008599140085996
556,7,0,-1,49360,6,CCVE,746.025,189.88,0.1885,0.1894,0.8106,0.8115
557,7,0,-1,49360,6,CCALPeps,2144.258,2078.485,0.18855710578318935,0.1894504802066334,0.8105495197933665,0.8114428942168106
558,7,0,-1,49977,6,CCVE,700.841,179.109,0.9311999999999999,0.9501000000000001,0.04990000000000001,0.0688
559,7,0,-1,49977,6,CCALPeps,2138.865,2075.297,0.9310830756725673,0.9500019437186261,0.04999805628137388,0.06891692432743264
560,7,0,-1,50594,6,CCVE,641.889,113.764,0.7803180398383293,0.7803180398383293,0.2196819601616707,0.2196819601616707
561,7,0,-1,50594,6,CCALPeps,1843.627,1781.667,0.7801830027244294,0.7802062176090521,0.21979378239094796,0.21981699727557052
562,7,0,-1,51211,6,CCVE,802.048,282.235,0.13836895451449177,0.24192255748734245,0.7580774425126575,0.8616310454855083
563,7,0,-1,51211,6,CCALPeps,2021.446,1960.349,0.17991782471520176,0.20060617413636378,0.7993938258636363,0.8200821752847982
564,7,0,-1,51828,6,CCVE,15397.157,14848.516,0.8031088082901554,0.9182757072294566,0.08172429277054333,0.19689119170984457
565,7,0,-1,51828,6,CCALPeps,2146.373,2085.076,0.8030773590553677,0.9181535067834888,0.08184649321651116,0.19692264094463224
566,7,0,-1,52445,6,CCVE,659.817,126.719,0.1594738375212719,0.1594738375212719,0.840526162478728,0.840526162478728
567,7,0,-1,52445,6,CCALPeps,1960.407,1896.633,0.1595350608156602,0.1595350608156605,0.8404649391843395,0.8404649391843398
568,7,0,-1,53062,6,CCVE,639.943,101.53,0.6563393206683027,0.6563393206683027,0.3436606793316973,0.3436606793316973
569,7,0,-1,53062,6,CCALPeps,1955.812,1892.341,0.6562382227387058,0.6562382227387062,0.34376177726129376,0.34376177726129414
570,7,0,-1,53679,6,CCVE,642.137,116.772,0.30174045842107583,0.30174045842107583,0.6982595415789241,0.6982595415789241
571,7,0,-1,53679,6,CCALPeps,1861.214,1793.884,0.30176675429295463,0.301767053373945,0.6982329466260551,0.6982332457070454
572,7,0,-1,54296,6,CCVE,611.588,99.001,0.36294810405073125,0.36294810405073125,0.6370518959492687,0.6370518959492687
573,7,0,-1,54296,6,CCALPeps,1995.303,1932.94,0.3630440525643787,0.3630494039194393,0.6369505960805607,0.6369559474356212
574,7,0,-1,54913,6,CCVE,677.228,152.95,0.6389999999999999,0.7011,0.29890000000000005,0.36100000000000004
575,7,0,-1,54913,6,CCALPeps,2097.049,2038.271,0.6389625650477678,0.7009561526501121,0.29904384734988787,0.3610374349522322
576,7,0,-1,55530,6,CCVE,697.941,148.647,0.06719999999999998,0.07239999999999999,0.9276,0.9328000000000001
577,7,0,-1,55530,6,CCALPeps,1967.255,1904.235,0.06732994889961663,0.07256775797157773,0.9274322420284222,0.9326700511003834
578,7,0,-1,56147,6,CCVE,644.487,116.569,0.3053924868469051,0.3053924868469051,0.6946075131530949,0.6946075131530949
579,7,0,-1,56147,6,CCALPeps,2039.519,1979.707,0.30543741031266153,0.30544102171803766,0.6945589782819623,0.6945625896873384
580,7,0,-1,56764,6,CCVE,,,,,,
581,7,0,-1,56764,6,CCALPeps,2393.528,2330.54,0.09650552233008607,0.3493492721064699,0.6506507278935302,0.903494477669914
582,7,0,-1,57381,6,CCVE,657.95,127.563,0.0785,0.9715,0.02849999999999999,0.9215
583,7,0,-1,57381,6,CCALPeps,1911.718,1849.129,0.2386216298049252,0.8113765638578241,0.18862343614217594,0.7613783701950748
584,7,0,-1,57998,6,CCVE,639.32,108.213,0.9659268309237766,0.9659268309237766,0.034073169076223445,0.034073169076223445
585,7,0,-1,57998,6,CCALPeps,2228.502,2167.187,0.9658405689687544,0.9658530270375023,0.03414697296249771,0.034159431031245635
586,7,0,-1,58615,6,CCVE,854.101,347.427,0.21723042303517237,0.23164816511396408,0.7683518348860362,0.7827695769648275
587,7,0,-1,58615,6,CCALPeps,1874.711,1810.875,0.2173727268646934,0.23179960643211145,0.7682003935678886,0.7826272731353067
588,7,0,-1,59232,6,CCVE,672.288,129.876,0.9755221932114883,0.9755221932114883,0.024477806788511754,0.024477806788511754
589,7,0,-1,59232,6,CCALPeps,2394.49,2328.799,0.975375582125959,0.9754072077800996,0.024592792219900406,0.02462441787404097
590,7,0,-1,59849,6,CCVE,1203.205,682.727,0.05475728502379845,0.06121818154408115,0.9387818184559189,0.9452427149762018
591,7,0,-1,59849,6,CCALPeps,2030.835,1969.024,0.05485551741097868,0.06130971422395792,0.9386902857760421,0.9451444825890213
592,7,0,-1,60466,6,CCVE,,,,,,
593,7,0,-1,60466,6,CCALPeps,2323.647,2260.148,0.06572709571052063,0.27000399531497155,0.7299960046850285,0.9342729042894794
594,7,0,-1,61083,6,CCVE,653.857,125.696,0.3644242823620174,0.3644242823620174,0.6355757176379826,0.6355757176379826
595,7,0,-1,61083,6,CCALPeps,2158.372,2099.167,0.36437119992142286,0.36437119992142325,0.6356288000785768,0.6356288000785771
596,7,0,-1,61700,6,CCVE,inf,inf,,,,
597,7,0,-1,61700,6,CCALPeps,2143.556,2082.087,0.7507801497065006,0.7539478743819525,0.24605212561804746,0.24921985029349936
598,7,0,-1,62317,6,CCVE,610.702,98.895,0.029999999999999995,0.029999999999999995,0.97,0.97
599,7,0,-1,62317,6,CCALPeps,1874.256,1811.284,0.030094000597940384,0.03011696370808877,0.9698830362919112,0.9699059994020596
600,9,0,-1,1234,6,CCVE,871.913,312.555,0.6291273067323413,0.6291273067323413,0.3708726932676588,0.3708726932676588
601,9,0,-1,1234,6,CCALPeps,2607.586,2538.291,0.6290342208509654,0.6290597750489099,0.37094022495109014,0.3709657791490346
602,9,0,-1,1851,6,CCVE,858.496,296.653,0.48030000000000006,0.48030000000000006,0.5197,0.5197
603,9,0,-1,1851,6,CCALPeps,3170.553,3106.418,0.4802908573366428,0.48029975848500084,0.5197002415149992,0.5197091426633572
604,9,0,-1,2468,6,CCVE,832.397,272.401,0.34149633254226514,0.34149633254226514,0.6585036674577349,0.6585036674577349
605,9,0,-1,2468,6,CCALPeps,2758.964,2694.761,0.3414454149846051,0.341460988602885,0.658539011397115,0.6585545850153949
606,9,0,-1,3085,6,CCVE,808.447,271.517,0.8383120000000001,0.8383120000000001,0.16168800000000003,0.16168800000000003
607,9,0,-1,3085,6,CCALPeps,2835.521,2769.636,0.8382079674581968,0.838221665283028,0.16177833471697203,0.1617920325418032
608,9,0,-1,3702,6,CCVE,,,,,,
609,9,0,-1,3702,6,CCALPeps,3036.417,2972.13,0.20297055675205997,0.2216896961150006,0.7783103038849994,0.79702944324794
610,9,0,-1,4319,6,CCVE,818.295,267.25,0.8110907955775124,0.8110907955775124,0.18890920442248757,0.18890920442248757
611,9,0,-1,4319,6,CCALPeps,2772.771,2710.769,0.8108518266782873,0.8108923641182713,0.18910763588172874,0.18914817332171271
612,9,0,-1,4936,6,CCVE,839.331,280.491,0.695337,0.695337,0.304663,0.304663
613,9,0,-1,4936,6,CCALPeps,3236.204,3173.582,0.6952273779831184,0.6952368311055264,0.30476316889447364,0.3047726220168816
614,9,0,-1,5553,6,CCVE,885.388,325.989,0.5503475094159588,0.5503475094159588,0.44965249058404116,0.44965249058404116
615,9,0,-1,5553,6,CCALPeps,2891.278,2828.419,0.550319398149016,0.5503193981490164,0.4496806018509836,0.449680601850984
616,9,0,-1,6170,6,CCVE,1021.826,460.625,0.9630212139382488,0.9630212139382488,0.036978786061751215,0.036978786061751215
617,9,0,-1,6170,6,CCALPeps,3020.631,2954.329,0.9629270417867061,0.9629286917060144,0.03707130829398564,0.03707295821329393
618,9,0,-1,6787,6,CCVE,939.643,366.516,0.25064400000000003,0.2762759999999999,0.7237240000000001,0.749356
619,9,0,-1,6787,6,CCALPeps,2731.613,2663.465,0.2511557034747677,0.27603929828301593,0.723960701716984,0.7488442965252323
620,9,0,-1,7404,6,CCVE,,,,,,
621,9,0,-1,7404,6,CCALPeps,2709.056,2645.759,0.93958709249453,0.9408625200731365,0.059137479926863475,0.06041290750547001
622,9,0,-1,8021,6,CCVE,885.289,331.432,0.86136,0.86136,0.13863999999999999,0.13863999999999999
623,9,0,-1,8021,6,CCALPeps,3032.427,2969.946,0.8612868482887719,0.8612875054870307,0.1387124945129693,0.1387131517112281
624,9,0,-1,8638,6,CCVE,829.192,286.06,0.3193,0.3193,0.6807000000000001,0.6807000000000001
625,9,0,-1,8638,6,CCALPeps,3135.234,3072.22,0.3193202569516252,0.31932655347871103,0.6806734465212889,0.6806797430483749
626,9,0,-1,9255,6,CCVE,843.418,299.583,0.9499923359901901,0.9499923359901901,0.05000766400980994,0.05000766400980994
627,9,0,-1,9255,6,CCALPeps,2933.392,2870.955,0.9498834232891074,0.9498903654448189,0.05010963455518117,0.05011657671089264
628,9,0,-1,9872,6,CCVE,959.817,365.755,0.7475205658820255,0.7713095015785585,0.22869049842144154,0.2524794341179745
629,9,0,-1,9872,6,CCALPeps,2901.781,2837.757,0.7523543283931974,0.7662093104334247,0.23379068956657534,0.24764567160680262
630,9,0,-1,10489,6,CCVE,891.945,323.957,0.026164169712775426,0.026164169712775426,0.9738358302872246,0.9738358302872246
631,9,0,-1,10489,6,CCALPeps,2808.953,2740.799,0.026226229938697443,0.02625935945753418,0.9737406405424658,0.9737737700613026
632,9,0,-1,11106,6,CCVE,254341.175,253769.696,0.6091623678001007,0.7561234192137419,0.24387658078625812,0.3908376321998993
633,9,0,-1,11106,6,CCALPeps,3007.82,2942.446,0.6302917695473172,0.7353078157672932,0.2646921842327068,0.36970823045268275
634,9,0,-1,11723,6,CCVE,909.758,338.967,0.4399182569813158,0.4399182569813158,0.5600817430186843,0.5600817430186843
635,9,0,-1,11723,6,CCALPeps,3092.816,3031.98,0.4399221569490036,0.43995615765753615,0.5600438423424638,0.5600778430509964
636,9,0,-1,12340,6,CCVE,inf,inf,,,,
637,9,0,-1,12340,6,CCALPeps,3302.654,3237.801,0.2580008511470853,0.27649811795555546,0.7235018820444445,0.7419991488529147
638,9,0,-1,12957,6,CCVE,1159.649,534.353,0.3778816802916656,0.37851724779383483,0.6214827522061651,0.6221183197083344
639,9,0,-1,12957,6,CCALPeps,3164.125,3097.176,0.377965771794594,0.3784173358700035,0.6215826641299965,0.622034228205406
640,9,0,-1,13574,6,CCVE,846.729,272.254,0.880827890248159,0.880827890248159,0.11917210975184096,0.11917210975184096
641,9,0,-1,13574,6,CCALPeps,2816.512,2752.269,0.8807613837149496,0.880764337331886,0.11923566266811403,0.11923861628505039
642,9,0,-1,14191,6,CCVE,,,,,,
643,9,0,-1,14191,6,CCALPeps,3041.45,2978.145,0.8213935828805421,0.8243927790177299,0.1756072209822701,0.1786064171194579
644,9,0,-1,14808,6,CCVE,11380.237,10836.45,0.3655052102879754,0.38297210229218454,0.6170278977078154,0.6344947897120247
645,9,0,-1,14808,6,CCALPeps,2501.111,2434.747,0.3679253143999551,0.3807208170631715,0.6192791829368285,0.632074685600045
646,9,0,-1,15425,6,CCVE,876.612,324.774,0.22272499711978544,0.22272499711978544,0.7772750028802144,0.7772750028802144
647,9,0,-1,15425,6,CCALPeps,2867.518,2801.541,0.22283826574051918,0.22286478134239224,0.7771352186576078,0.7771617342594809
648,9,0,-1,16042,6,CCVE,,,,,,
649,9,0,-1,16042,6,CCALPeps,2775.805,2713.102,0.4649715022801492,0.47245028906318454,0.5275497109368155,0.5350284977198507
650,9,0,-1,16659,6,CCVE,851.244,293.372,0.5791999999999999,0.5791999999999999,0.4208,0.4208
651,9,0,-1,16659,6,CCALPeps,3060.172,2996.066,0.5791903197361491,0.57919031973615,0.42080968026385,0.4208096802638509
652,9,0,-1,17276,6,CCVE,881.166,341.748,0.2539760036816159,0.2539760036816159,0.7460239963183841,0.7460239963183841
653,9,0,-1,17276,6,CCALPeps,2697.091,2630.975,0.25407164198548077,0.25412312011118254,0.7458768798888175,0.7459283580145193
654,9,0,-1,17893,6,CCVE,839.26,263.154,0.48701599999999995,0.48701599999999995,0.5129840000000001,0.5129840000000001
655,9,0,-1,17893,6,CCALPeps,2699.021,2635.221,0.4870520588893814,0.48705205888938186,0.5129479411106181,0.5129479411106186
656,9,0,-1,18510,6,CCVE,985.09,369.473,0.780864839658512,0.780864839658512,0.21913516034148792,0.21913516034148792
657,9,0,-1,18510,6,CCALPeps,3342.621,3275.37,0.7807530476183102,0.7807541814934378,0.21924581850656222,0.21924695238168979
658,9,0,-1,19127,6,CCVE,988.677,408.65,0.5147683102826218,0.5437907396271798,0.45620926037282034,0.48523168971737823
659,9,0,-1,19127,6,CCALPeps,2772.434,2706.441,0.5147608997164218,0.5437502328195001,0.4562497671805,0.4852391002835782
660,9,0,-1,19744,6,CCVE,922.058,338.14,0.8120732984293193,0.8120732984293193,0.1879267015706806,0.1879267015706806
661,9,0,-1,19744,6,CCALPeps,2698.325,2633.241,0.8119399485196728,0.8119735355118836,0.1880264644881165,0.18806005148032723
662,9,0,-1,20361,6,CCVE,923.176,339.076,0.3225939079027639,0.3225939079027639,0.6774060920972361,0.6774060920972361
663,9,0,-1,20361,6,CCALPeps,3038.054,2966.119,0.3226311136029148,0.3226743464990736,0.6773256535009264,0.6773688863970853
664,9,0,-1,20978,6,CCVE,2569.404,2048.958,0.9050398767238557,0.919031793518596,0.08096820648140392,0.09496012327614438
665,9,0,-1,20978,6,CCALPeps,2854.594,2790.74,0.9096700175549617,0.9142334003924509,0.0857665996075491,0.09032998244503829
666,9,0,-1,21595,6,CCVE,860.292,289.285,0.23192488851815385,0.23192488851815385,0.7680751114818462,0.7680751114818462
667,9,0,-1,21595,6,CCALPeps,3098.097,3036.104,0.23203163986080455,0.2320338251741782,0.7679661748258219,0.7679683601391954
668,9,0,-1,22212,6,CCVE,841.718,296.743,0.765,0.765,0.23500000000000007,0.23500000000000007
669,9,0,-1,22212,6,CCALPeps,2995.978,2933.319,0.7649431041505126,0.76494584897777,0.23505415102223004,0.23505689584948739
670,9,0,-1,22829,6,CCVE,945.667,361.114,0.675019750747633,0.675019750747633,0.32498024925236696,0.32498024925236696
671,9,0,-1,22829,6,CCALPeps,3041.746,2975.945,0.6749655327636508,0.6749655327636515,0.3250344672363486,0.32503446723634916
672,9,0,-1,23446,6,CCVE,,,,,,
673,9,0,-1,23446,6,CCALPeps,3181.385,3118.777,0.30557990271503344,0.5619328506365959,0.43806714936340413,0.6944200972849666
674,9,0,-1,24063,6,CCVE,inf,inf,,,,
675,9,0,-1,24063,6,CCALPeps,2758.176,2695.376,0.36711237867126406,0.36905270082612684,0.6309472991738732,0.632887621328736
676,9,0,-1,24680,6,CCVE,889.654,321.602,0.6208788556196341,0.6208788556196341,0.3791211443803659,0.3791211443803659
677,9,0,-1,24680,6,CCALPeps,2627.573,2562.818,0.6207420196960701,0.6207470841933899,0.37925291580661014,0.3792579803039299
678,9,0,-1,25297,6,CCVE,960.263,399.824,0.865072,0.8656159999999999,0.13438399999999998,0.134928
679,9,0,-1,25297,6,CCALPeps,3011.23,2948.986,0.8651287068688449,0.8654165071687149,0.13458349283128512,0.13487129313115503
680,9,0,-1,25914,6,CCVE,877.098,293.857,0.21421672787856727,0.21421672787856727,0.7857832721214328,0.7857832721214328
681,9,0,-1,25914,6,CCALPeps,3101.1,3039.949,0.2142499511466826,0.2142545041448446,0.7857454958551554,0.7857500488533175
682,9,0,-1,26531,6,CCVE,1058.647,468.758,0.35321123969512597,0.42637562331013146,0.5736243766898685,0.646788760304874
683,9,0,-1,26531,6,CCALPeps,2744.457,2676.532,0.35421471790560627,0.42545232341125205,0.574547676588748,0.6457852820943937
684,9,0,-1,27148,6,CCVE,933.435,370.972,0.18649600000000002,0.18940800000000002,0.8105920000000002,0.813504
685,9,0,-1,27148,6,CCALPeps,2910.182,2838.946,0.18655867362629405,0.18946806360318105,0.810531936396819,0.8134413263737059
686,9,0,-1,27765,6,CCVE,935.547,367.567,0.362848352832858,0.362848352832858,0.6371516471671419,0.6371516471671419
687,9,0,-1,27765,6,CCALPeps,2925.092,2865.481,0.36290943630152367,0.36291617177951235,0.6370838282204876,0.6370905636984763
688,9,0,-1,28382,6,CCVE,4151.786,3603.487,0.5710899076961063,0.6025610863214925,0.39743891367850753,0.4289100923038937
689,9,0,-1,28382,6,CCALPeps,3103.035,3038.672,0.5765043449075636,0.5967608144453664,0.4032391855546336,0.42349565509243636
690,9,0,-1,28999,6,CCVE,1424.735,875.654,0.8389604459473657,0.84366497384633,0.15633502615367006,0.16103955405263431
691,9,0,-1,28999,6,CCALPeps,2728.337,2664.945,0.83888273567956,0.8435829515265131,0.15641704847348692,0.16111726432044002
692,9,0,-1,29616,6,CCVE,,,,,,
693,9,0,-1,29616,6,CCALPeps,2929.61,2866.945,0.5002714673481672,0.5074769113814952,0.49252308861850486,0.4997285326518328
694,9,0,-1,30233,6,CCVE,853.66,282.053,0.43655211061668536,0.43655211061668536,0.5634478893833146,0.5634478893833146
695,9,0,-1,30233,6,CCALPeps,2480.112,2412.054,0.43661741879660476,0.43662487210243894,0.5633751278975611,0.5633825812033952
696,9,0,-1,30850,6,CCVE,861.337,278.597,0.742347431864907,0.742347431864907,0.2576525681350929,0.2576525681350929
697,9,0,-1,30850,6,CCALPeps,2415.262,2348.403,0.74230230621523,0.7423042341939381,0.2576957658060619,0.25769769378477003
698,9,0,-1,31467,6,CCVE,7038.396,6435.163,0.7327279667549423,0.7509468318135489,0.2490531681864511,0.26727203324505777
699,9,0,-1,31467,6,CCALPeps,2922.943,2862.003,0.738991885566157,0.7444578594571023,0.2555421405428977,0.2610081144338429
700,9,0,-1,32084,6,CCVE,936.443,407.112,0.78184,0.783132,0.216868,0.21815999999999997
701,9,0,-1,32084,6,CCALPeps,3060.066,2988.711,0.7820223258241159,0.7828676151610117,0.2171323848389884,0.2179776741758841
702,9,0,-1,32701,6,CCVE,924.4,335.552,0.5363231486276541,0.5363231486276541,0.463676851372346,0.463676851372346
703,9,0,-1,32701,6,CCALPeps,3702.126,3640.128,0.5362824212371675,0.5363013151790292,0.46369868482097076,0.4637175787628324
704,9,0,-1,33318,6,CCVE,915.77,337.793,0.3399073475662846,0.3399073475662846,0.6600926524337154,0.6600926524337154
705,9,0,-1,33318,6,CCALPeps,2919.338,2849.312,0.3399182460909002,0.33991824609090054,0.6600817539090995,0.6600817539090997
706,9,0,-1,33935,6,CCVE,865.463,278.133,0.19216181651917597,0.19216181651917597,0.807838183480824,0.807838183480824
707,9,0,-1,33935,6,CCALPeps,3212.099,3145.517,0.19228776443681034,0.1923329218207519,0.8076670781792481,0.8077122355631896
708,9,0,-1,34552,6,CCVE,906.391,312.454,0.029285000000000002,0.029285000000000002,0.970715,0.970715
709,9,0,-1,34552,6,CCALPeps,3016.395,2953.158,0.029475784440527397,0.029475784440527467,0.9705242155594725,0.9705242155594725
710,9,0,-1,35169,6,CCVE,17163.477,16618.606,0.8941206677211652,0.9010652969149884,0.09893470308501169,0.10587933227883489
711,9,0,-1,35169,6,CCALPeps,2556.313,2492.729,0.894008131124205,0.9009715848955551,0.09902841510444493,0.10599186887579498
712,9,0,-1,35786,6,CCVE,26098.404,25550.442,0.565416181558815,0.5682621751795536,0.4317378248204464,0.434583818441185
713,9,0,-1,35786,6,CCALPeps,3100.571,3036.671,0.5658380154835132,0.5678331200041121,0.4321668799958879,0.43416198451648674
714,9,0,-1,36403,6,CCVE,855.892,273.811,0.5776163602710923,0.5776163602710923,0.4223836397289076,0.4223836397289076
715,9,0,-1,36403,6,CCALPeps,3019.917,2955.824,0.5776559743262007,0.5776639894055475,0.42233601059445247,0.42234402567379925
716,9,0,-1,37020,6,CCVE,842.084,265.445,0.34023349070440695,0.34023349070440695,0.6597665092955931,0.6597665092955931
717,9,0,-1,37020,6,CCALPeps,3036.327,2967.313,0.34026657664706406,0.34026942235026525,0.6597305776497348,0.6597334233529359
718,9,0,-1,37637,6,CCVE,954.117,376.55,0.19092499999999996,0.273575,0.726425,0.8090749999999998
719,9,0,-1,37637,6,CCALPeps,3174.6,3114.358,0.19101033676505633,0.27352328559322736,0.7264767144067726,0.8089896632349437
720,9,0,-1,38254,6,CCVE,1735.572,1126.726,0.18015843465282083,0.38811376894267385,0.6118862310573262,0.8198415653471792
721,9,0,-1,38254,6,CCALPeps,2803.736,2738.687,0.25794589759469044,0.2967229300097022,0.7032770699902978,0.7420541024053096
722,9,0,-1,38871,6,CCVE,851.986,312.255,0.21885159340586122,0.21885159340586122,0.7811484065941388,0.7811484065941388
723,9,0,-1,38871,6,CCALPeps,2711.161,2648.741,0.21895776939805878,0.21895892682647827,0.7810410731735218,0.7810422306019412
724,9,0,-1,39488,6,CCVE,864.345,268.134,0.8678967747306747,0.8678967747306747,0.1321032252693253,0.1321032252693253
725,9,0,-1,39488,6,CCALPeps,2629.473,2568.507,0.8677897572677822,0.8678047819204067,0.13219521807959334,0.1322102427322178
726,9,0,-1,40105,6,CCVE,829.632,284.012,0.6866052657150581,0.6866052657150581,0.3133947342849419,0.3133947342849419
727,9,0,-1,40105,6,CCALPeps,2662.142,2597.854,0.6865743423616912,0.6865743840829288,0.31342561591707124,0.31342565763830876
728,9,0,-1,40722,6,CCVE,1049.142,482.188,0.5533449181268971,0.560605791814704,0.43939420818529595,0.44665508187310293
729,9,0,-1,40722,6,CCALPeps,3049.951,2989.804,0.5533000994312285,0.5606017527532392,0.4393982472467608,0.4466999005687715
730,9,0,-1,41339,6,CCVE,898.095,333.561,0.55728,0.5628,0.4371999999999999,0.44271999999999995
731,9,0,-1,41339,6,CCALPeps,2813.952,2742.6,0.5591903748228054,0.5608666255264712,0.43913337447352885,0.4408096251771946
732,9,0,-1,41956,6,CCVE,939.78,328.796,0.6252,0.6252,0.37479999999999997,0.37479999999999997
733,9,0,-1,41956,6,CCALPeps,3189.787,3127.817,0.6251943360069918,0.6251943360069923,0.37480566399300774,0.3748056639930082
734,9,0,-1,42573,6,CCVE,15569.66,14998.364,0.6493904422274087,0.6503559542602648,0.3496440457397352,0.3506095577725913
735,9,0,-1,42573,6,CCALPeps,2590.678,2524.962,0.6496370173750592,0.6499327095751344,0.3500672904248657,0.3503629826249408
736,9,0,-1,43190,6,CCVE,inf,inf,,,,
737,9,0,-1,43190,6,CCALPeps,3467.449,3405.897,0.27934144359948904,0.525790177957491,0.47420982204250905,0.720658556400511
738,9,0,-1,43807,6,CCVE,70763.484,70217.725,0.17274776736543493,0.19748537731545143,0.8025146226845485,0.8272522326345653
739,9,0,-1,43807,6,CCALPeps,2545.6,2484.549,0.17992883911084245,0.19041898046163666,0.8095810195383634,0.8200711608891575
740,9,0,-1,44424,6,CCVE,1003.264,433.53,0.065015,0.065615,0.9343849999999999,0.9349850000000001
741,9,0,-1,44424,6,CCALPeps,2666.109,2599.944,0.06530152957259126,0.06550169933966903,0.934498300660331,0.9346984704274087
742,9,0,-1,45041,6,CCVE,905.379,342.373,0.5602716964576752,0.5602716964576752,0.43972830354232484,0.43972830354232484
743,9,0,-1,45041,6,CCALPeps,3027.057,2961.964,0.5602946195586458,0.5603234090622311,0.4396765909377689,0.4397053804413542
744,9,0,-1,45658,6,CCVE,131306.27,130748.999,0.4061525255979607,0.4071521069727879,0.5928478930272121,0.5938474744020393
745,9,0,-1,45658,6,CCALPeps,2813.868,2745.553,0.40616125966638816,0.407160650462443,0.592839349537557,0.5938387403336118
746,9,0,-1,46275,6,CCVE,840.39,291.867,0.8577492524978695,0.8577492524978695,0.1422507475021305,0.1422507475021305
747,9,0,-1,46275,6,CCALPeps,2821.047,2759.431,0.8576338987923771,0.8576366409373632,0.14236335906263675,0.14236610120762294
748,9,0,-1,46892,6,CCVE,849.822,289.315,0.8087160254681554,0.8087160254681554,0.19128397453184465,0.19128397453184465
749,9,0,-1,46892,6,CCALPeps,3099.119,3034.614,0.8086459777353534,0.8086459777353536,0.19135402226464637,0.19135402226464654
750,9,0,-1,47509,6,CCVE,840.61,271.656,0.33134687885835074,0.33134687885835074,0.6686531211416493,0.6686531211416493
751,9,0,-1,47509,6,CCALPeps,2576.553,2512.985,0.33137213486621453,0.33137325871816914,0.6686267412818309,0.6686278651337855
752,9,0,-1,48126,6,CCVE,893.853,334.014,0.8086165360266536,0.8086165360266536,0.19138346397334635,0.19138346397334635
753,9,0,-1,48126,6,CCALPeps,2775.98,2713.444,0.8085460320178319,0.8085530150018698,0.1914469849981302,0.19145396798216807
754,9,0,-1,48743,6,CCVE,928.76,339.841,0.27312026624581515,0.27312026624581515,0.7268797337541848,0.7268797337541848
755,9,0,-1,48743,6,CCALPeps,2989.316,2926.382,0.2731924919545802,0.27319274595803067,0.7268072540419693,0.7268075080454198
756,9,0,-1,49360,6,CCVE,893.272,334.291,0.8318259852783315,0.8323837409906456,0.1676162590093544,0.16817401472166846
757,9,0,-1,49360,6,CCALPeps,3013.89,2948.555,0.831730337618966,0.8322838705150657,0.1677161294849343,0.16826966238103402
758,9,0,-1,49977,6,CCVE,1004.288,408.136,0.10978329467608826,0.11431824801769244,0.8856817519823075,0.8902167053239117
759,9,0,-1,49977,6,CCALPeps,2821.512,2757.601,0.11174780839566532,0.11251811463999817,0.8874818853600018,0.8882521916043347
760,9,0,-1,50594,6,CCVE,921.946,327.662,0.38708520652067674,0.38708520652067674,0.6129147934793233,0.6129147934793233
761,9,0,-1,50594,6,CCALPeps,2592.343,2526.849,0.3871345583478829,0.3871466896977198,0.6128533103022802,0.6128654416521171
762,9,0,-1,51211,6,CCVE,1095.297,488.46,0.629712,0.726432,0.27356800000000003,0.370288
763,9,0,-1,51211,6,CCALPeps,3250.272,3188.286,0.6707770148257786,0.6851105888739857,0.3148894111260143,0.3292229851742214
764,9,0,-1,51828,6,CCVE,294616.842,294041.614,0.26521856681850925,0.3891884474754189,0.6108115525245813,0.7347814331814908
765,9,0,-1,51828,6,CCALPeps,2722.046,2655.927,0.27507039980455317,0.37946618752386674,0.6205338124761333,0.7249296001954468
766,9,0,-1,52445,6,CCVE,876.352,276.886,0.433776,0.433776,0.5662240000000001,0.5662240000000001
767,9,0,-1,52445,6,CCALPeps,3020.12,2952.27,0.43379994762139507,0.43379994762139573,0.5662000523786043,0.5662000523786049
768,9,0,-1,53062,6,CCVE,834.763,276.582,0.47251775627831416,0.47251775627831416,0.5274822437216858,0.5274822437216858
769,9,0,-1,53062,6,CCALPeps,3154.169,3085.943,0.4724844145692218,0.47248441456922224,0.5275155854307778,0.5275155854307783
770,9,0,-1,53679,6,CCVE,872.28,290.963,0.15712894356712104,0.15712894356712104,0.8428710564328789,0.8428710564328789
771,9,0,-1,53679,6,CCALPeps,2560.518,2494.14,0.15716758713631443,0.1572021551525498,0.8427978448474502,0.8428324128636856
772,9,0,-1,54296,6,CCVE,829.202,282.332,0.48635368277070296,0.48635368277070296,0.513646317229297,0.513646317229297
773,9,0,-1,54296,6,CCALPeps,3042.049,2976.287,0.4863954809641731,0.48639579106773484,0.5136042089322652,0.5136045190358269
774,9,0,-1,54913,6,CCVE,1020.151,457.513,0.937104,0.942693,0.05730700000000001,0.062896
775,9,0,-1,54913,6,CCALPeps,2779.792,2718.804,0.9388835299359609,0.9407429656396983,0.05925703436030177,0.061116470064039065
776,9,0,-1,55530,6,CCVE,1115.687,496.695,0.9091473599098326,0.910669404356455,0.08933059564354497,0.09085264009016733
777,9,0,-1,55530,6,CCALPeps,2906.603,2839.671,0.9091934366879917,0.910393701570496,0.08960629842950396,0.09080656331200829
778,9,0,-1,56147,6,CCVE,824.26,275.5,0.28812126748759914,0.28812126748759914,0.7118787325124009,0.7118787325124009
779,9,0,-1,56147,6,CCALPeps,2952.351,2888.759,0.28814492016643894,0.2881460954733003,0.7118539045266997,0.711855079833561
780,9,0,-1,56764,6,CCVE,,,,,,
781,9,0,-1,56764,6,CCALPeps,3293.103,3226.284,0.4421812621707363,0.49022642430996327,0.5097735756900368,0.5578187378292637
782,9,0,-1,57381,6,CCVE,1055.138,464.911,0.45693276273814404,0.9827684544919891,0.017231545508010905,0.5430672372618559
783,9,0,-1,57381,6,CCALPeps,3052.497,2987.519,0.5563643447682887,0.8832535915459143,0.11674640845408568,0.44363565523171133
784,9,0,-1,57998,6,CCVE,859.693,291.508,0.22033940920672015,0.22033940920672015,0.7796605907932798,0.7796605907932798
785,9,0,-1,57998,6,CCALPeps,3231.797,3168.632,0.2204795788427556,0.2204946956388092,0.7795053043611908,0.7795204211572444
786,9,0,-1,58615,6,CCVE,12997.628,12446.787,0.508363904309082,0.517495255698137,0.48250474430186296,0.491636095690918
787,9,0,-1,58615,6,CCALPeps,2785.659,2721.367,0.5094748556507152,0.5165056556749841,0.4834943443250159,0.49052514434928485
788,9,0,-1,59232,6,CCVE,871.411,316.443,0.6059945124307446,0.6059945124307446,0.39400548756925535,0.39400548756925535
789,9,0,-1,59232,6,CCALPeps,3193.273,3129.54,0.6060165086151437,0.6060221679148692,0.3939778320851308,0.3939834913848563
790,9,0,-1,59849,6,CCVE,236129.859,235550.035,0.8759721698743139,0.8771691231515956,0.1228308768484044,0.12402783012568602
791,9,0,-1,59849,6,CCALPeps,2752.712,2685.178,0.8763114588977123,0.8766910591222236,0.12330894087777643,0.12368854110228761
792,9,0,-1,60466,6,CCVE,,,,,,
793,9,0,-1,60466,6,CCALPeps,3496.385,3431.917,0.3190086947629743,0.47563095182458626,0.5243690481754137,0.6809913052370258
794,9,0,-1,61083,6,CCVE,930.301,350.35,0.40763199999999994,0.40763199999999994,0.592368,0.592368
795,9,0,-1,61083,6,CCALPeps,2819.274,2756.308,0.4076527687085995,0.4076527687085999,0.5923472312914001,0.5923472312914004
796,9,0,-1,61700,6,CCVE,,,,,,
797,9,0,-1,61700,6,CCALPeps,3003.62,2940.747,0.7665970224196457,0.7695856526364167,0.23041434736358338,0.23340297758035433
798,9,0,-1,62317,6,CCVE,850.342,290.618,0.5331218352002455,0.5331218352002455,0.46687816479975447,0.46687816479975447
799,9,0,-1,62317,6,CCALPeps,2724.63,2658.651,0.5324831369700247,0.5324857200705092,0.4675142799294908,0.4675168630299753
