,8,7,6,5,4,3,2,1,0
0,0,0,0,1,1,0,0,0,0
1,1,0,0,1,1,0,0,1,0
2,1,0,1,0,0,0,0,1,0
3,0,0,0,0,0,0,0,0,0
4,0,0,1,1,0,1,0,1,0
5,1,0,0,0,0,0,0,1,0
6,0,0,0,1,1,1,0,0,1
7,1,0,0,1,1,1,0,1,0
8,0,0,0,1,1,1,1,1,0
9,1,0,0,0,0,1,0,1,0
10,0,0,0,1,1,1,0,1,1
11,0,0,1,1,1,0,0,0,1
12,0,0,0,1,1,1,0,0,0
13,0,0,0,1,1,1,0,1,0
14,1,0,0,0,0,1,1,1,0
15,1,0,0,1,0,0,1,1,0
16,1,0,0,0,0,0,0,0,0
17,1,0,0,0,0,1,0,1,0
18,0,1,1,0,1,0,0,0,0
19,1,0,0,0,0,0,1,1,1
20,0,1,1,1,1,1,1,1,1
21,0,0,0,1,1,1,0,0,1
22,1,0,0,1,1,1,0,1,0
23,1,0,0,0,1,1,0,0,0
24,0,0,0,1,1,1,0,1,0
25,0,0,0,0,0,1,0,1,0
26,1,0,0,0,0,0,0,1,0
27,0,1,0,0,1,1,1,1,1
28,1,0,0,1,1,1,0,0,1
29,1,0,0,1,1,1,0,1,1
30,1,0,0,1,1,0,1,1,0
31,1,1,1,1,1,0,0,1,0
32,1,0,0,0,0,1,1,1,0
33,0,0,0,0,0,1,0,1,0
34,1,1,1,0,0,0,1,1,0
35,0,0,0,0,0,1,0,1,0
36,1,0,0,0,1,1,0,1,0
37,0,0,1,1,0,1,0,0,0
38,0,0,0,0,1,1,1,1,1
39,1,0,1,0,0,0,0,1,0
40,1,0,0,0,0,1,0,1,0
41,1,0,0,1,1,0,1,1,1
42,0,0,0,0,0,1,0,1,0
43,1,0,0,1,1,0,1,1,1
44,1,0,0,0,1,1,0,0,0
45,0,1,1,0,0,1,1,1,0
46,0,0,0,1,1,1,0,0,1
47,0,0,0,0,0,1,0,1,0
48,0,0,0,1,1,0,1,0,1
49,1,0,0,0,0,1,0,1,0
50,1,1,1,1,1,1,0,0,1
51,1,0,0,0,1,1,1,0,0
52,1,0,0,1,1,0,0,0,0
53,0,0,0,0,1,1,0,0,0
54,0,0,1,1,0,0,0,0,0
55,1,0,0,0,0,0,0,1,0
56,0,1,0,1,1,0,0,0,0
57,1,1,1,0,0,0,0,1,0
58,1,0,1,0,0,0,1,1,0
59,1,0,0,1,1,1,0,0,0
60,0,0,0,0,1,1,0,1,0
61,1,0,0,0,0,1,0,1,0
62,1,0,0,1,1,1,0,0,0
63,0,0,1,1,1,0,0,0,1
64,1,0,1,0,0,0,0,1,0
65,1,1,1,1,1,0,1,1,1
66,1,0,0,1,1,1,0,1,0
67,1,0,0,0,1,1,0,0,0
68,0,0,0,0,0,1,0,1,0
69,1,0,0,0,0,0,1,1,0
70,1,0,0,1,1,0,0,0,1
71,1,0,0,0,0,1,0,1,0
72,0,0,0,1,1,1,1,0,1
73,0,0,0,0,0,1,0,1,0
74,1,1,1,0,0,0,0,1,0
75,1,0,0,0,0,0,0,1,0
76,0,0,0,1,1,1,0,0,1
77,0,0,0,0,0,1,0,1,0
78,0,1,1,1,1,1,1,1,1
79,0,0,0,0,0,1,0,1,0
80,0,0,0,0,1,0,0,0,0
81,1,1,0,0,0,1,0,0,0
82,1,1,1,1,1,0,1,1,1
83,0,0,0,0,0,1,1,1,1
84,1,0,0,1,1,1,0,0,0
85,1,1,0,0,0,0,0,1,0
86,1,0,0,0,0,1,1,1,0
87,1,0,0,0,0,0,0,1,0
88,1,0,1,0,0,0,0,1,0
89,1,1,1,0,0,1,0,0,0
90,0,1,1,1,1,0,0,0,0
91,0,0,0,0,0,1,1,1,0
92,1,0,0,0,0,1,0,1,0
93,1,0,0,1,1,1,0,0,1
94,1,0,0,0,0,0,0,1,0
95,0,0,0,1,1,0,0,0,1
96,1,0,0,1,1,1,0,0,0
97,1,1,1,1,1,0,1,1,0
98,1,0,0,0,0,0,1,1,1
99,1,0,1,0,0,0,0,1,0
100,0,0,0,1,1,1,1,1,1
101,1,1,1,0,0,0,1,1,0
102,1,1,1,0,0,0,0,1,0
103,1,0,0,1,1,0,1,1,1
104,0,0,0,0,0,1,1,1,0
105,0,0,0,1,1,1,1,1,0
106,0,0,0,0,0,1,0,1,0
107,0,0,0,1,1,1,1,1,1
108,1,0,0,0,0,0,0,1,0
109,1,0,0,1,1,1,0,0,1
110,0,0,0,1,1,1,1,1,1
111,1,0,0,0,0,0,0,1,0
112,1,1,1,0,0,1,1,1,1
113,0,1,1,1,1,0,0,0,0
114,0,0,0,0,0,1,1,1,1
115,1,1,1,0,0,1,1,1,1
116,0,0,0,0,0,1,1,1,0
117,0,0,0,1,1,1,1,1,1
118,0,0,0,0,0,1,0,1,0
119,1,0,0,1,1,1,0,0,0
120,1,0,0,0,0,1,1,1,0
121,1,0,0,1,1,1,0,0,0
122,0,0,0,1,1,1,0,0,1
123,1,0,0,0,0,0,0,1,0
124,1,0,0,1,1,1,0,0,0
125,0,0,0,0,0,1,1,1,0
126,1,0,0,0,0,0,1,1,1
127,0,0,0,0,0,1,1,1,0
128,1,0,0,1,1,1,0,0,0
129,0,0,0,0,0,1,0,1,0
130,1,0,1,0,0,0,0,1,0
131,1,0,0,0,1,0,0,1,0
132,1,0,0,1,1,0,0,1,1
133,1,0,0,1,1,1,0,0,1
134,0,0,0,0,0,1,0,1,0
135,1,0,0,0,0,1,1,1,1
136,1,1,1,1,1,0,0,0,0
137,1,0,1,0,0,0,0,1,0
138,1,0,0,1,1,1,0,0,1
139,0,1,1,0,0,1,0,1,0
140,1,0,0,0,1,0,0,0,0
141,1,0,0,0,0,1,0,0,0
142,1,1,1,0,0,0,1,1,0
143,1,0,0,0,0,1,0,1,0
144,0,0,0,1,0,0,0,0,0
145,1,0,0,1,1,0,0,1,0
146,0,0,1,1,1,0,0,0,0
147,1,0,0,1,0,0,0,0,0
148,0,0,0,1,1,1,0,1,0
149,0,0,0,1,1,1,0,0,0
150,1,1,1,0,0,0,0,1,0
151,0,0,0,0,0,1,0,1,1
152,1,0,0,1,1,1,0,0,0
153,1,0,0,1,0,1,0,0,1
154,1,0,0,1,0,1,0,0,1
155,0,1,0,1,1,0,1,0,1
156,1,0,0,1,1,1,1,1,0
157,0,0,0,0,0,1,1,1,1
158,0,0,0,0,0,1,0,1,0
159,0,0,0,1,1,1,1,1,1
160,1,1,1,1,1,1,0,0,1
161,1,0,0,1,1,1,0,1,0
162,1,1,1,0,0,0,1,1,1
163,1,1,1,1,1,0,1,1,0
164,0,0,0,1,1,1,0,1,0
165,1,0,0,1,0,1,1,1,1
166,1,0,0,0,0,1,0,0,0
167,1,0,0,0,0,0,0,1,0
168,1,0,0,0,1,1,0,0,0
169,0,0,0,0,0,1,0,0,0
170,1,0,0,1,1,1,0,0,1
171,1,0,0,0,0,0,1,1,1
172,1,1,0,0,0,1,1,1,0
173,1,0,0,1,1,1,0,0,1
174,0,0,0,0,0,1,1,1,1
175,1,1,1,1,1,0,0,1,0
176,1,0,0,1,1,0,0,1,1
177,1,0,0,1,1,1,0,0,1
178,0,0,0,0,0,1,0,0,0
179,1,1,1,1,1,0,0,1,0
180,0,0,1,1,1,0,1,0,1
181,0,1,1,1,1,1,0,0,0
182,1,0,0,0,1,1,0,0,0
183,0,0,0,1,1,1,0,0,1
184,0,0,0,1,1,0,0,0,1
185,1,0,0,0,0,1,0,1,0
186,1,0,0,0,0,0,1,1,1
187,1,1,0,0,0,0,0,1,0
188,0,0,0,1,1,0,0,0,0
189,0,0,1,0,0,1,0,0,0
190,0,0,0,1,1,1,0,0,1
191,0,0,0,0,0,1,1,1,0
192,1,0,1,0,0,0,0,1,0
193,0,1,1,1,1,1,0,1,0
194,0,0,0,1,1,1,0,0,1
195,1,0,0,1,0,1,0,0,0
196,1,0,0,1,0,1,0,0,0
197,1,0,0,0,0,0,1,1,1
198,0,0,0,1,1,1,0,1,0
199,1,1,1,0,0,0,0,1,0
200,0,0,0,0,1,1,0,1,0
201,1,0,1,0,0,0,0,1,0
202,1,0,0,0,0,0,0,1,0
203,0,0,0,1,1,1,0,0,1
204,0,0,0,0,0,1,0,1,0
205,0,0,0,0,0,1,0,1,0
206,0,0,0,0,0,1,0,1,0
207,0,1,1,1,1,0,0,0,0
208,0,0,0,0,0,0,0,1,0
209,0,0,0,0,0,1,1,1,1
210,0,1,0,1,1,0,0,0,0
211,1,0,0,1,1,1,0,0,1
212,0,0,1,1,1,0,0,0,0
213,1,0,0,0,0,0,1,1,1
214,0,1,0,0,0,1,0,1,0
215,0,1,1,0,0,1,1,1,0
216,0,0,0,1,1,1,0,0,0
217,0,0,0,1,1,0,0,0,0
218,1,1,1,0,0,0,1,1,0
219,0,0,0,0,0,1,1,1,0
220,0,0,0,0,0,1,0,1,0
221,0,0,0,1,0,1,0,0,0
222,0,0,0,1,1,1,0,1,0
223,1,0,0,1,1,0,0,1,0
224,1,0,0,1,1,1,0,0,0
225,1,0,1,1,1,0,0,1,0
226,1,0,1,1,1,0,1,1,1
227,0,0,0,1,1,1,1,1,1
228,0,0,0,0,0,1,0,1,0
229,1,0,1,1,1,1,0,0,0
230,1,0,0,1,1,1,0,0,1
231,1,0,1,0,0,0,1,1,1
232,1,0,1,0,0,0,1,1,1
233,1,1,1,0,0,0,0,0,0
234,1,1,1,0,0,1,1,1,1
235,1,0,0,0,0,1,0,1,0
236,0,0,0,1,1,1,0,1,1
237,0,0,0,0,0,1,0,1,0
238,1,0,0,0,0,1,0,0,0
239,1,0,1,0,1,1,0,0,0
240,0,0,0,0,1,1,1,1,1
241,1,0,0,0,0,1,1,1,1
242,1,0,0,1,1,1,0,0,0
243,0,1,1,1,1,1,0,1,0
244,1,1,0,0,1,1,0,0,0
245,1,0,0,1,1,1,0,0,1
246,0,1,1,0,0,1,0,1,0
247,1,0,0,0,1,1,0,0,0
248,0,0,1,0,0,1,0,1,0
249,0,0,0,0,0,0,0,0,0
250,0,0,0,0,0,0,0,1,0
251,1,0,1,0,0,0,0,1,0
252,1,0,0,0,0,1,0,1,0
253,1,0,0,1,1,1,0,0,0
254,0,0,0,0,0,1,1,1,1
255,0,1,1,1,0,0,0,0,1
256,1,0,1,0,0,0,0,1,0
257,0,1,1,0,0,0,0,0,0
258,0,1,0,0,0,1,0,1,0
259,0,0,0,0,0,1,0,1,0
260,1,1,0,0,1,1,0,0,0
261,0,0,0,1,1,0,0,0,0
262,1,0,1,0,0,0,0,1,0
263,0,0,0,1,1,1,1,1,1
264,1,1,1,0,0,0,0,1,0
265,1,1,0,1,1,0,0,1,1
266,1,0,0,0,0,0,1,1,1
267,0,0,0,1,0,1,0,0,1
268,1,1,1,1,1,0,1,1,1
269,1,0,1,1,1,0,1,1,1
270,1,0,0,1,1,0,0,0,0
271,1,0,1,0,1,0,0,1,0
272,1,1,1,0,0,0,1,1,0
273,0,1,1,0,0,1,0,1,0
274,1,0,0,1,1,0,1,1,0
275,0,0,0,1,1,1,1,1,1
276,1,0,1,0,0,0,1,1,1
277,0,1,1,0,0,1,0,1,0
278,1,1,0,0,0,0,0,0,0
279,0,0,0,0,0,1,1,1,0
280,1,0,0,0,0,0,1,1,1
281,1,1,1,0,0,1,0,1,0
282,1,0,0,0,0,0,1,1,1
283,1,0,0,0,0,1,1,1,0
284,1,0,0,0,0,1,1,1,1
285,0,0,0,1,1,1,1,1,0
286,1,0,1,0,0,1,1,1,1
287,1,0,0,0,0,0,1,1,1
288,0,1,0,0,0,0,0,0,0
289,1,0,0,0,0,0,1,1,0
290,1,0,0,1,1,0,0,1,0
291,1,0,0,1,1,0,0,1,0
292,0,0,0,0,0,1,1,1,0
293,1,0,0,0,0,1,0,1,0
294,0,1,1,1,1,1,0,1,1
295,1,0,0,0,0,0,1,1,1
296,0,1,1,0,0,1,1,1,0
297,0,0,1,0,0,1,1,1,0
298,1,1,1,0,0,1,0,1,0
299,1,0,0,0,0,0,1,1,1
300,1,0,0,1,1,1,0,0,1
301,1,0,1,0,0,0,1,1,0
302,0,0,0,0,0,1,1,1,1
303,1,0,0,0,0,0,0,1,0
304,0,1,1,1,1,0,0,0,0
305,1,0,1,1,0,1,0,0,0
306,0,0,0,1,1,1,1,1,1
307,1,0,0,0,0,1,1,1,0
308,0,0,0,0,0,1,0,1,0
309,1,1,1,1,1,1,0,0,0
310,1,1,0,1,1,0,0,0,0
311,1,1,1,0,0,1,0,0,0
312,0,0,0,1,1,1,0,1,0
313,0,0,0,0,0,1,1,1,1
314,0,0,1,1,1,0,0,0,0
315,1,0,0,0,0,0,1,1,0
316,1,1,0,0,0,0,1,1,0
317,1,0,0,0,1,1,0,1,0
318,1,0,0,0,0,0,1,1,1
319,1,0,1,0,0,0,1,1,0
320,1,0,0,1,1,1,0,0,1
321,0,0,0,0,0,1,1,1,1
322,0,1,0,0,0,1,1,1,0
323,1,0,1,0,0,0,1,1,1
324,1,1,0,0,0,1,0,1,0
325,1,1,1,0,1,1,0,0,0
326,0,1,1,1,1,1,1,1,0
327,1,0,1,1,1,0,0,1,0
328,0,1,1,1,1,0,0,0,1
329,1,0,0,0,0,0,1,1,0
330,1,0,0,0,0,1,0,0,0
331,0,1,1,0,0,1,1,1,0
332,0,0,0,1,1,1,0,0,0
333,0,0,0,1,1,1,0,1,0
334,1,1,1,1,1,0,1,1,1
335,0,1,1,1,1,0,0,0,1
336,1,0,0,1,1,1,0,0,1
337,1,0,1,0,0,0,0,1,0
338,0,0,0,0,0,1,1,1,0
339,1,0,0,0,0,1,1,1,1
340,1,0,0,0,0,0,1,1,1
341,1,0,0,0,0,0,0,1,1
342,0,1,1,0,0,1,1,1,0
343,1,0,0,1,1,1,0,0,0
344,0,0,0,1,1,1,1,1,0
345,0,0,1,0,0,1,1,1,0
346,1,0,0,1,0,1,0,0,0
347,0,0,1,1,1,0,0,0,0
348,1,1,1,1,1,1,0,0,0
349,1,1,1,0,0,0,1,1,0
350,0,0,0,1,1,1,1,1,1
351,1,0,0,1,1,0,0,1,1
352,1,1,1,0,0,0,0,1,0
353,1,0,1,0,0,0,0,1,0
354,1,0,0,0,0,0,0,1,0
355,0,0,0,0,1,1,0,1,0
356,0,0,0,1,1,1,0,1,1
357,1,1,1,0,0,0,0,1,0
358,1,0,0,0,0,0,0,1,0
359,0,0,0,0,0,1,0,1,0
360,1,0,0,0,0,0,0,1,0
361,0,0,0,0,0,1,0,1,0
362,1,0,0,0,0,0,1,1,1
363,1,1,1,1,1,0,0,1,0
364,0,0,0,1,1,1,0,0,1
365,1,0,1,0,0,0,0,1,0
366,1,0,0,0,0,1,0,0,0
367,1,0,0,0,0,1,0,1,0
368,1,0,0,1,0,0,0,0,1
369,1,0,0,0,0,1,0,1,0
370,1,0,0,0,0,0,0,1,0
371,1,1,0,0,0,0,0,1,0
372,0,0,0,0,1,1,0,1,0
373,1,0,0,1,1,1,0,1,1
374,1,0,1,1,1,0,0,1,0
375,0,0,0,0,0,0,0,0,0
376,0,0,0,0,1,1,1,1,0
377,0,0,0,1,1,1,0,0,0
378,0,0,0,1,1,1,1,1,1
379,1,1,1,0,0,0,1,1,0
380,1,0,0,0,0,0,1,1,1
381,1,0,0,0,0,0,0,1,0
382,1,0,0,0,0,0,1,1,0
383,1,0,0,0,0,0,0,1,0
384,1,0,0,1,1,1,0,0,1
385,1,0,0,0,0,0,0,1,0
386,0,0,0,0,0,1,1,1,0
387,1,0,1,0,0,1,1,1,1
388,0,1,0,0,0,1,0,1,0
389,0,0,0,1,1,1,0,1,1
390,1,0,0,0,0,0,1,1,1
391,1,0,0,0,0,1,0,0,0
392,1,1,1,1,1,0,0,0,0
393,1,0,0,1,1,0,0,0,0
394,0,0,0,0,0,1,0,1,0
395,1,0,1,1,1,0,0,1,1
396,1,0,1,0,0,0,1,1,1
397,1,0,0,0,0,1,0,1,0
398,1,0,0,1,1,1,0,0,1
399,1,0,0,0,1,1,0,0,0
400,0,0,0,0,0,1,0,1,0
401,0,0,0,1,0,0,0,0,1
402,0,0,0,1,1,0,0,0,1
403,0,0,0,0,1,1,0,1,0
404,1,0,0,1,1,0,0,1,0
405,0,0,0,0,0,1,1,1,0
406,1,1,1,0,0,0,0,1,0
407,1,0,0,0,0,1,1,1,0
408,0,0,0,0,0,1,0,1,0
409,0,0,0,0,0,1,0,1,0
410,1,0,0,0,0,0,0,1,0
411,1,0,0,0,0,1,0,1,0
412,1,0,0,0,0,0,1,1,0
413,0,1,1,1,1,0,0,0,0
414,1,0,0,0,1,1,0,0,0
415,1,0,0,0,0,1,0,1,0
416,0,0,0,0,0,1,1,1,1
417,0,0,0,1,1,1,0,1,0
418,1,0,1,0,0,0,0,1,0
419,0,1,0,0,0,1,1,1,1
420,1,0,0,1,1,0,1,1,1
421,1,0,0,1,1,0,0,1,1
422,1,0,0,0,0,1,0,0,1
423,1,0,0,0,0,0,0,1,0
424,1,0,0,0,0,1,1,1,1
425,1,0,0,1,1,1,0,0,1
426,0,1,1,1,1,1,0,0,1
427,1,0,0,1,1,1,0,0,0
428,0,0,0,1,0,1,0,0,0
429,1,0,0,1,1,1,0,0,0
430,1,0,0,0,0,0,1,1,1
431,1,0,0,1,1,1,0,0,0
432,1,0,0,0,0,1,0,1,0
433,0,0,1,0,0,1,0,0,0
434,0,0,0,1,1,1,0,1,0
435,1,1,1,1,1,1,1,1,0
436,1,1,1,1,1,0,0,0,0
437,0,0,0,0,1,0,0,0,0
438,1,0,1,1,1,0,0,1,1
439,1,0,0,1,1,1,0,0,0
440,1,0,0,0,0,1,0,0,0
441,1,0,1,1,0,0,0,0,0
442,1,0,0,1,1,1,0,0,0
443,0,0,0,1,1,0,1,0,1
444,0,0,0,1,1,1,0,1,1
445,0,0,0,0,0,1,0,1,0
446,0,0,0,0,0,1,1,1,1
447,0,0,0,1,1,0,0,0,0
448,1,1,1,0,0,1,1,1,0
449,1,0,0,1,1,1,0,0,0
450,1,0,0,0,0,0,0,1,0
451,0,0,0,1,1,1,0,0,1
452,0,0,1,1,1,1,1,1,1
453,1,0,0,0,0,0,1,1,1
454,0,0,0,0,0,1,0,1,0
455,0,0,0,0,0,0,0,0,0
456,0,0,0,1,1,1,0,1,0
457,1,0,0,0,0,1,1,1,1
458,0,0,0,0,0,1,1,1,1
459,1,0,0,0,0,1,1,1,1
460,1,0,0,0,0,0,0,1,0
461,0,0,0,0,0,1,1,1,0
462,0,1,1,0,0,1,1,1,0
463,0,0,0,1,0,0,0,0,1
464,1,0,0,0,0,1,0,1,0
465,1,1,1,0,0,1,1,1,0
466,1,0,1,0,0,0,0,1,0
467,1,1,1,0,0,1,0,0,0
468,0,1,0,1,1,1,0,0,0
469,0,0,0,0,0,0,0,0,0
470,0,0,0,0,0,1,1,1,1
471,1,0,1,1,1,0,0,1,0
472,0,1,1,0,0,0,0,0,0
473,0,0,0,1,1,1,0,1,1
474,0,0,0,0,1,1,0,0,0
475,1,0,0,1,1,0,0,0,0
476,1,0,0,0,0,1,0,1,0
477,1,0,0,1,1,1,0,0,1
478,1,0,0,1,1,1,0,0,0
479,0,0,0,0,0,1,0,1,0
480,1,0,1,0,0,0,0,1,0
481,0,0,0,0,0,1,0,1,0
482,1,0,0,0,0,1,0,1,0
483,1,0,0,1,1,1,0,0,0
484,0,0,0,0,1,1,1,1,1
485,0,0,0,1,1,1,0,1,1
486,1,0,0,1,1,1,0,0,0
487,1,0,1,1,1,0,0,1,1
488,1,0,0,1,1,1,0,1,1
489,0,1,1,1,1,1,0,1,1
490,1,0,0,0,0,1,0,1,0
491,1,0,0,0,0,1,1,1,1
492,0,0,0,0,0,1,1,1,1
493,0,0,0,1,1,1,1,1,1
494,0,1,0,0,1,0,0,0,0
495,0,0,0,0,1,0,0,0,0
496,1,1,1,0,1,1,0,0,0
497,1,0,0,1,1,1,1,1,1
498,0,0,0,0,0,1,1,1,0
499,1,0,0,1,0,0,0,0,0
500,0,0,0,0,0,1,0,1,0
501,1,0,0,1,1,1,0,0,0
502,0,0,0,0,1,1,1,1,1
503,0,0,0,1,1,0,0,0,1
504,0,1,1,1,1,1,0,0,0
505,1,0,0,1,0,1,0,0,1
506,1,1,1,1,1,0,0,1,0
507,0,0,0,1,1,1,0,1,0
508,0,0,0,0,0,1,0,1,0
509,1,0,0,0,0,0,0,1,0
510,1,0,0,0,0,0,0,1,0
511,1,1,1,1,0,0,0,0,0
512,1,0,0,0,1,1,0,0,0
513,1,0,0,1,1,1,0,0,1
514,1,0,0,0,0,1,0,1,0
515,0,0,0,0,0,1,1,1,1
516,1,0,1,0,0,0,1,1,0
517,0,0,0,0,1,0,0,0,0
518,0,0,1,0,0,1,1,1,0
519,0,0,1,1,1,0,0,0,0
520,0,1,0,1,1,1,1,1,0
521,1,0,0,1,1,0,0,1,0
522,0,0,0,1,1,1,0,1,1
523,1,0,0,1,1,1,0,0,0
524,1,0,0,1,1,1,1,1,0
525,1,0,0,0,0,0,0,1,0
526,0,1,1,1,1,0,0,0,0
527,1,0,0,0,0,1,0,1,0
528,1,0,0,0,0,0,1,1,1
529,0,0,0,1,1,0,0,0,0
530,0,0,0,0,0,0,0,1,0
531,1,0,0,1,1,1,0,0,0
532,0,0,1,1,1,0,0,0,1
533,0,0,0,0,0,1,1,1,0
534,0,0,0,1,1,1,1,1,1
535,0,0,0,0,0,1,1,1,0
536,1,1,1,0,0,0,1,1,1
537,1,1,1,0,0,1,0,1,0
538,1,0,0,0,0,0,0,1,0
539,0,0,0,1,1,1,0,0,0
540,0,0,0,1,1,1,0,1,0
541,1,0,0,0,1,0,0,1,0
542,0,0,0,1,0,1,0,0,1
543,0,0,0,0,0,1,1,1,1
544,1,1,1,0,1,0,1,1,0
545,0,0,0,0,0,1,0,1,0
546,1,0,1,0,0,0,1,1,1
547,1,0,0,1,1,1,0,0,1
548,1,1,1,0,0,0,1,1,1
549,0,0,0,0,0,1,1,1,0
550,1,1,1,1,1,0,0,0,0
551,0,0,0,0,0,1,0,1,0
552,0,0,1,1,1,1,1,1,1
553,1,0,0,1,1,1,0,1,0
554,0,0,0,0,0,1,1,1,0
555,1,1,0,0,0,1,1,1,0
556,1,0,0,0,1,0,0,1,0
557,0,1,0,0,0,1,0,1,0
558,0,0,0,1,1,0,0,0,1
559,1,0,1,0,1,0,1,1,0
560,1,0,0,0,1,1,0,0,1
561,1,1,1,1,1,0,0,1,0
562,1,1,1,0,0,0,1,1,0
563,1,0,0,1,1,1,0,0,0
564,1,0,1,0,0,0,1,1,1
565,0,0,0,0,0,1,1,1,1
566,0,0,0,0,0,1,0,1,0
567,0,0,1,1,1,0,1,0,1
568,1,0,0,0,0,1,1,1,0
569,0,0,0,0,0,1,1,1,1
570,1,0,0,0,0,1,1,1,1
571,0,0,0,0,1,1,0,0,0
572,0,0,0,0,0,1,0,1,0
573,0,0,0,1,1,1,0,1,1
574,1,0,0,1,1,1,0,0,1
575,1,0,1,1,1,1,0,1,0
576,1,0,0,0,0,1,0,0,0
577,1,0,1,0,0,1,0,0,0
578,0,0,0,1,1,1,0,0,0
579,1,1,1,1,1,0,0,0,0
580,0,0,0,1,1,1,1,1,1
581,0,0,0,1,1,0,0,0,0
582,1,0,0,0,0,0,1,1,0
583,1,1,1,0,0,0,0,1,0
584,0,0,0,0,0,1,0,1,0
585,1,0,0,1,1,1,0,0,1
586,0,0,0,1,1,1,0,1,1
587,0,0,0,0,0,1,0,1,1
588,1,1,1,1,1,0,0,1,1
589,0,0,0,1,1,1,0,0,0
590,1,0,0,1,1,1,0,0,1
591,0,0,0,0,0,1,0,1,0
592,1,0,1,0,0,0,1,1,1
593,1,0,1,0,0,0,0,1,0
594,1,0,0,0,0,0,1,1,1
595,0,1,1,1,1,1,0,1,0
596,1,0,1,1,1,0,0,1,1
597,1,1,0,0,0,0,1,1,0
598,1,0,0,0,0,0,1,1,1
599,1,0,0,0,0,1,0,1,0
600,0,1,1,1,1,0,0,0,0
601,1,0,0,1,1,0,0,0,0
602,1,0,1,0,0,0,0,1,0
603,1,0,0,0,0,0,0,1,0
604,1,1,1,0,0,0,1,1,0
605,0,1,1,0,0,1,1,1,1
606,1,1,1,1,1,0,0,0,0
607,1,0,0,1,1,0,0,0,0
608,1,0,1,1,1,1,1,0,0
609,0,0,0,0,1,0,0,0,0
610,0,0,0,0,0,1,1,1,0
611,1,0,0,0,0,1,0,1,0
612,0,0,1,1,1,1,1,1,1
613,1,0,0,1,1,0,0,0,1
614,1,0,0,1,1,0,0,1,0
615,0,0,0,0,0,1,0,1,0
616,0,0,0,1,1,1,1,1,1
617,1,1,1,0,0,0,0,1,0
618,0,0,0,1,1,1,1,1,0
619,1,0,0,1,1,1,0,0,0
620,0,0,0,0,0,1,0,1,0
621,0,0,1,1,1,1,0,1,1
622,1,0,0,0,0,1,0,1,0
623,1,0,0,0,0,0,0,1,0
624,1,1,1,0,0,1,0,1,0
625,1,1,1,0,0,1,0,1,0
626,0,1,1,0,0,1,0,1,0
627,1,0,0,1,1,0,0,0,1
628,0,1,0,0,1,1,0,1,0
629,0,0,0,0,0,1,0,1,0
630,1,0,0,1,0,1,0,0,0
631,0,0,0,1,1,0,0,0,1
632,0,0,0,0,0,1,1,1,0
633,1,0,0,0,0,1,0,0,0
634,1,0,0,0,0,0,0,1,0
635,0,0,0,1,1,1,1,1,0
636,0,0,0,1,1,0,0,0,0
637,1,1,1,1,1,1,0,0,0
638,0,0,0,1,1,0,0,0,0
639,1,0,1,0,0,0,0,1,0
640,1,0,0,1,1,0,1,1,1
641,1,0,1,1,1,0,1,1,0
642,1,0,0,1,1,0,0,1,0
643,1,0,0,1,1,1,0,0,0
644,0,1,1,1,1,1,0,0,0
645,1,0,0,1,0,1,0,0,0
646,0,1,1,0,0,1,0,1,0
647,1,0,1,1,0,1,0,0,0
648,1,1,1,0,0,1,0,0,0
649,1,0,0,0,0,0,1,1,0
650,0,0,0,1,1,0,0,0,0
651,0,0,0,1,1,0,0,0,1
652,1,0,1,1,1,0,0,1,1
653,1,1,1,0,1,1,0,1,0
654,0,0,0,1,1,1,1,1,1
655,1,0,0,1,0,1,0,0,0
656,1,0,0,0,0,0,0,1,0
657,1,1,1,0,0,0,0,1,0
658,1,0,0,1,1,1,0,1,0
659,0,0,1,0,1,0,0,0,0
660,0,1,1,0,0,1,0,1,0
661,0,1,1,1,1,1,0,1,1
662,1,1,1,0,0,0,1,1,1
663,1,1,1,0,0,0,1,1,0
664,1,1,1,1,1,0,0,1,0
665,1,0,0,0,0,0,0,1,0
666,0,0,0,0,0,1,0,1,0
667,0,0,1,1,1,0,0,0,1
668,1,0,1,1,1,0,0,1,1
669,1,0,0,0,0,0,1,1,1
670,0,0,0,0,0,1,1,1,0
671,0,0,0,0,0,1,1,1,1
672,0,0,0,0,0,1,0,1,0
673,1,0,0,0,0,1,0,1,0
674,1,0,0,0,1,0,1,1,1
675,1,0,0,0,0,1,0,0,0
676,1,0,0,0,1,1,0,0,0
677,1,0,1,0,0,0,0,1,0
678,1,0,0,0,0,1,1,1,1
679,1,0,0,1,1,1,0,0,1
680,0,1,1,0,1,0,0,0,1
681,0,0,0,0,0,1,0,0,0
682,1,0,1,0,0,0,1,1,0
683,0,0,0,1,1,1,0,1,0
684,0,1,1,1,1,0,0,0,0
685,0,0,0,0,1,1,1,1,1
686,1,0,1,0,0,0,0,0,0
687,0,1,1,1,1,0,0,0,0
688,1,0,0,0,0,0,0,1,0
689,0,1,1,0,0,1,0,1,0
690,0,0,0,0,0,1,1,1,0
691,0,0,0,1,1,1,0,0,1
692,1,1,0,0,1,0,1,1,0
693,0,0,1,0,0,1,0,1,0
694,1,0,0,1,1,1,0,0,1
695,0,0,0,0,0,1,0,1,0
696,1,0,0,0,0,1,0,1,0
697,1,0,0,0,0,0,0,1,0
698,1,1,1,0,0,1,1,1,0
699,1,0,0,1,1,1,0,1,1
700,1,0,0,0,0,1,0,1,0
701,1,0,0,1,1,1,0,0,0
702,1,0,0,1,0,1,0,0,0
703,1,0,1,0,0,0,0,1,0
704,0,0,0,0,0,1,0,1,0
705,0,0,0,0,0,1,1,1,0
706,0,0,0,0,0,1,0,1,0
707,0,0,0,1,1,1,0,1,1
708,0,0,0,1,1,1,0,0,0
709,0,0,0,0,1,1,1,1,1
710,0,0,0,1,1,1,1,0,1
711,0,1,0,1,1,1,0,1,0
712,1,0,1,1,1,0,1,1,0
713,0,0,0,0,0,1,1,1,0
714,0,0,0,1,1,1,0,0,0
715,1,0,0,1,1,0,1,1,1
716,0,0,0,1,1,1,1,0,0
717,1,0,0,1,1,0,1,1,1
718,1,0,1,0,0,1,0,0,0
719,1,0,0,1,1,1,0,1,0
720,0,0,0,0,0,1,0,1,0
721,1,1,1,1,1,1,0,0,0
722,1,1,0,0,0,0,1,1,0
723,1,0,0,0,1,1,0,0,0
724,1,0,0,1,1,0,0,0,1
725,0,0,0,1,1,1,0,1,0
726,1,0,0,1,1,0,0,1,0
727,0,0,0,1,1,1,0,1,0
728,0,0,0,0,0,1,1,1,1
729,0,1,1,1,1,1,0,0,0
730,1,0,0,1,1,1,0,0,0
731,0,0,0,0,1,0,0,0,0
732,1,0,0,1,1,1,0,1,1
733,1,1,1,1,1,1,0,0,0
734,0,0,0,0,1,1,0,0,0
735,0,0,0,1,1,1,0,1,0
736,1,1,0,0,0,0,1,1,1
737,1,1,1,0,0,0,0,1,0
738,1,0,0,0,0,0,0,1,0
739,1,0,0,1,1,1,0,1,1
740,1,1,1,1,1,0,1,1,0
741,0,0,0,1,1,1,0,1,1
742,1,0,0,0,0,0,1,1,0
743,1,0,0,1,1,0,0,1,0
744,1,1,0,0,0,0,1,1,1
745,0,0,0,1,0,0,0,0,0
746,1,0,0,1,1,1,1,0,1
747,1,0,0,0,0,0,0,1,0
748,1,0,0,0,0,0,0,1,1
749,1,0,0,0,1,1,0,0,0
750,1,1,1,0,0,0,1,1,1
751,0,0,1,1,1,0,0,0,0
752,0,0,0,1,1,1,0,0,0
753,0,0,0,0,0,1,1,1,1
754,1,0,0,0,0,0,0,1,0
755,0,0,0,0,0,1,0,1,0
756,0,0,0,1,1,0,0,0,0
757,1,0,1,0,0,0,0,0,0
758,1,0,0,1,0,0,0,0,1
759,1,1,0,1,0,0,0,0,0
760,0,0,0,1,1,1,0,0,0
761,1,0,0,1,1,1,0,1,0
762,1,0,0,1,0,1,0,0,1
763,0,0,0,0,1,1,0,1,0
764,1,0,1,0,0,1,0,1,0
765,1,0,0,0,0,0,0,1,0
766,1,0,1,0,0,0,0,1,0
767,0,0,0,1,1,0,1,1,1
768,1,0,0,0,0,0,1,1,1
769,1,0,0,1,1,1,0,0,0
770,0,1,1,0,0,1,0,1,0
771,1,0,0,1,1,1,0,0,0
772,0,0,0,1,1,1,0,1,1
773,0,1,0,1,1,0,0,0,1
774,1,0,0,0,1,0,0,1,0
775,1,0,0,0,0,1,1,1,1
776,1,0,0,0,0,0,0,1,0
777,0,1,1,0,0,1,1,1,0
778,1,0,0,1,1,0,1,1,0
779,0,0,0,1,1,1,0,1,1
780,0,1,1,0,0,1,0,1,0
781,1,0,0,1,1,1,0,0,0
782,1,0,1,0,0,0,0,1,0
783,0,0,0,1,1,1,0,0,0
784,1,0,0,0,0,0,0,1,0
785,0,0,1,0,0,1,0,1,0
786,1,0,0,1,0,1,0,0,0
787,1,0,0,0,0,1,0,0,0
788,1,1,1,0,0,1,1,1,0
789,0,0,0,0,0,1,1,1,0
790,0,1,1,0,1,1,0,1,0
791,1,0,0,0,0,0,0,1,0
792,1,0,0,0,0,1,1,1,1
793,1,0,0,0,0,1,0,0,0
794,0,1,1,1,1,1,0,1,0
795,0,0,0,1,1,1,0,1,0
796,1,1,1,0,0,0,0,1,0
797,0,1,1,0,0,1,0,1,0
798,0,1,1,1,1,0,0,0,0
799,1,0,1,1,1,0,0,0,1
800,0,0,0,0,0,1,1,1,0
801,0,1,1,1,1,0,0,0,0
802,1,1,1,0,0,0,0,1,0
803,1,1,0,0,0,0,1,1,1
804,0,0,0,0,0,1,1,1,1
805,0,0,0,0,0,1,0,1,0
806,0,0,0,0,1,1,1,1,0
807,1,0,0,1,1,1,0,0,0
808,0,0,1,0,0,1,0,1,0
809,1,0,1,0,0,0,1,1,0
810,1,1,1,0,0,0,0,1,0
811,1,1,1,0,0,1,1,1,0
812,0,1,1,0,0,1,1,1,0
813,1,0,0,1,1,1,1,1,0
814,1,1,1,1,1,0,0,1,0
815,1,1,1,0,0,0,0,1,0
816,1,1,1,0,0,0,0,1,0
817,1,0,0,0,1,0,0,1,0
818,0,0,0,1,1,0,0,0,0
819,0,0,0,0,0,1,1,1,1
820,0,1,1,1,1,1,0,1,0
821,1,0,0,1,0,0,0,0,0
822,1,0,1,0,0,0,1,1,0
823,0,0,1,1,1,0,0,1,0
824,1,0,0,1,1,1,0,0,0
825,1,1,1,1,1,0,0,0,1
826,1,0,0,0,0,0,1,1,0
827,1,0,0,1,1,1,0,0,0
828,0,0,0,0,0,1,0,0,0
829,0,1,1,1,1,0,0,0,0
830,0,1,0,0,0,1,1,1,0
831,0,0,0,0,0,1,1,1,1
832,0,0,0,1,1,0,0,0,0
833,1,0,1,0,1,1,0,0,0
834,0,0,0,1,1,0,0,0,0
835,1,0,0,1,1,1,0,0,0
836,1,0,0,0,0,0,0,1,0
837,1,0,0,0,0,0,1,1,1
838,0,0,0,1,1,1,0,0,1
839,0,1,1,0,0,1,1,1,1
840,1,0,0,0,0,0,0,1,0
841,1,0,0,1,1,1,0,0,0
842,0,0,1,0,0,1,0,1,0
843,0,1,1,0,0,0,0,0,0
844,1,0,0,0,0,1,1,1,0
845,0,1,1,0,0,0,0,0,0
846,0,0,0,1,1,1,0,1,0
847,0,1,1,0,0,1,0,1,0
848,1,0,0,0,0,1,0,0,0
849,0,0,0,1,1,1,1,1,1
850,0,0,0,1,1,1,0,1,1
851,1,1,1,1,0,1,0,0,1
852,0,1,1,1,1,1,0,1,0
853,1,0,1,0,0,0,1,1,0
854,1,0,0,0,0,1,1,1,0
855,1,0,1,0,0,0,1,1,1
856,1,1,0,0,1,1,0,1,0
857,1,1,1,0,0,1,0,1,0
858,1,1,1,1,0,0,0,0,0
859,1,0,0,0,0,0,1,1,1
860,0,0,0,0,0,1,1,1,1
861,1,0,0,0,0,0,0,1,0
862,0,0,0,1,0,1,0,0,1
863,0,0,0,1,1,1,0,1,1
864,1,0,1,0,0,0,0,1,0
865,1,0,0,1,0,1,0,0,0
866,1,0,0,1,1,0,0,0,1
867,0,0,0,0,0,1,1,1,1
868,0,1,0,0,0,1,1,1,1
869,1,0,1,0,0,0,1,1,0
870,1,1,1,1,1,0,0,0,0
871,1,0,0,0,0,1,1,1,1
872,0,0,0,0,0,1,1,1,0
873,1,0,0,0,1,0,0,0,0
874,1,0,0,0,0,0,0,1,0
875,1,0,0,1,1,1,0,1,0
876,0,0,0,1,1,0,0,0,0
877,0,1,1,0,0,1,0,1,0
878,1,0,1,0,0,0,0,0,0
879,1,0,0,0,0,0,0,1,0
880,1,0,0,1,1,1,0,0,1
881,1,0,0,1,1,1,0,0,0
882,1,0,0,0,0,1,1,1,0
883,0,0,0,1,1,0,0,0,0
884,0,0,0,0,0,1,1,1,0
885,0,0,0,1,0,1,0,0,0
886,1,0,0,0,0,0,0,1,0
887,0,0,0,1,1,0,0,0,0
888,1,0,0,1,1,0,0,1,1
889,0,0,1,0,0,1,1,1,0
890,0,1,1,0,0,1,1,1,0
891,0,0,0,1,1,0,0,0,1
892,1,0,1,0,0,0,0,0,0
893,0,0,0,0,0,1,0,1,0
894,0,0,0,1,1,0,1,0,0
895,0,0,0,0,0,1,1,1,0
896,1,0,0,1,1,0,0,0,0
897,0,0,0,0,0,1,1,1,0
898,1,0,0,1,1,1,1,0,1
899,1,0,0,0,0,0,1,1,1
900,0,1,1,1,1,0,0,0,0
901,0,0,0,0,0,1,0,0,0
902,1,1,0,0,0,0,0,1,0
903,1,0,0,0,0,0,0,1,0
904,0,1,0,0,1,0,1,1,0
905,1,0,0,1,0,1,0,0,0
906,1,1,1,1,1,0,0,1,1
907,1,0,0,0,0,0,1,1,1
908,1,1,1,1,1,0,1,0,1
909,1,0,0,0,0,0,1,1,1
910,1,0,0,0,0,1,0,1,0
911,1,0,0,0,0,0,1,1,1
912,1,1,1,1,1,0,0,1,0
913,0,1,0,0,0,1,0,1,0
914,1,0,0,0,0,0,1,1,1
915,1,1,1,1,1,1,0,0,1
916,1,0,0,1,1,1,0,0,1
917,1,0,0,1,1,1,0,0,0
918,1,0,0,1,1,1,0,1,0
919,1,0,1,0,0,0,0,1,0
920,0,0,0,1,0,1,0,0,0
921,0,0,0,0,0,1,0,1,0
922,0,0,0,1,1,1,0,1,0
923,1,1,1,1,1,1,0,0,0
924,0,1,0,0,0,1,0,1,0
925,0,1,1,0,0,1,1,1,1
926,1,1,1,0,0,0,0,1,0
927,1,0,1,0,0,0,0,1,0
928,0,0,0,0,0,1,1,1,1
929,0,0,0,0,0,1,1,1,1
930,0,0,0,0,0,1,1,1,1
931,0,1,1,0,0,1,0,1,0
932,1,1,1,0,1,0,0,1,0
933,1,0,0,1,1,1,0,0,0
934,1,0,0,1,1,1,1,1,1
935,0,0,0,1,1,0,0,0,0
936,1,0,0,0,0,1,1,1,1
937,1,0,0,1,1,1,0,0,0
938,0,0,0,0,0,1,1,1,1
939,1,0,0,0,0,0,0,1,0
940,1,0,0,1,1,0,0,0,1
941,0,0,0,1,1,1,0,0,0
942,1,0,0,1,1,0,0,1,0
943,0,1,0,0,0,1,0,1,0
944,1,0,0,0,0,1,0,1,1
945,0,0,0,1,1,1,0,1,1
946,0,0,0,0,0,1,0,1,0
947,0,0,0,1,1,0,0,0,1
948,1,1,0,0,0,0,0,1,0
949,1,1,1,0,1,0,0,1,0
950,0,0,0,0,0,1,0,1,0
951,0,0,0,1,1,1,0,1,1
952,0,0,0,1,1,1,0,1,0
953,0,0,0,0,1,1,0,0,0
954,1,0,1,0,1,0,1,1,1
955,0,0,0,1,1,0,0,0,0
956,1,0,0,1,1,1,0,0,0
957,0,1,1,0,0,1,0,1,0
958,0,0,0,1,1,0,0,0,0
959,1,1,0,1,0,1,0,0,0
960,1,0,0,1,1,1,0,0,1
961,1,0,0,0,1,1,0,1,0
962,0,0,0,0,0,1,1,1,1
963,0,0,1,1,1,0,0,0,0
964,1,0,0,1,1,1,0,1,1
965,0,0,0,1,1,1,1,1,1
966,1,0,0,0,0,1,0,0,1
967,1,0,1,0,0,1,1,1,0
968,1,1,0,0,0,0,1,1,0
969,1,0,0,0,0,0,0,1,0
970,1,0,0,0,0,1,0,1,0
971,1,0,0,1,1,1,0,0,0
972,1,0,1,0,0,0,0,1,0
973,0,0,0,0,0,1,0,1,0
974,1,0,0,1,1,0,0,1,0
975,0,0,0,0,0,1,1,1,1
976,0,0,0,0,0,1,1,1,0
977,0,0,0,0,0,1,0,1,0
978,1,0,0,1,1,1,0,0,0
979,1,0,1,0,0,0,0,1,0
980,1,0,0,0,0,0,0,1,0
981,0,0,0,1,1,1,0,0,1
982,1,0,0,1,1,1,0,0,1
983,0,0,0,0,0,1,0,1,0
984,0,0,0,0,0,1,1,1,1
985,1,0,0,0,0,1,0,1,0
986,1,0,0,0,0,1,0,1,0
987,0,1,1,1,1,0,0,0,0
988,1,0,0,1,1,1,1,0,0
989,1,0,0,1,1,0,0,1,0
990,0,0,0,0,0,1,1,1,0
991,1,0,0,1,1,0,0,0,0
992,1,0,0,1,1,1,0,0,1
993,1,0,0,1,1,1,0,0,0
994,1,0,0,1,1,1,0,0,0
995,0,0,0,0,0,0,0,0,1
996,1,0,0,0,0,1,0,0,1
997,0,0,0,0,0,1,1,1,0
998,1,0,1,0,0,1,1,1,1
999,0,0,0,1,1,1,0,1,0
