,treewidth,n,value
0,2.0,10,0.43269409119235724
1,2.0,10,0.6218803719962306
2,3.0,10,4.9592118339486053e-05
3,2.0,10,0.0006325953253557125
4,2.0,10,0.16083694998438738
5,3.0,10,0.1492802519873245
6,3.0,10,0.0008801391432896557
7,3.0,10,0.29502618440880046
8,2.0,10,0.001913365044326933
9,2.0,10,0.002346344986861704
10,2.0,10,0.5240436350479366
11,3.0,10,0.35435996763168753
12,2.0,10,0.4591453185674631
13,,10,0.5140196575494265
14,3.0,10,0.3943037849253574
15,2.0,10,0.19988431222954692
16,2.0,10,0.6010089929207209
17,3.0,10,0.07832802032827309
18,3.0,10,0.16494269579060666
19,3.0,10,0.10341546008983894
20,3.0,10,0.11307807620736292
21,2.0,10,0.3589519834222732
22,2.0,10,0.05792719037990415
23,3.0,10,0.027169831173791126
24,2.0,10,0.3030152842510133
25,2.0,10,0.055302843436741536
26,2.0,10,0.03835731664089893
27,3.0,10,0.0
28,2.0,10,0.11992415840759126
29,3.0,10,0.1426875827094964
30,3.0,10,0.00019729014379613958
31,2.0,10,0.030959630915884297
32,3.0,10,0.2557054006627526
33,2.0,10,0.0003631647370995953
34,3.0,10,0.43270665376057327
35,2.0,10,0.32266589527374673
36,3.0,10,0.20542061605800502
37,2.0,10,0.2411987318180786
38,3.0,10,0.25645062816103514
39,,10,0.4256091677939932
40,3.0,10,0.43832056557915233
41,2.0,10,0.5473551125079039
42,2.0,10,0.5250177191672134
43,2.0,10,0.5883118581638427
44,2.0,10,0.0
45,3.0,10,0.17901636548676067
46,3.0,10,0.40929083373544783
47,3.0,10,0.021400255415679494
48,3.0,10,0.08894327652205887
49,3.0,10,0.10656352930505891
50,2.0,10,0.5240436350479366
51,2.0,10,0.4591453185674631
52,3.0,10,0.41486349424626906
53,3.0,10,0.3429137736402536
54,2.0,10,0.5883118581638427
55,2.0,10,0.011511324272406103
56,3.0,10,0.0045763384152420145
57,,10,0.19803958689030723
58,2.0,10,0.011296194877622696
59,3.0,10,0.0033377980800763244
60,2.0,10,0.00016520199145083324
61,3.0,10,0.0038838957419488197
62,2.0,10,0.2714187010391173
63,3.0,10,0.32812792174107763
64,3.0,10,0.05053702970693213
65,3.0,10,0.5826368804607323
66,2.0,10,0.016986101997364698
67,2.0,10,0.09921489489029406
68,3.0,10,0.19930623096757158
69,2.0,10,0.27228081807783305
70,3.0,10,0.49197810580667073
71,3.0,10,0.22208468878632923
72,3.0,10,0.5146262174202691
73,3.0,10,0.13765173041465822
74,3.0,10,0.0015322104469234516
75,3.0,10,0.12033988112567512
76,3.0,10,0.3905488878846223
77,2.0,10,0.5424815124631907
78,3.0,10,0.21742244700635108
79,2.0,10,0.5374512589401419
80,2.0,10,0.3133955910891657
81,3.0,10,0.44257814326292155
82,2.0,10,0.5344327773834364
83,3.0,10,0.033632271609354794
84,2.0,10,0.22996138667470678
85,2.0,10,0.1405412468345667
86,2.0,10,0.3078936798217962
87,2.0,10,0.42212719991393177
88,2.0,10,0.3927244862898131
89,2.0,10,0.03448875458587489
90,2.0,10,0.0431898091656737
91,2.0,10,0.008832671390734416
92,2.0,10,0.0027540782970752013
93,2.0,10,0.0027540782970752013
94,2.0,10,0.04310827468501211
95,2.0,10,7.04593069714135e-05
96,2.0,10,0.0
97,2.0,10,0.01687063425768374
98,2.0,10,0.14789097193212833
99,2.0,10,0.0
100,2.0,10,0.0
101,2.0,10,0.00032982205132999956
102,3.0,10,0.3083370009532379
103,3.0,10,0.42225780859939865
104,3.0,10,0.3582948048196365
105,3.0,10,0.1833626823461411
106,3.0,10,0.2807642213183996
107,3.0,10,0.2049326928453524
108,3.0,10,0.1068040010465349
109,3.0,10,0.10672671357921054
110,3.0,10,0.002678134328551215
111,3.0,10,0.07506212689795784
112,3.0,10,0.13628282476148154
113,3.0,10,0.27347458203644304
114,3.0,10,0.22142550025828361
115,3.0,10,0.07041358290273879
116,3.0,10,0.00823839799350161
117,3.0,10,0.00823839799350161
118,3.0,10,0.11439123784841093
119,3.0,10,0.04807718708551401
120,3.0,10,0.11159548917862959
121,3.0,10,0.157108976556296
122,3.0,10,0.12075063194242418
123,3.0,10,0.15853582644635508
124,3.0,10,0.12348468481283043
125,3.0,10,0.12282092764832082
126,2.0,10,0.18581702422924656
127,2.0,10,0.16768016464619018
128,2.0,10,0.03918100413966878
129,2.0,10,0.07407494411114099
130,2.0,10,0.051150367174460566
131,2.0,10,0.051150367174460566
132,2.0,10,0.08216735527554656
133,2.0,10,0.12929521226693164
134,2.0,10,0.028723273484809297
135,2.0,10,0.14425913409942473
136,2.0,10,0.012075630747319047
137,2.0,10,0.03930677912012418
138,2.0,10,0.08029466391364856
139,2.0,10,0.0770662390283743
140,2.0,10,0.036501991080990406
141,2.0,10,0.036501991080990406
142,3.0,10,0.2494444375933463
143,3.0,10,0.5298789437780288
144,3.0,10,0.31304710154031923
145,3.0,10,0.10044034585459777
146,3.0,10,0.3103378028559424
147,3.0,10,0.3313192136564774
148,3.0,10,0.33152434683180143
149,3.0,10,0.3179418972527612
150,,10,0.27215992561709346
151,,10,0.24647947252537725
152,,10,0.20280466771132866
153,,10,0.21375304824347574
154,,10,0.2561109974882869
155,,10,0.2766736903954233
156,,10,0.26362109627585406
157,,10,0.26294260095754246
158,2.0,10,0.2580078167809479
159,2.0,10,0.22372203236633031
160,2.0,10,0.13355219831985313
161,2.0,10,0.11020346123743946
162,2.0,10,0.11020346123743946
163,2.0,10,0.004228966358038118
164,2.0,10,0.0005430361090335288
165,2.0,10,0.0005430361090335288
166,2.0,10,0.38592405204732294
167,2.0,10,0.3703682491203934
168,2.0,10,0.4592467033109055
169,2.0,10,0.18397833189433097
170,2.0,10,0.1546389737263171
171,2.0,10,0.05047946351997232
172,2.0,10,0.013378476520428428
173,2.0,10,0.014938233348667352
174,3.0,10,0.0005646332939410208
175,3.0,10,0.4432661351442023
176,3.0,10,0.42414495407740377
177,3.0,10,0.3369237222437536
178,3.0,10,0.2435273672814843
179,3.0,10,0.05551082025009682
180,3.0,10,0.16827791166692094
181,3.0,10,0.16827791166692063
182,3.0,10,0.04867129827897279
183,3.0,10,0.16783218430502025
184,3.0,10,0.10390741403951463
185,3.0,10,0.26081186472818135
186,3.0,10,0.21004031139055504
187,3.0,10,0.2570998043024087
188,3.0,10,0.23789342467197694
189,3.0,10,0.23789342467197694
190,3.0,10,0.050415855715892445
191,3.0,10,0.33969291811088126
192,3.0,10,0.10835314456733512
193,3.0,10,0.20384884760867183
194,3.0,10,0.08770511144503815
195,3.0,10,0.0
196,3.0,10,0.061042627424532495
197,3.0,10,0.012015467109051778
198,2.0,10,0.22085155512988325
199,2.0,10,0.21586819751363437
200,2.0,10,0.21572606800566643
201,2.0,10,0.21051988823797352
202,2.0,10,0.05931622557652023
203,2.0,10,0.059182826173452614
204,2.0,10,0.059182826173452614
205,2.0,10,0.05918282617345294
206,2.0,10,0.07153227760928134
207,2.0,10,0.12460516735618157
208,2.0,10,0.0014975748379212348
209,2.0,10,0.05939310062530437
210,2.0,10,0.05939310062530437
211,2.0,10,0.05939310062530437
212,2.0,10,0.07569406670890483
213,2.0,10,0.07569406670890483
214,3.0,10,0.2981893041973643
215,3.0,10,0.07560536738325657
216,3.0,10,0.14637319391000783
217,3.0,10,0.36219570244418814
218,3.0,10,0.2665630303378991
219,3.0,10,0.3017565544922633
220,3.0,10,0.4231385770533717
221,3.0,10,0.4424150035812644
222,2.0,10,0.20833619358778968
223,2.0,10,0.1663207284647129
224,2.0,10,0.06580539567441027
225,2.0,10,0.06485316737476395
226,2.0,10,0.07054572311647157
227,2.0,10,0.0614911361482253
228,2.0,10,0.048135425837051216
229,2.0,10,0.045302423847776906
230,2.0,10,0.10490442254284135
231,2.0,10,0.01802751019353492
232,2.0,10,0.015820885535568614
233,2.0,10,0.09655083421000674
234,2.0,10,0.03587049186924672
235,2.0,10,0.00040901248448149685
236,2.0,10,0.0004090124844814969
237,2.0,10,0.00040901248448149685
238,3.0,10,0.0011774685577741791
239,3.0,10,0.18714983898426948
240,3.0,10,0.14481901811057088
241,3.0,10,0.02687979133186958
242,3.0,10,0.022704486930625423
243,3.0,10,0.017137390708378216
244,3.0,10,0.08635100087619658
245,3.0,10,0.0321546653340986
246,2.0,10,0.1451307330805033
247,2.0,10,0.04632831066299045
248,2.0,10,0.019548204213668215
249,2.0,10,0.04269083825419741
250,2.0,10,0.01713675679509242
251,2.0,10,0.02412581488114927
252,2.0,10,0.023878681062985366
253,2.0,10,0.023254482996341398
254,3.0,10,0.26338817302787043
255,3.0,10,0.2648154732800228
256,3.0,10,0.26852168117578534
257,3.0,10,0.2352116430093859
258,3.0,10,0.11945264405673948
259,3.0,10,0.17095648398416655
260,3.0,10,0.055046528654082216
261,3.0,10,0.05504652865408261
262,2.0,10,0.00036587863478045084
263,2.0,10,0.0003615024785828724
264,2.0,10,3.7457573564919725e-05
265,2.0,10,6.912606978943268e-05
266,2.0,10,0.006984332089574737
267,2.0,10,0.0051760507642650885
268,2.0,10,0.0014274369620323783
269,2.0,10,0.0013208227507588435
270,3.0,10,0.36911321265201846
271,3.0,10,0.29533775890062386
272,3.0,10,0.2420165609120233
273,3.0,10,0.3050556014326384
274,3.0,10,0.11052820570816413
275,3.0,10,0.13135273935210148
276,3.0,10,0.15986412348004583
277,3.0,10,0.1652587703846768
278,2.0,10,0.2559158613871452
279,2.0,10,0.0058683246041344945
280,2.0,10,0.0002590350767320925
281,2.0,10,0.05452325189138094
282,2.0,10,0.18073341896448045
283,2.0,10,0.027868859532796546
284,2.0,10,0.058403694759445554
285,2.0,10,0.058231442812744484
286,3.0,10,0.03673761195677328
287,3.0,10,0.30822691066951835
288,3.0,10,0.23665414544881555
289,3.0,10,0.20111036734346657
290,3.0,10,0.05548480905959873
291,3.0,10,0.250098142850166
292,3.0,10,0.168284745940984
293,3.0,10,0.22177240386083125
294,3.0,10,0.0510158674761292
295,3.0,10,0.004716129799547904
296,3.0,10,0.007013619575668479
297,3.0,10,0.2686408846215776
298,3.0,10,0.04215054277493787
299,3.0,10,0.04380352645183501
300,3.0,10,0.062918524894684
301,3.0,10,0.10837113369102519
302,3.0,10,0.21196338379521582
303,3.0,10,0.06151534994381793
304,3.0,10,0.3562840621144852
305,3.0,10,0.2008018287295198
306,3.0,10,0.2054250148691039
307,3.0,10,0.22151856995105934
308,3.0,10,0.2562852856439644
309,3.0,10,0.26013499891311936
310,2.0,10,0.5501941735230039
311,2.0,10,0.34515293723932056
312,2.0,10,0.19167604560556428
313,2.0,10,0.21269115153586313
314,2.0,10,0.26170136190346494
315,2.0,10,0.03525195951587192
316,2.0,10,0.016374877436400707
317,2.0,10,0.01662381493684431
318,2.0,10,0.45633367548569514
319,2.0,10,0.41688255592884244
320,2.0,10,0.23034586244289076
321,2.0,10,0.020501270663007214
322,2.0,10,0.14997204884390525
323,2.0,10,0.1522956650777452
324,2.0,10,0.15938554051403983
325,2.0,10,0.15093286987493348
326,2.0,10,0.5112074241828638
327,2.0,10,0.35601922581264833
328,2.0,10,0.10483280404344718
329,2.0,10,0.1837017768387843
330,2.0,10,0.01891527284593262
331,2.0,10,0.01987207275810874
332,2.0,10,0.019683886459275993
333,2.0,10,0.019690418593288336
334,3.0,10,0.16661779109218133
335,3.0,10,0.18973782171998924
336,3.0,10,0.2882577255151431
337,3.0,10,0.10787761416204616
338,3.0,10,0.10261653621221052
339,3.0,10,0.11737946511441799
340,3.0,10,0.11620751305578055
341,3.0,10,0.11320354575317206
342,3.0,10,0.20392989889130847
343,3.0,10,0.2640463571028425
344,3.0,10,0.2337540315475941
345,3.0,10,0.002677658864679892
346,3.0,10,0.0
347,3.0,10,0.0
348,3.0,10,0.0
349,3.0,10,0.0
350,3.0,10,0.3755274009316078
351,3.0,10,0.41141428623925647
352,3.0,10,0.09395192337972509
353,3.0,10,0.06988177091951463
354,3.0,10,0.07403179608991514
355,3.0,10,0.03638641040587034
356,3.0,10,0.05124935482699815
357,3.0,10,0.05414212627319794
358,3.0,10,0.4190686805154107
359,3.0,10,0.40359221139104917
360,3.0,10,0.48070019846688283
361,3.0,10,0.11387951243752427
362,3.0,10,0.07906873548972095
363,3.0,10,0.03278320630027729
364,3.0,10,0.009576420836839293
365,3.0,10,0.014265577721552835
366,3.0,10,0.3711884357662991
367,3.0,10,0.3521897412984585
368,3.0,10,0.5940832936265207
369,3.0,10,0.089556589890687
370,3.0,10,0.006085743985948457
371,3.0,10,0.007601503561717876
372,3.0,10,0.0
373,3.0,10,0.0
374,2.0,10,0.003088053663147206
375,2.0,10,0.003088053663147206
376,2.0,10,0.009723761365819483
377,2.0,10,0.015186408021071953
378,2.0,10,0.008901266983776768
379,2.0,10,0.020163566117647008
380,2.0,10,0.021303414194613682
381,2.0,10,0.021770408662303318
382,3.0,10,0.07164328851075966
383,3.0,10,0.07041109297280426
384,3.0,10,0.07787902405269462
385,3.0,10,0.0773983100135333
386,3.0,10,0.11169278984542728
387,3.0,10,0.11085952239896571
388,3.0,10,0.11805311136731443
389,3.0,10,0.12111179426762698
390,,10,0.10971391770327582
391,,10,0.07269287560479766
392,,10,0.12429217384563244
393,,10,0.14128129086215388
394,,10,0.053000525045677746
395,,10,0.17082207253279558
396,,10,0.21275414364209252
397,,10,0.1999646558304061
398,3.0,10,0.026091066650556424
399,3.0,10,0.33105217129264725
400,3.0,10,0.23741061943079556
401,3.0,10,0.14338483826327558
402,3.0,10,0.3924657213747915
403,3.0,10,0.4353824329560133
404,3.0,10,0.45896900594389406
405,3.0,10,0.5055868555983597
406,2.0,10,0.0
407,2.0,10,0.007011215602508415
408,2.0,10,1.741417795231643e-08
409,2.0,10,0.0012359894057143593
410,2.0,10,0.053100587519140034
411,2.0,10,0.053100587519140034
412,2.0,10,0.052594447148612805
413,2.0,10,0.052594447148612805
414,3.0,10,0.11399769870730292
415,3.0,10,0.04483056469219025
416,3.0,10,0.1530966322147696
417,3.0,10,0.08245471497350813
418,3.0,10,0.20899140901569116
419,3.0,10,0.14027062900165121
420,3.0,10,0.11812390013226513
421,3.0,10,0.07199846995081037
422,3.0,10,0.32587614849162416
423,3.0,10,0.307377428342585
424,3.0,10,0.17402741561032917
425,3.0,10,0.044958795177705235
426,3.0,10,0.2611775914614593
427,3.0,10,0.1344217340671475
428,3.0,10,0.16713554084993215
429,3.0,10,0.08758009898601367
430,3.0,10,0.12514354843009387
431,3.0,10,0.05684297631632947
432,3.0,10,0.06837269038563236
433,3.0,10,0.08001029519560582
434,3.0,10,0.0175502184274641
435,3.0,10,0.0874587977554234
436,3.0,10,0.007897465320038344
437,3.0,10,0.011459469954757006
438,3.0,10,0.5690479269157511
439,3.0,10,0.4470169370546382
440,3.0,10,0.39683642740502445
441,3.0,10,0.29428811341004424
442,3.0,10,0.15492766333281088
443,3.0,10,0.15731520897295737
444,3.0,10,0.15155146862855556
445,3.0,10,0.15155146862855556
446,2.0,10,0.2770248334379306
447,2.0,10,0.15973831368749047
448,2.0,10,0.03572393888784169
449,2.0,10,0.10917036530169001
450,2.0,10,0.1522006953442532
451,2.0,10,0.020433667972645408
452,2.0,10,7.967526310606681e-05
453,2.0,10,7.967526311007904e-05
454,3.0,10,0.3861433078622776
455,3.0,10,0.1619706551321088
456,3.0,10,0.5158123279300713
457,3.0,10,0.09519431187011919
458,3.0,10,0.05698000115118047
459,3.0,10,0.014274474835653113
460,3.0,10,0.013055097188351523
461,3.0,10,0.02030542809396044
462,2.0,10,0.37156248745433257
463,2.0,10,0.092448485503755
464,2.0,10,0.03865802491248265
465,2.0,10,0.12663199444556722
466,2.0,10,0.3015961222900664
467,2.0,10,0.010840337394734553
468,2.0,10,0.038736398704923306
469,2.0,10,0.038758786100826365
470,3.0,10,0.3063388172538954
471,3.0,10,0.17755858905501498
472,3.0,10,0.04729998441198276
473,3.0,10,0.19031826062563192
474,3.0,10,0.18970325578369368
475,3.0,10,0.16433543474339615
476,3.0,10,0.039942881711411
477,3.0,10,0.04224577044621498
478,3.0,10,0.19273018073551923
479,3.0,10,0.04158429776343331
480,3.0,10,0.12172328254602743
481,3.0,10,0.14822813454690945
482,3.0,10,0.21362922998640343
483,3.0,10,0.1777742150695808
484,3.0,10,0.05718278812762949
485,3.0,10,0.056911452765646756
486,3.0,10,0.2622759120676185
487,3.0,10,0.19876900211709722
488,3.0,10,0.06938253389689206
489,3.0,10,0.11514781813527175
490,3.0,10,0.3454972536296484
491,3.0,10,0.1354988807065993
492,3.0,10,0.13043828885307576
493,3.0,10,0.15126660411609996
494,3.0,10,0.0042508874171061205
495,3.0,10,0.09109561593900496
496,3.0,10,0.21817980909033666
497,3.0,10,0.15366914248445507
498,3.0,10,0.08201061008509805
499,3.0,10,0.05556253580822467
500,3.0,10,0.04916946828434167
501,3.0,10,0.04752390891230528
502,3.0,10,0.25429236135484107
503,3.0,10,0.25699872623557757
504,3.0,10,0.22515544960972025
505,3.0,10,0.127350745472715
506,3.0,10,0.36924154768333967
507,3.0,10,0.2724572614724959
508,3.0,10,0.29030056134661925
509,3.0,10,0.2773354519136558
510,3.0,10,0.43950986139672904
511,3.0,10,0.012710062253313706
512,3.0,10,0.13798523752446643
513,3.0,10,0.05128867646230334
514,3.0,10,0.0633322567111662
515,3.0,10,0.25228034593021276
516,3.0,10,0.20584920218362476
517,3.0,10,0.3768514301302784
518,2.0,10,0.5312943726258739
519,2.0,10,0.5750392355247432
520,2.0,10,0.06654179095572132
521,2.0,10,0.13302800689610497
522,2.0,10,0.13302800689610497
523,2.0,10,0.13302800689610497
524,2.0,10,0.11956362095386316
525,2.0,10,0.11956362095386326
526,3.0,10,0.5124696130950003
527,3.0,10,0.5616591804856426
528,3.0,10,0.047410768830601906
529,3.0,10,0.6340979381571052
530,3.0,10,0.6422018904743643
531,3.0,10,0.6422018904743643
532,3.0,10,0.09728028815162615
533,3.0,10,0.0974089501077178
534,3.0,10,0.271672630104134
535,3.0,10,0.25412214161522406
536,3.0,10,0.24789582288244566
537,3.0,10,0.21309384958287786
538,3.0,10,0.007870614988334596
539,3.0,10,0.15566392189532371
540,3.0,10,0.0
541,3.0,10,0.0
542,2.0,10,0.12512996053425443
543,2.0,10,0.19831836241769824
544,2.0,10,0.1885892489451558
545,2.0,10,0.0888789626476211
546,2.0,10,0.18926712194058015
547,2.0,10,0.0
548,2.0,10,0.0
549,2.0,10,0.0037928075042741364
550,2.0,10,0.2350910356537802
551,2.0,10,0.009871055747630732
552,3.0,10,0.055781916097875285
553,2.0,10,0.0026139402860318353
554,2.0,10,0.4625876151760746
555,3.0,10,0.07081361237727121
556,3.0,10,0.33803452643867565
557,3.0,10,0.0035474879365771424
558,2.0,10,0.12857008946406423
559,2.0,10,0.0357751840461085
560,3.0,10,0.00175282298158666
561,,10,0.2174452380925528
562,3.0,10,0.6930155823910615
563,2.0,10,0.004492556745236135
564,2.0,10,0.13797783527715932
565,3.0,10,0.13064591465323105
566,3.0,10,0.48471317238379935
567,3.0,10,0.36763483642818445
568,3.0,10,0.19885027670008798
569,2.0,10,0.022738950165000202
570,2.0,10,0.08424186967457475
571,3.0,10,0.04194035413368934
572,2.0,10,0.15302956861815786
573,3.0,10,0.033632078817244074
574,2.0,10,0.0012622954469279396
575,3.0,10,0.11457224140860234
576,2.0,10,0.11510003053486781
577,3.0,10,0.1622206794254929
578,2.0,10,0.017705201235119487
579,3.0,10,0.12903811317644448
580,2.0,10,0.0
581,3.0,10,0.052609026494714536
582,3.0,10,0.07359624305754163
583,3.0,10,0.163966064491198
584,2.0,10,0.10620839223471094
585,2.0,10,0.18802539655758502
586,2.0,10,0.1277595346761357
587,3.0,10,0.17590447647363766
588,3.0,10,0.26658420610703215
589,3.0,10,0.0
590,3.0,10,0.0
591,3.0,10,0.029043340198165138
592,3.0,10,0.004514135082467569
593,3.0,10,0.29390419657557615
594,2.0,10,0.060730772785358926
595,3.0,10,0.008451299905881232
596,,10,0.10648172704833599
597,3.0,10,0.09662946183375944
598,2.0,10,0.06501047060854749
599,3.0,10,0.04358951142450185
600,2.0,10,0.17568530781281747
601,3.0,10,0.07831779077537192
602,3.0,10,0.024652334209724326
603,3.0,10,0.11951643473584123
604,2.0,10,0.2517001252111764
605,2.0,10,0.004759827947643525
606,3.0,10,0.14698429847943922
607,2.0,10,0.3374900336519987
608,3.0,10,0.1704530439534037
609,3.0,10,0.03901584340856651
610,3.0,10,0.5858586765475803
611,3.0,10,0.1957711313166869
612,3.0,10,0.09192905744727664
613,3.0,10,0.16467635498287622
614,3.0,10,0.22413045528128803
615,2.0,10,0.20057057444484805
616,3.0,10,0.5755404123550508
617,2.0,10,0.0006771414952879922
618,2.0,10,0.00037039063958155575
619,3.0,10,0.22035862477869164
620,2.0,10,0.23211554845722696
621,2.0,10,0.09411885251395152
622,2.0,20,0.16837117628581785
623,2.0,20,0.23245527735584615
624,3.0,20,4.9592118339486053e-05
625,2.0,20,0.0005544834838380053
626,2.0,20,0.05353110868380581
627,3.0,20,0.10760098572288469
628,3.0,20,0.0008801391432896557
629,3.0,20,0.00011444155227547581
630,2.0,20,0.001913365044326933
631,2.0,20,0.002346344986861704
632,2.0,20,0.495674627934758
633,3.0,20,0.35435996763168753
634,2.0,20,0.3727966255485922
635,,20,0.0
636,3.0,20,0.13962012209318792
637,2.0,20,0.19981607839710186
638,2.0,20,0.34479117163882433
639,3.0,20,0.05852191136076787
640,3.0,20,0.13162101412298366
641,3.0,20,0.10327465959720185
642,3.0,20,0.11307807620736292
643,2.0,20,0.31477017705900334
644,2.0,20,0.0400891098205253
645,3.0,20,0.0
646,2.0,20,0.26941022969404027
647,2.0,20,0.006888834663900477
648,2.0,20,0.03835731664089893
649,3.0,20,0.0
650,2.0,20,0.11992007227715991
651,3.0,20,0.1426875827094964
652,3.0,20,0.00019729014379613958
653,2.0,20,0.030322733561903938
654,3.0,20,0.03146144857645758
655,2.0,20,7.624955094839351e-06
656,3.0,20,0.43270665376057327
657,2.0,20,0.322664886575638
658,3.0,20,0.051468598470742866
659,2.0,20,0.0011057372803063427
660,3.0,20,0.25644863259387385
661,,20,0.16269568168139723
662,3.0,20,0.4242995088590795
663,2.0,20,0.4698906253008073
664,2.0,20,0.034524973389140394
665,2.0,20,0.29224588804538076
666,2.0,20,0.0
667,3.0,20,0.00896357571384557
668,3.0,20,0.4092865853814047
669,3.0,20,0.014788575022627199
670,3.0,20,0.0873058117910859
671,3.0,20,0.07773702611281423
672,2.0,20,0.495674627934758
673,2.0,20,0.3727966255485922
674,3.0,20,0.22225009904416837
675,3.0,20,0.3036587548606845
676,2.0,20,0.29224588804538076
677,2.0,20,0.0008421754262554347
678,3.0,20,0.0009582706220552776
679,,20,0.1976980691266014
680,2.0,20,0.011296194877622696
681,3.0,20,0.0
682,2.0,20,0.00016520199145083324
683,3.0,20,0.0038838957419488197
684,2.0,20,0.02542049798138764
685,3.0,20,0.00140527092807531
686,3.0,20,0.05027625120744869
687,3.0,20,0.5698730256717661
688,2.0,20,0.0033829748050838663
689,2.0,20,0.09920859178343666
690,3.0,20,0.0
691,2.0,20,0.27228081807783305
692,3.0,20,0.111258254191796
693,3.0,20,0.01229065977423899
694,3.0,20,0.1392525838206716
695,3.0,20,0.13765173041465822
696,3.0,20,0.0015322104469234516
697,3.0,20,0.12033988112567512
698,3.0,20,0.09660012047741715
699,2.0,20,0.030400610211153378
700,3.0,20,0.21742244700635108
701,2.0,20,0.4255042786729764
702,2.0,20,0.19713590504109924
703,3.0,20,0.3313133496885835
704,2.0,20,0.45563514083202056
705,3.0,20,0.033632271609354794
706,2.0,20,0.03024263651852661
707,2.0,20,0.1405351842363279
708,2.0,20,0.061246933095818155
709,2.0,20,0.13702699560361506
710,2.0,20,0.1925793933389344
711,2.0,20,0.010941101099199645
712,2.0,20,0.0431898091656737
713,2.0,20,0.008832671390734416
714,2.0,20,0.0027540782970752013
715,2.0,20,0.0027540782970752013
716,2.0,20,0.04309894814355219
717,2.0,20,7.04593069714135e-05
718,2.0,20,0.0
719,2.0,20,0.01687063425768374
720,2.0,20,0.14789097193212833
721,2.0,20,0.0
722,2.0,20,0.0
723,2.0,20,0.00032982205132999956
724,3.0,20,0.15193353943291615
725,3.0,20,0.22726160506848653
726,3.0,20,0.0
727,3.0,20,0.005211105092893723
728,3.0,20,0.0
729,3.0,20,0.048408909528922246
730,3.0,20,0.07020008963598408
731,3.0,20,0.06510350089928954
732,3.0,20,0.002678134328551215
733,3.0,20,0.07506212689795784
734,3.0,20,0.13628282476148154
735,3.0,20,0.16445648474226077
736,3.0,20,0.2190478542781546
737,3.0,20,0.05906945286149455
738,3.0,20,0.0001548327534048508
739,3.0,20,0.0001548327534048508
740,3.0,20,0.003638771881810729
741,3.0,20,0.04740034052733804
742,3.0,20,0.10831626765028694
743,3.0,20,0.04375301038545539
744,3.0,20,0.12075063194242418
745,3.0,20,0.11877149344925492
746,3.0,20,0.0723647753524176
747,3.0,20,0.06350670804562256
748,2.0,20,0.004908437090560844
749,2.0,20,0.006710434112056786
750,2.0,20,0.003081202534179124
751,2.0,20,0.017663733741224586
752,2.0,20,0.051150367174460566
753,2.0,20,0.051150367174460566
754,2.0,20,0.08216735527554656
755,2.0,20,0.12929521226693164
756,2.0,20,0.028723273484809297
757,2.0,20,0.06109811717809865
758,2.0,20,0.010108262474802957
759,2.0,20,0.03930677912012418
760,2.0,20,0.08029466391364856
761,2.0,20,0.0770662390283743
762,2.0,20,0.036501991080990406
763,2.0,20,0.036501991080990406
764,3.0,20,0.2494444375933463
765,3.0,20,0.41614747712345934
766,3.0,20,0.26513194130333734
767,3.0,20,0.06663478622530206
768,3.0,20,0.26512329335102847
769,3.0,20,0.14252097640844344
770,3.0,20,0.15018355695010968
771,3.0,20,0.16075714624409634
772,,20,0.00014527846116660966
773,,20,0.02345044199539626
774,,20,0.20280466771132866
775,,20,0.21375304824347574
776,,20,0.2561109974882869
777,,20,0.2766736903954233
778,,20,0.26362109627585406
779,,20,0.26294260095754246
780,2.0,20,0.25770386426014175
781,2.0,20,0.1344354709087213
782,2.0,20,0.13288775145816845
783,2.0,20,0.0021722652844240737
784,2.0,20,0.0021722652844240737
785,2.0,20,0.004228966358038118
786,2.0,20,0.0005430361090335288
787,2.0,20,0.0005430361090335288
788,2.0,20,0.31108924913095504
789,2.0,20,0.3703682491203934
790,2.0,20,3.176843308193592e-09
791,2.0,20,0.12903557210591357
792,2.0,20,0.0770789480770232
793,2.0,20,0.03696746774304322
794,2.0,20,0.010339703799255084
795,2.0,20,0.013340089799456762
796,3.0,20,0.0005646332939410208
797,3.0,20,0.4176629680728574
798,3.0,20,0.12578392803645846
799,3.0,20,0.10904428997083875
800,3.0,20,0.0
801,3.0,20,0.0
802,3.0,20,0.07551471421105767
803,3.0,20,0.07551471421105686
804,3.0,20,0.047889957877006784
805,3.0,20,0.11501150859955987
806,3.0,20,0.04892241925383604
807,3.0,20,0.011434857477720111
808,3.0,20,0.038967774116958794
809,3.0,20,0.0036855196403722703
810,3.0,20,0.13912926660425617
811,3.0,20,0.13912926660425617
812,3.0,20,0.030267059981688237
813,3.0,20,0.33969291811088126
814,3.0,20,0.059062618965381494
815,3.0,20,0.20319329664270394
816,3.0,20,0.08770511144503815
817,3.0,20,0.0
818,3.0,20,0.061042627424532495
819,3.0,20,0.012015467109051778
820,2.0,20,0.17907041732802773
821,2.0,20,0.19813435910918603
822,2.0,20,0.21572606800566643
823,2.0,20,0.2084793894521938
824,2.0,20,0.03305501203951818
825,2.0,20,0.02936072408563091
826,2.0,20,0.029360724085631167
827,2.0,20,0.029360724085631503
828,2.0,20,0.0001742820291438688
829,2.0,20,0.02634254542133144
830,2.0,20,0.0014975748379212348
831,2.0,20,0.05939310062530437
832,2.0,20,0.05939310062530437
833,2.0,20,0.05939310062530437
834,2.0,20,0.06619491649267127
835,2.0,20,0.06619491649267127
836,3.0,20,0.298165832048656
837,3.0,20,0.07560536738325657
838,3.0,20,0.019937574904268084
839,3.0,20,0.006976307990601459
840,3.0,20,0.1773620355584017
841,3.0,20,0.18278481871397412
842,3.0,20,0.2435192427462762
843,3.0,20,0.22255882514804315
844,2.0,20,0.1330445317923178
845,2.0,20,0.02565983518750001
846,2.0,20,0.06580539567441027
847,2.0,20,0.06485316737476395
848,2.0,20,0.07054572311647157
849,2.0,20,0.0614911361482253
850,2.0,20,0.048135425837051216
851,2.0,20,0.045302423847776906
852,2.0,20,0.042813240521018
853,2.0,20,0.000922568713908345
854,2.0,20,0.010978043705979204
855,2.0,20,0.06754632926537453
856,2.0,20,0.01007394581507114
857,2.0,20,0.0003956078632835778
858,2.0,20,0.0003956078632835778
859,2.0,20,0.0003956078632835778
860,3.0,20,0.0011774685577741791
861,3.0,20,0.18408214264568393
862,3.0,20,0.14481626227465277
863,3.0,20,0.0015937036435212477
864,3.0,20,0.022704486930625423
865,3.0,20,0.017137390708378216
866,3.0,20,0.05489882863865262
867,3.0,20,0.014797334652160227
868,2.0,20,0.1451307330805033
869,2.0,20,0.04632831066299045
870,2.0,20,0.019548204213668215
871,2.0,20,0.0
872,2.0,20,0.01713675679509242
873,2.0,20,0.02412581488114927
874,2.0,20,0.023878681062985366
875,2.0,20,0.023254482996341398
876,3.0,20,0.07945720648166682
877,3.0,20,0.06360704633906955
878,3.0,20,0.09215450435780126
879,3.0,20,0.07440159589772066
880,3.0,20,0.048855439127593915
881,3.0,20,0.1551113891354925
882,3.0,20,0.039257414476046096
883,3.0,20,0.03925741447604548
884,2.0,20,1.21735344694561e-05
885,2.0,20,1.2016249228559353e-05
886,2.0,20,1.0330809590434993e-06
887,2.0,20,6.912606978943268e-05
888,2.0,20,0.006984332089574737
889,2.0,20,0.0051760507642650885
890,2.0,20,0.0014274369620323783
891,2.0,20,0.0013208227507588435
892,3.0,20,0.36911163505292727
893,3.0,20,0.29480649142458343
894,3.0,20,0.03026626909769633
895,3.0,20,0.13857457749648402
896,3.0,20,0.02011768466425785
897,3.0,20,0.00974659398154889
898,3.0,20,0.009100438594254329
899,3.0,20,0.008230919083266793
900,2.0,20,0.14402003275714623
901,2.0,20,0.0020722299545664264
902,2.0,20,0.0
903,2.0,20,0.05452324857786339
904,2.0,20,0.09763708944972789
905,2.0,20,0.02204186523817291
906,2.0,20,0.05432834677564408
907,2.0,20,0.05436601861887871
908,3.0,20,0.03673761195677328
909,3.0,20,0.30822691066951835
910,3.0,20,0.23665414544881555
911,3.0,20,0.19136970713828003
912,3.0,20,0.05548480905959873
913,3.0,20,0.01697404667884803
914,3.0,20,0.020635624997151016
915,3.0,20,0.0013255703725352595
916,3.0,20,0.02011031923309151
917,3.0,20,0.004716129799547904
918,3.0,20,0.0019156629246756603
919,3.0,20,0.2686408846215776
920,3.0,20,0.04215054277493787
921,3.0,20,0.04380352645183501
922,3.0,20,0.062918524894684
923,3.0,20,0.10837113369102519
924,3.0,20,0.21196338379521582
925,3.0,20,0.035968310657829745
926,3.0,20,0.15818963433829836
927,3.0,20,0.12504208306883274
928,3.0,20,0.1584315239596358
929,3.0,20,0.17217262225980864
930,3.0,20,0.16324910846765484
931,3.0,20,0.17007082154053327
932,2.0,20,0.3828761399017711
933,2.0,20,0.34515293723932056
934,2.0,20,0.19167604560556428
935,2.0,20,0.21269115153586313
936,2.0,20,0.26170136190346494
937,2.0,20,0.02579227281880995
938,2.0,20,0.009584804573340964
939,2.0,20,0.009356270503496368
940,2.0,20,0.10557636588731775
941,2.0,20,0.09889606574789139
942,2.0,20,0.008294908104582695
943,2.0,20,0.020501270663007214
944,2.0,20,0.14982597784654822
945,2.0,20,0.15204975147835337
946,2.0,20,0.1592374417114315
947,2.0,20,0.1508418716906289
948,2.0,20,0.11999336825489022
949,2.0,20,0.07945097297398203
950,2.0,20,0.03597386913807142
951,2.0,20,0.13360539187906253
952,2.0,20,0.01891527284593262
953,2.0,20,0.01987207275810874
954,2.0,20,0.019683886459275993
955,2.0,20,0.019690418593288336
956,3.0,20,0.16661779109218133
957,3.0,20,0.06407557381453002
958,3.0,20,0.1239919558735578
959,3.0,20,0.060710846892053576
960,3.0,20,0.056317361089232666
961,3.0,20,0.05754770878571076
962,3.0,20,0.056344901162657966
963,3.0,20,0.04490249166454987
964,3.0,20,0.20392989889130847
965,3.0,20,0.26282000395760813
966,3.0,20,0.13659170186338312
967,3.0,20,6.28950053951232e-05
968,3.0,20,0.0
969,3.0,20,0.0
970,3.0,20,0.0
971,3.0,20,0.0
972,3.0,20,0.005226779656725991
973,3.0,20,0.41141428623925647
974,3.0,20,0.03865307241404464
975,3.0,20,0.006530564746184731
976,3.0,20,0.012609481195736011
977,3.0,20,0.0
978,3.0,20,0.0017996855727221406
979,3.0,20,0.0017963939661857318
980,3.0,20,0.18814740085680826
981,3.0,20,0.2425728746918572
982,3.0,20,0.0
983,3.0,20,0.04264216606880175
984,3.0,20,0.06046504038289906
985,3.0,20,0.025828905171155526
986,3.0,20,0.0005575279938887935
987,3.0,20,0.014265577721552835
988,3.0,20,0.28106987012815215
989,3.0,20,0.268061795347814
990,3.0,20,0.397185498214144
991,3.0,20,0.08660221843743733
992,3.0,20,0.006085743985948457
993,3.0,20,0.007601503561717876
994,3.0,20,0.0
995,3.0,20,0.0
996,2.0,20,0.0004188490752673669
997,2.0,20,0.0004188490752673669
998,2.0,20,0.0
999,2.0,20,0.0
1000,2.0,20,0.0
1001,2.0,20,0.010490076263428667
1002,2.0,20,0.0059014298622852256
1003,2.0,20,0.006911443765156896
1004,3.0,20,0.03503130841866947
1005,3.0,20,0.03470968720358275
1006,3.0,20,0.04275331412168772
1007,3.0,20,0.04180059169124567
1008,3.0,20,0.07450169704183174
1009,3.0,20,0.07147499863531052
1010,3.0,20,0.080204877930614
1011,3.0,20,0.08404491789198898
1012,,20,0.10834389456271545
1013,,20,0.07269287560479766
1014,,20,0.12429217384563244
1015,,20,0.11301134424252854
1016,,20,0.053000525045677746
1017,,20,0.13766874353863026
1018,,20,0.20664536150725202
1019,,20,0.17175358881099684
1020,3.0,20,0.025281119721971747
1021,3.0,20,0.3250336070337773
1022,3.0,20,0.21233783389225677
1023,3.0,20,0.0
1024,3.0,20,0.0
1025,3.0,20,0.0013583527184926306
1026,3.0,20,0.0
1027,3.0,20,0.0
1028,2.0,20,0.0
1029,2.0,20,0.007011215602508415
1030,2.0,20,1.741417795231643e-08
1031,2.0,20,0.0012359894057143593
1032,2.0,20,0.053100587519140034
1033,2.0,20,0.053100587519140034
1034,2.0,20,0.052594447148612805
1035,2.0,20,0.052594447148612805
1036,3.0,20,0.11399769870730292
1037,3.0,20,0.04483056469219025
1038,3.0,20,0.1512777422795245
1039,3.0,20,0.019312266417751165
1040,3.0,20,0.12028595003898468
1041,3.0,20,0.04560789662323697
1042,3.0,20,0.0
1043,3.0,20,0.05809612832440401
1044,3.0,20,0.21033919135826107
1045,3.0,20,0.30727056593779245
1046,3.0,20,0.16629600762316638
1047,3.0,20,0.011522776030495199
1048,3.0,20,0.09749323673195981
1049,3.0,20,0.07991828294295528
1050,3.0,20,0.08851709001037057
1051,3.0,20,0.0324483180225459
1052,3.0,20,0.12420163945538319
1053,3.0,20,0.05470948761334982
1054,3.0,20,0.06789959891143924
1055,3.0,20,0.08001029519560582
1056,3.0,20,0.006033366962616092
1057,3.0,20,0.0026112192493130877
1058,3.0,20,0.0063216049072168925
1059,3.0,20,0.009248445990278433
1060,3.0,20,0.4428131143919738
1061,3.0,20,0.33947533368557886
1062,3.0,20,0.2998387439557176
1063,3.0,20,0.15106974712992927
1064,3.0,20,0.14661863945348844
1065,3.0,20,0.14963777313542623
1066,3.0,20,0.14367971950516106
1067,3.0,20,0.14367971950516126
1068,2.0,20,0.2770248334379306
1069,2.0,20,0.15973831368749047
1070,2.0,20,0.03572393888784169
1071,2.0,20,0.10917036530169001
1072,2.0,20,0.07336286673011394
1073,2.0,20,0.020433667972645408
1074,2.0,20,7.967526310606681e-05
1075,2.0,20,7.967526311007904e-05
1076,3.0,20,0.2444518477942085
1077,3.0,20,0.1619706551321088
1078,3.0,20,0.4699520815908223
1079,3.0,20,0.0012170977158034492
1080,3.0,20,0.0063068881160080695
1081,3.0,20,0.013722914921574488
1082,3.0,20,0.012203735911876117
1083,3.0,20,0.018813550144679274
1084,2.0,20,0.37156248745433257
1085,2.0,20,0.09067827249894996
1086,2.0,20,0.01339822837114905
1087,2.0,20,0.08996729790365468
1088,2.0,20,0.3015961222900664
1089,2.0,20,0.010793258088054055
1090,2.0,20,0.03873622356096596
1091,2.0,20,0.038758612463321226
1092,3.0,20,0.20476408171921526
1093,3.0,20,0.08788222067133789
1094,3.0,20,0.04729998441198276
1095,3.0,20,0.10549091195400723
1096,3.0,20,0.1253371428467127
1097,3.0,20,0.11902391613483972
1098,3.0,20,0.039942881711411
1099,3.0,20,0.04224577044621498
1100,3.0,20,0.035515087081016916
1101,3.0,20,0.014149945670329633
1102,3.0,20,0.03804858924302102
1103,3.0,20,0.07488983268077197
1104,3.0,20,0.1796198620666176
1105,3.0,20,0.16750546811692926
1106,3.0,20,0.016404991340523898
1107,3.0,20,0.0165463177541226
1108,3.0,20,0.23557965601073455
1109,3.0,20,0.15698167251248368
1110,3.0,20,0.06608421420220555
1111,3.0,20,0.11514781813527175
1112,3.0,20,0.3454972536296484
1113,3.0,20,0.12360913163968384
1114,3.0,20,0.11941485737776572
1115,3.0,20,0.15126660411609996
1116,3.0,20,0.0042508874171061205
1117,3.0,20,0.09109561593900496
1118,3.0,20,0.17774647624984702
1119,3.0,20,0.1182598742288013
1120,3.0,20,0.07075710580710068
1121,3.0,20,0.05556253580822467
1122,3.0,20,0.04916946828434167
1123,3.0,20,0.04752390891230528
1124,3.0,20,0.25428893465965513
1125,3.0,20,0.01932671014217961
1126,3.0,20,0.18758899645224383
1127,3.0,20,0.08754599968128388
1128,3.0,20,0.22865616497161528
1129,3.0,20,0.14659236629311664
1130,3.0,20,0.2050089988800291
1131,3.0,20,0.21368916174846816
1132,3.0,20,0.20509644814262704
1133,3.0,20,0.004266788301222171
1134,3.0,20,0.09179402498890539
1135,3.0,20,0.05128867646230334
1136,3.0,20,0.02751394126185843
1137,3.0,20,0.17874995446768807
1138,3.0,20,0.17927107999099698
1139,3.0,20,0.17802108501904626
1140,2.0,20,0.024332725320583243
1141,2.0,20,0.019536080388477498
1142,2.0,20,0.0
1143,2.0,20,0.0
1144,2.0,20,0.0
1145,2.0,20,0.0
1146,2.0,20,0.0
1147,2.0,20,0.0
1148,3.0,20,0.48770947618929367
1149,3.0,20,0.5454855632138335
1150,3.0,20,0.0017569281732108585
1151,3.0,20,0.6340111192929014
1152,3.0,20,0.6422018904743643
1153,3.0,20,0.6422018904743643
1154,3.0,20,0.09728028815162615
1155,3.0,20,0.0974089501077178
1156,3.0,20,0.13140042640959984
1157,3.0,20,0.12658854019395968
1158,3.0,20,0.01936132702935422
1159,3.0,20,0.08338987820186756
1160,3.0,20,0.007870614988334596
1161,3.0,20,0.007740942603174674
1162,3.0,20,0.0
1163,3.0,20,0.0
1164,2.0,20,0.12498365188663078
1165,2.0,20,0.19828542627743653
1166,2.0,20,0.1885892489451558
1167,2.0,20,0.0888789626476211
1168,2.0,20,0.07304619043092184
1169,2.0,20,0.0
1170,2.0,20,0.0
1171,2.0,20,0.0037928075042741364
1172,2.0,20,0.10099342144693209
1173,2.0,20,0.009871055747630732
1174,3.0,20,0.0
1175,2.0,20,0.0011570881611308549
1176,2.0,20,0.07875757005242584
1177,3.0,20,0.07081361237727121
1178,3.0,20,0.028334141685106607
1179,3.0,20,0.00046793020787261417
1180,2.0,20,0.12857008946406423
1181,2.0,20,0.0014494865723428734
1182,3.0,20,0.0
1183,,20,0.13471048986277345
1184,3.0,20,0.0
1185,2.0,20,0.0034224144926076707
1186,2.0,20,0.032188835973834394
1187,3.0,20,0.05804706983316426
1188,3.0,20,0.48179835067511223
1189,3.0,20,0.1289502111052725
1190,3.0,20,0.16641463992700423
1191,2.0,20,0.005642548316856608
1192,2.0,20,0.08424186967457475
1193,3.0,20,0.0009737386846082775
1194,2.0,20,0.03804699433831619
1195,3.0,20,0.014705894129063547
1196,2.0,20,0.00033732417489180705
1197,3.0,20,0.1009140208601937
1198,2.0,20,0.011051863324860568
1199,3.0,20,0.05486701293576452
1200,2.0,20,0.01081755786763946
1201,3.0,20,0.0
1202,2.0,20,0.0
1203,3.0,20,0.052609026494714536
1204,3.0,20,0.07359624305754163
1205,3.0,20,0.0
1206,2.0,20,0.10025212334265007
1207,2.0,20,0.18080222589764158
1208,2.0,20,0.013193516082328886
1209,3.0,20,0.17590447647363766
1210,3.0,20,0.17023101238408625
1211,3.0,20,0.0
1212,3.0,20,0.0
1213,3.0,20,0.0
1214,3.0,20,0.004514135082467569
1215,3.0,20,0.1280354111770998
1216,2.0,20,0.0
1217,3.0,20,0.008451299905881232
1218,,20,0.0
1219,3.0,20,0.02982917667996503
1220,2.0,20,0.06501047060854749
1221,3.0,20,0.006273223824828025
1222,2.0,20,0.17568530781281747
1223,3.0,20,0.0004774326174304308
1224,3.0,20,0.0011448995957489996
1225,3.0,20,0.1091503364947609
1226,2.0,20,0.24897780264088856
1227,2.0,20,0.004759827947643525
1228,3.0,20,0.14676043762232568
1229,2.0,20,5.7978152100778315e-05
1230,3.0,20,0.16556514349344656
1231,3.0,20,0.0003438040284059403
1232,3.0,20,0.4682046152908915
1233,3.0,20,0.0120742167353623
1234,3.0,20,0.04931684581449105
1235,3.0,20,0.005165677032738213
1236,3.0,20,0.09320632383637642
1237,2.0,20,0.005662418450286802
1238,3.0,20,0.16793836872726225
1239,2.0,20,0.0006771414952879922
1240,2.0,20,0.00037039063958155575
1241,3.0,20,0.05224673874051798
1242,2.0,20,0.1750188427931397
1243,2.0,20,0.09069009040441554
1244,2.0,30,0.16837117628581785
1245,2.0,30,0.0
1246,3.0,30,4.9592118339486053e-05
1247,2.0,30,0.0005544834838380053
1248,2.0,30,0.0
1249,3.0,30,0.10760098572288469
1250,3.0,30,0.0008801391432896557
1251,3.0,30,0.00011444155227547581
1252,2.0,30,0.001913365044326933
1253,2.0,30,0.002346175234714837
1254,2.0,30,0.43616504676639684
1255,3.0,30,0.35435996763168753
1256,2.0,30,8.348212505922722e-06
1257,,30,0.0
1258,3.0,30,0.0007631134125362576
1259,2.0,30,0.19981607839710186
1260,2.0,30,0.34479117163882433
1261,3.0,30,0.05852191136076787
1262,3.0,30,0.13156184261342524
1263,3.0,30,0.01905395673067938
1264,3.0,30,0.11307807620736292
1265,2.0,30,0.0898892150287128
1266,2.0,30,0.0400891098205253
1267,3.0,30,0.0
1268,2.0,30,0.0
1269,2.0,30,0.0
1270,2.0,30,0.0
1271,3.0,30,0.0
1272,2.0,30,0.015147258194080783
1273,3.0,30,0.14268722339101333
1274,3.0,30,0.0
1275,2.0,30,0.030317965433653567
1276,3.0,30,0.0
1277,2.0,30,0.0
1278,3.0,30,0.43270665376057327
1279,2.0,30,0.10806795290228643
1280,3.0,30,0.051468598470742866
1281,2.0,30,0.0011057372803063427
1282,3.0,30,0.10695772242331462
1283,,30,0.16269568168139723
1284,3.0,30,0.07649174340814711
1285,2.0,30,0.2798254447280878
1286,2.0,30,0.00016273353976952742
1287,2.0,30,0.29224582618463396
1288,2.0,30,0.0
1289,3.0,30,0.00896357571384557
1290,3.0,30,0.4092865853814047
1291,3.0,30,0.014788575022627199
1292,3.0,30,0.0873058117910859
1293,3.0,30,0.07773702611281423
1294,2.0,30,0.43616504676639684
1295,2.0,30,8.348212505922722e-06
1296,3.0,30,0.221953404076462
1297,3.0,30,0.2514007864982235
1298,2.0,30,0.29224582618463396
1299,2.0,30,0.0008421754262554347
1300,3.0,30,0.0009582706220552776
1301,,30,0.1976980691266014
1302,2.0,30,0.011296194877622696
1303,3.0,30,0.0
1304,2.0,30,0.00016520199145083324
1305,3.0,30,0.001039019800652103
1306,2.0,30,0.0254197657001091
1307,3.0,30,0.00140527092807531
1308,3.0,30,0.0005074337421521149
1309,3.0,30,0.5198815557880441
1310,2.0,30,0.0033829748050838663
1311,2.0,30,0.09920859178343666
1312,3.0,30,0.0
1313,2.0,30,0.185984372488961
1314,3.0,30,0.11124926341962832
1315,3.0,30,0.012108610226036827
1316,3.0,30,0.1392525838206716
1317,3.0,30,0.13765173041465822
1318,3.0,30,0.0015322104469234516
1319,3.0,30,0.12033988112567512
1320,3.0,30,0.09658667597396547
1321,2.0,30,0.030400610211153378
1322,3.0,30,0.0
1323,2.0,30,0.1881029360416418
1324,2.0,30,2.6781704874236456e-05
1325,3.0,30,0.2783286606063993
1326,2.0,30,0.16672355497022656
1327,3.0,30,0.0027717617594298334
1328,2.0,30,0.03015566276058856
1329,2.0,30,0.02865748564647302
1330,2.0,30,0.0
1331,2.0,30,0.013189363591023684
1332,2.0,30,0.1925793933389344
1333,2.0,30,0.004888089172553893
1334,2.0,30,0.04162007016757918
1335,2.0,30,0.0
1336,2.0,30,0.0
1337,2.0,30,0.0
1338,2.0,30,0.02568681170799784
1339,2.0,30,0.0
1340,2.0,30,0.0
1341,2.0,30,0.01687063425768374
1342,2.0,30,0.14789097193212833
1343,2.0,30,0.0
1344,2.0,30,0.0
1345,2.0,30,0.00032982205132999956
1346,3.0,30,0.15193353943291615
1347,3.0,30,0.22726160506848653
1348,3.0,30,0.0
1349,3.0,30,0.004458007440423721
1350,3.0,30,0.0
1351,3.0,30,0.048408909528922246
1352,3.0,30,0.07020008963598408
1353,3.0,30,0.05445436763113286
1354,3.0,30,0.002678134328551215
1355,3.0,30,0.01006432107541881
1356,3.0,30,0.06963735198805888
1357,3.0,30,0.12932439542249044
1358,3.0,30,0.18891639242789365
1359,3.0,30,0.0028851050215034503
1360,3.0,30,0.0
1361,3.0,30,0.0
1362,3.0,30,0.003638771881810729
1363,3.0,30,0.006326058268633573
1364,3.0,30,0.0090238291063056
1365,3.0,30,0.01666592965024191
1366,3.0,30,0.11899189498731809
1367,3.0,30,0.10919805513327835
1368,3.0,30,0.0723647753524176
1369,3.0,30,0.06350670804562256
1370,2.0,30,0.004908437090560844
1371,2.0,30,0.006710434112056786
1372,2.0,30,0.0012637829584446342
1373,2.0,30,0.013558254178354202
1374,2.0,30,0.014343128312652637
1375,2.0,30,0.014343128312652637
1376,2.0,30,0.001848487863929694
1377,2.0,30,0.0025181374433564463
1378,2.0,30,0.028723258835390942
1379,2.0,30,0.03679793075486586
1380,2.0,30,0.010105443900528375
1381,2.0,30,0.03499590611117109
1382,2.0,30,0.07549461535591247
1383,2.0,30,0.0770662390283743
1384,2.0,30,0.036501991080990406
1385,2.0,30,0.036501991080990406
1386,3.0,30,0.2494444375933463
1387,3.0,30,0.30373069901521327
1388,3.0,30,0.07655839343288941
1389,3.0,30,0.05881118168641164
1390,3.0,30,0.26512329335102847
1391,3.0,30,0.12923016522125907
1392,3.0,30,0.1447344747890439
1393,3.0,30,0.15416185133496554
1394,,30,0.00014527846116660966
1395,,30,0.02345044199539626
1396,,30,0.09635617914973077
1397,,30,0.058883932722738085
1398,,30,0.09155060007906822
1399,,30,0.09046409358235152
1400,,30,0.07127537254852065
1401,,30,0.08614249801733809
1402,2.0,30,0.25770386426014175
1403,2.0,30,0.1344332949823465
1404,2.0,30,0.13288775145816845
1405,2.0,30,0.0021722652844240737
1406,2.0,30,0.0021722652844240737
1407,2.0,30,0.004228966358038118
1408,2.0,30,0.0005430361090335288
1409,2.0,30,0.0005430361090335288
1410,2.0,30,0.31108924909749636
1411,2.0,30,0.3311891728688006
1412,2.0,30,3.176843308193592e-09
1413,2.0,30,0.053933843764501846
1414,2.0,30,0.012793536234824637
1415,2.0,30,0.03147012201918264
1416,2.0,30,0.009215587539845159
1417,2.0,30,0.011436064880511796
1418,3.0,30,0.0005646332939410208
1419,3.0,30,0.24159246115953995
1420,3.0,30,0.12578392803645846
1421,3.0,30,0.10904428997083875
1422,3.0,30,0.0
1423,3.0,30,0.0
1424,3.0,30,0.07551471421105767
1425,3.0,30,0.07551471421105686
1426,3.0,30,0.047889957877006784
1427,3.0,30,0.006161252447148064
1428,3.0,30,0.04892241925383604
1429,3.0,30,0.011434857477720111
1430,3.0,30,0.03336738595072333
1431,3.0,30,0.0036855196403722703
1432,3.0,30,0.08221794090679897
1433,3.0,30,0.08221794090679897
1434,3.0,30,0.024388302312185976
1435,3.0,30,0.23182637884028903
1436,3.0,30,0.0
1437,3.0,30,0.12437492946492304
1438,3.0,30,0.0391676038112243
1439,3.0,30,0.0
1440,3.0,30,0.05448103477259899
1441,3.0,30,0.0046103083171556425
1442,2.0,30,0.12071260422246638
1443,2.0,30,0.007035465615554906
1444,2.0,30,0.015058055204862034
1445,2.0,30,0.04263228635618028
1446,2.0,30,0.0
1447,2.0,30,0.0
1448,2.0,30,0.0
1449,2.0,30,0.0
1450,2.0,30,0.0001742820291438688
1451,2.0,30,0.02634254542133144
1452,2.0,30,0.0014975748379212348
1453,2.0,30,0.05939310062530437
1454,2.0,30,0.05939310062530437
1455,2.0,30,0.05939310062530437
1456,2.0,30,0.06619491649267127
1457,2.0,30,0.06619491649267127
1458,3.0,30,0.298165832048656
1459,3.0,30,0.07560536738325657
1460,3.0,30,0.019937574904268084
1461,3.0,30,0.0
1462,3.0,30,0.14180677723597993
1463,3.0,30,0.1636743405259429
1464,3.0,30,0.20699391770997647
1465,3.0,30,0.17423708204130434
1466,2.0,30,0.003911601279317418
1467,2.0,30,0.014867133186413115
1468,2.0,30,0.06389992678784114
1469,2.0,30,0.06140040469958101
1470,2.0,30,0.06764912631712694
1471,2.0,30,0.05973760469535297
1472,2.0,30,0.04527620777597184
1473,2.0,30,0.0421928969146753
1474,2.0,30,0.0
1475,2.0,30,0.00012606824472016613
1476,2.0,30,0.005375465637805516
1477,2.0,30,0.06754625464640243
1478,2.0,30,0.0029810413796275254
1479,2.0,30,0.0003956073693815725
1480,2.0,30,0.0003956073693815725
1481,2.0,30,0.0003956073693815725
1482,3.0,30,0.0
1483,3.0,30,0.1840786205450014
1484,3.0,30,0.14481295429192786
1485,3.0,30,0.0
1486,3.0,30,0.0
1487,3.0,30,0.0
1488,3.0,30,0.0
1489,3.0,30,0.00787807854847138
1490,2.0,30,0.05730643150501965
1491,2.0,30,0.04632831066299045
1492,2.0,30,0.019548204213668215
1493,2.0,30,0.0
1494,2.0,30,0.015131188901799632
1495,2.0,30,0.015078141236753474
1496,2.0,30,0.014745972924223808
1497,2.0,30,0.014652741942409618
1498,3.0,30,0.0035619504374915026
1499,3.0,30,0.039827823762049866
1500,3.0,30,0.09215450435780126
1501,3.0,30,0.07440159589772066
1502,3.0,30,0.048855439127593915
1503,3.0,30,0.05671541338330317
1504,3.0,30,0.0031786040412743045
1505,3.0,30,0.0031786040412743045
1506,2.0,30,0.0
1507,2.0,30,0.0
1508,2.0,30,3.252653733955685e-08
1509,2.0,30,1.3114119889996745e-07
1510,2.0,30,0.006421465094904212
1511,2.0,30,0.0018187509319565081
1512,2.0,30,8.27430527305866e-09
1513,2.0,30,8.361862787795291e-09
1514,3.0,30,0.36911140455160346
1515,3.0,30,0.29480038730305824
1516,3.0,30,0.02872224684313873
1517,3.0,30,0.13857457749648402
1518,3.0,30,0.02011768466425785
1519,3.0,30,0.00974659398154889
1520,3.0,30,0.009100438594254329
1521,3.0,30,0.008230919083266793
1522,2.0,30,0.00033687816187598477
1523,2.0,30,0.0014131511565727798
1524,2.0,30,0.0
1525,2.0,30,0.05452324857704476
1526,2.0,30,0.05564344594889043
1527,2.0,30,0.02204185949543903
1528,2.0,30,0.013539554304335875
1529,2.0,30,0.013471944589270975
1530,3.0,30,0.03673761195677328
1531,3.0,30,0.28710548847663275
1532,3.0,30,0.21242848884482798
1533,3.0,30,0.18329065152120017
1534,3.0,30,0.05548480905959873
1535,3.0,30,0.008609613018102168
1536,3.0,30,0.0
1537,3.0,30,0.0
1538,3.0,30,0.02011031923309151
1539,3.0,30,0.004716129799547904
1540,3.0,30,0.0019156629246756603
1541,3.0,30,0.2686408846215776
1542,3.0,30,0.0
1543,3.0,30,0.0
1544,3.0,30,0.0
1545,3.0,30,0.04056058989472555
1546,3.0,30,0.21196338379521582
1547,3.0,30,0.035968310657829745
1548,3.0,30,0.15818963433829836
1549,3.0,30,0.12246111106246695
1550,3.0,30,0.09101640658838789
1551,3.0,30,0.09027378868349926
1552,3.0,30,0.07701021210994291
1553,3.0,30,0.07130157799782344
1554,2.0,30,0.24659487558253937
1555,2.0,30,0.1170024102791929
1556,2.0,30,0.04228240725710715
1557,2.0,30,0.18716018265807624
1558,2.0,30,0.26170136190346494
1559,2.0,30,0.0
1560,2.0,30,0.0029552786691311944
1561,2.0,30,0.0038741962794767576
1562,2.0,30,0.0007739712747124531
1563,2.0,30,0.0008466599741263396
1564,2.0,30,0.0
1565,2.0,30,0.0
1566,2.0,30,0.0
1567,2.0,30,0.003532500394654802
1568,2.0,30,0.020976445143528713
1569,2.0,30,0.012696941841321906
1570,2.0,30,0.11999336825489022
1571,2.0,30,0.07945097297398203
1572,2.0,30,0.03597386913807142
1573,2.0,30,0.13360539187906253
1574,2.0,30,0.01891527284593262
1575,2.0,30,0.01987207275810874
1576,2.0,30,0.019683886459275993
1577,2.0,30,0.019690418593288336
1578,3.0,30,0.16661779109218133
1579,3.0,30,0.0038352954663751675
1580,3.0,30,0.04632262638482484
1581,3.0,30,0.060710846892053576
1582,3.0,30,0.056317361089232666
1583,3.0,30,0.05046718604927325
1584,3.0,30,0.056344901162657966
1585,3.0,30,0.04490249166454987
1586,3.0,30,0.15543577743349185
1587,3.0,30,0.1612150345359907
1588,3.0,30,0.07301313615117956
1589,3.0,30,6.28950053951232e-05
1590,3.0,30,0.0
1591,3.0,30,0.0
1592,3.0,30,0.0
1593,3.0,30,0.0
1594,3.0,30,0.005226779656725991
1595,3.0,30,0.2845037555414182
1596,3.0,30,0.03865307241404464
1597,3.0,30,0.006530564746184731
1598,3.0,30,0.012609481195736011
1599,3.0,30,0.0
1600,3.0,30,0.0017996855727221406
1601,3.0,30,0.0017963939661857318
1602,3.0,30,0.18688955552795614
1603,3.0,30,0.24252316100139706
1604,3.0,30,0.0
1605,3.0,30,0.020662352802251985
1606,3.0,30,0.05218591437167626
1607,3.0,30,0.018093565182278296
1608,3.0,30,0.0005575279938887935
1609,3.0,30,0.014265577721552835
1610,3.0,30,0.21525125240744405
1611,3.0,30,0.2075794006946667
1612,3.0,30,0.397185498214144
1613,3.0,30,0.08660221843743733
1614,3.0,30,0.006085743985948457
1615,3.0,30,0.007601503561717876
1616,3.0,30,0.0
1617,3.0,30,0.0
1618,2.0,30,0.0004188490752673669
1619,2.0,30,0.0004188490752673669
1620,2.0,30,0.0
1621,2.0,30,0.0
1622,2.0,30,0.0
1623,2.0,30,0.010490076263428667
1624,2.0,30,0.0059014298622852256
1625,2.0,30,0.006911443765156896
1626,3.0,30,0.006250309000205683
1627,3.0,30,0.006402186473949629
1628,3.0,30,0.01317633595507765
1629,3.0,30,0.012830607252443395
1630,3.0,30,0.05539137507132975
1631,3.0,30,0.05292906193614528
1632,3.0,30,0.06244958035810072
1633,3.0,30,0.06624422567770652
1634,,30,0.10834389456271545
1635,,30,0.07269287560479766
1636,,30,0.12429217384563244
1637,,30,0.0789294815686954
1638,,30,0.027439036568286786
1639,,30,0.13016108371998683
1640,,30,0.20553337268191646
1641,,30,0.17039911904115895
1642,3.0,30,0.025281119721971747
1643,3.0,30,0.3250336070337773
1644,3.0,30,0.14330844362759876
1645,3.0,30,0.0
1646,3.0,30,0.0
1647,3.0,30,7.186999657506338e-05
1648,3.0,30,0.0
1649,3.0,30,0.0
1650,2.0,30,0.0
1651,2.0,30,1.1723144314092065e-05
1652,2.0,30,1.741417795231643e-08
1653,2.0,30,0.0012359894057143593
1654,2.0,30,0.053100587519140034
1655,2.0,30,0.053100587519140034
1656,2.0,30,0.04992891057364245
1657,2.0,30,0.04992891057364245
1658,3.0,30,0.007599680098752516
1659,3.0,30,0.038494749778375296
1660,3.0,30,0.007599574199863644
1661,3.0,30,0.019312266417751165
1662,3.0,30,0.12028595003898468
1663,3.0,30,0.04560789662323697
1664,3.0,30,0.0
1665,3.0,30,0.04474939906726225
1666,3.0,30,0.21033919135826107
1667,3.0,30,0.28293631043320316
1668,3.0,30,0.1660143781556214
1669,3.0,30,0.011522776030495199
1670,3.0,30,0.09749323673195981
1671,3.0,30,0.07991828294295528
1672,3.0,30,0.06913199920327516
1673,3.0,30,0.0324483180225459
1674,3.0,30,0.039664046376899034
1675,3.0,30,0.010666314730584946
1676,3.0,30,0.02262339903159533
1677,3.0,30,0.06968044849368704
1678,3.0,30,0.006033366962616092
1679,3.0,30,0.0026112192493130877
1680,3.0,30,0.0063216049072168925
1681,3.0,30,0.009248445990278433
1682,3.0,30,0.4428131143919738
1683,3.0,30,0.2563543744728302
1684,3.0,30,0.2998387439557176
1685,3.0,30,0.14866787737113804
1686,3.0,30,0.14566232559349437
1687,3.0,30,0.14960728370926465
1688,3.0,30,0.1431637036710115
1689,3.0,30,0.14316370367101178
1690,2.0,30,0.2770248334379306
1691,2.0,30,0.15973831368749047
1692,2.0,30,0.03572393888784169
1693,2.0,30,0.10916945502065202
1694,2.0,30,0.07335052970739468
1695,2.0,30,0.020433667972645408
1696,2.0,30,1.7299250159832802e-05
1697,2.0,30,1.7299250164989616e-05
1698,3.0,30,0.24445101829782875
1699,3.0,30,0.07878124390295418
1700,3.0,30,0.4699520815908223
1701,3.0,30,0.0012170977158034492
1702,3.0,30,0.0063068881160080695
1703,3.0,30,0.013722914921574488
1704,3.0,30,0.012203735911876117
1705,3.0,30,0.018813550144679274
1706,2.0,30,0.37156248745433257
1707,2.0,30,0.0
1708,2.0,30,0.0
1709,2.0,30,0.020731854508482087
1710,2.0,30,0.02202213396046487
1711,2.0,30,0.010793258088054055
1712,2.0,30,0.03873622356096596
1713,2.0,30,0.038758612463321226
1714,3.0,30,0.20132900754019728
1715,3.0,30,0.0667060282286309
1716,3.0,30,0.04729998441198276
1717,3.0,30,0.10549091195400723
1718,3.0,30,0.1253371428467127
1719,3.0,30,0.11233344377972602
1720,3.0,30,0.039942881711411
1721,3.0,30,0.04224577044621498
1722,3.0,30,0.03140362382766973
1723,3.0,30,0.004720362283314443
1724,3.0,30,0.006707560577273694
1725,3.0,30,0.00936333216562198
1726,3.0,30,0.06525895018513438
1727,3.0,30,0.05655762793161285
1728,3.0,30,0.004245977398735048
1729,3.0,30,0.004429629889919288
1730,3.0,30,0.23557965601073455
1731,3.0,30,0.15698167251248368
1732,3.0,30,0.062049446964350004
1733,3.0,30,0.0630519787717365
1734,3.0,30,0.1686592800213767
1735,3.0,30,0.12242920584906826
1736,3.0,30,0.11941485737776572
1737,3.0,30,0.15126660411609996
1738,3.0,30,0.0042508874171061205
1739,3.0,30,0.08008112952486247
1740,3.0,30,0.08869608648035529
1741,3.0,30,0.11293910279606666
1742,3.0,30,0.03215226515387598
1743,3.0,30,0.0523737334401597
1744,3.0,30,0.04905671252890415
1745,3.0,30,0.046996201194179826
1746,3.0,30,0.1989378771388434
1747,3.0,30,0.01932671014217961
1748,3.0,30,0.09640606378293234
1749,3.0,30,0.07324506676826059
1750,3.0,30,0.1599828619087105
1751,3.0,30,0.0937218181685536
1752,3.0,30,0.1879456883291969
1753,3.0,30,0.1715285403330754
1754,3.0,30,0.07725549677647303
1755,3.0,30,0.004266788301222171
1756,3.0,30,0.09179402498890539
1757,3.0,30,0.04820479702521003
1758,3.0,30,0.02751394126185843
1759,3.0,30,0.1621417922723811
1760,3.0,30,0.09682091330168108
1761,3.0,30,0.13794743937670256
1762,2.0,30,0.024332725320583243
1763,2.0,30,0.019536080388477498
1764,2.0,30,0.0
1765,2.0,30,0.0
1766,2.0,30,0.0
1767,2.0,30,0.0
1768,2.0,30,0.0
1769,2.0,30,0.0
1770,3.0,30,0.0
1771,3.0,30,0.06334291379574715
1772,3.0,30,0.0017569281732108585
1773,3.0,30,0.6339964125099012
1774,3.0,30,0.6422018904743643
1775,3.0,30,0.6422018904743643
1776,3.0,30,0.02336603873450523
1777,3.0,30,0.023510216397230534
1778,3.0,30,0.0014500547317789277
1779,3.0,30,0.009521555413586609
1780,3.0,30,0.01936132702935422
1781,3.0,30,0.0604513395095234
1782,3.0,30,0.007870614988334596
1783,3.0,30,0.004075515134971678
1784,3.0,30,0.0
1785,3.0,30,0.0
1786,2.0,30,0.12498365188663078
1787,2.0,30,0.19828542627743653
1788,2.0,30,0.1885892489451558
1789,2.0,30,0.0888789626476211
1790,2.0,30,0.07304619043092184
1791,2.0,30,0.0
1792,2.0,30,0.0
1793,2.0,30,0.0037928075042741364
1794,2.0,30,0.0
1795,2.0,30,0.00023515554279761344
1796,3.0,30,0.0
1797,2.0,30,0.0011570881611308549
1798,2.0,30,0.07875757005242584
1799,3.0,30,0.07081361237727121
1800,3.0,30,0.028334141685106607
1801,3.0,30,6.017032883900355e-05
1802,2.0,30,0.0
1803,2.0,30,0.0014494865723428734
1804,3.0,30,0.0
1805,,30,0.0
1806,3.0,30,0.0
1807,2.0,30,0.0030193225967218777
1808,2.0,30,0.0
1809,3.0,30,0.0
1810,3.0,30,0.0019097781495964142
1811,3.0,30,0.07130152614641432
1812,3.0,30,0.049570132889710496
1813,2.0,30,0.005642548316856608
1814,2.0,30,0.04371551133813833
1815,3.0,30,0.0009737386846082775
1816,2.0,30,0.037774851330263
1817,3.0,30,0.0
1818,2.0,30,0.00033732417489180705
1819,3.0,30,0.006013179389623664
1820,2.0,30,0.011051863324860568
1821,3.0,30,0.04044493120413068
1822,2.0,30,1.7383924584996868e-05
1823,3.0,30,0.0
1824,2.0,30,0.0
1825,3.0,30,0.0
1826,3.0,30,0.014217068369710067
1827,3.0,30,0.0
1828,2.0,30,0.06108603423494462
1829,2.0,30,0.0027097516116637035
1830,2.0,30,0.0010774384302509117
1831,3.0,30,0.0
1832,3.0,30,0.15056373091005343
1833,3.0,30,0.0
1834,3.0,30,0.0
1835,3.0,30,0.0
1836,3.0,30,0.0
1837,3.0,30,0.04739801142216539
1838,2.0,30,0.0
1839,3.0,30,0.008451299905881232
1840,,30,0.0
1841,3.0,30,0.024976819504624062
1842,2.0,30,0.05980920824716043
1843,3.0,30,0.006273223824828025
1844,2.0,30,0.08203978598594629
1845,3.0,30,0.0004774326174304308
1846,3.0,30,0.0011448995957489996
1847,3.0,30,0.0896167791154613
1848,2.0,30,0.24897780264088856
1849,2.0,30,0.004689867295888944
1850,3.0,30,0.14676043762232568
1851,2.0,30,0.0
1852,3.0,30,0.0028460173359130536
1853,3.0,30,0.0003438040284059403
1854,3.0,30,0.4681980952214146
1855,3.0,30,0.0
1856,3.0,30,0.04931684581449105
1857,3.0,30,0.005165677032738213
1858,3.0,30,0.008367978144061646
1859,2.0,30,0.005662418450286802
1860,3.0,30,0.0
1861,2.0,30,0.0006771414952879922
1862,2.0,30,0.0
1863,3.0,30,0.05224673874051798
1864,2.0,30,0.07058412007954508
1865,2.0,30,0.01769855336956632
