,ps1_disc,error_diff,markovianity
1,"(0.0, 0.0]",0.6972890269495491,markovian
11,"(0.0, 0.0]",0.6807442726545722,markovian
21,"(0.0, 0.0]",0.6814080712644298,quasi-markovian
31,"(0.0, 0.0]",0.48969181098503944,quasi-markovian
41,"(0.0, 0.0]",0.5240792037789987,quasi-markovian
51,"(0.0, 0.0]",0.40841253490450896,markovian
61,"(0.0, 0.0]",0.6490548978034683,markovian
71,"(0.0, 0.0]",0.6451808796596464,quasi-markovian
81,"(0.0, 0.0]",0.4729424099654725,quasi-markovian
91,"(0.0, 0.0]",0.5557346547820813,quasi-markovian
101,"(0.0, 0.0]",0.6402907288088723,markovian
111,"(0.0, 0.0]",0.675568905567939,markovian
121,"(0.0, 0.0]",0.500333874078619,markovian
141,"(0.0, 0.0]",0.6708170708501343,markovian
151,"(0.0, 0.0]",0.635349112882947,markovian
161,"(0.0, 0.0]",0.6591739237729786,quasi-markovian
171,"(0.0, 0.0]",0.7055492466257676,quasi-markovian
191,"(0.0, 0.0]",0.3390760419155399,markovian
201,"(0.0, 0.0]",0.5018198099630243,quasi-markovian
211,"(0.0, 0.0]",0.6483285255426796,markovian
221,"(0.0, 0.0]",0.5583016611369723,markovian
241,"(0.0, 0.0]",0.5142550688790855,markovian
251,"(0.0, 0.0]",0.5145243180054443,quasi-markovian
261,"(0.0, 0.0]",0.5798240963013177,markovian
271,"(0.0, 0.0]",0.6649324461034826,markovian
281,"(0.0, 0.0]",0.5993334767459942,quasi-markovian
291,"(0.0, 0.0]",0.702441969796185,quasi-markovian
301,"(0.0, 0.0]",0.6684282409436862,quasi-markovian
311,"(0.0, 0.0]",0.616138861243745,quasi-markovian
321,"(0.0, 0.0]",0.5487412051691213,markovian
331,"(0.0, 0.0]",0.45253853697061963,markovian
341,"(0.0, 0.0]",0.4723581938657143,quasi-markovian
351,"(0.0, 0.0]",0.49340086457499194,markovian
361,"(0.0, 0.0]",0.704821337937153,quasi-markovian
381,"(0.0, 0.0]",0.8596486808395837,markovian
391,"(0.0, 0.0]",0.33029222801115893,quasi-markovian
401,"(0.0, 0.0]",0.5616859931779388,markovian
411,"(0.0, 0.0]",0.5769423201129658,quasi-markovian
421,"(0.0, 0.0]",0.6611808620720576,markovian
431,"(0.0, 0.0]",0.6274023378859834,quasi-markovian
441,"(0.0, 0.0]",0.5878328554823464,markovian
451,"(0.0, 0.0]",0.4675552975818127,markovian
461,"(0.0, 0.0]",0.41687507149958525,quasi-markovian
471,"(0.0, 0.0]",0.701052448906633,markovian
481,"(0.0, 0.0]",0.7064629831574814,quasi-markovian
491,"(0.0, 0.0]",0.5000797027529835,quasi-markovian
501,"(0.0, 0.0]",0.22179865662699502,markovian
511,"(0.0, 0.0]",0.6823443807645788,quasi-markovian
521,"(0.0, 0.0]",0.685043488104186,markovian
531,"(0.0, 0.0]",0.5830025913594742,quasi-markovian
541,"(0.0, 0.0]",0.6402907288088723,markovian
561,"(0.0, 0.0]",0.500333874078619,markovian
571,"(0.0, 0.0]",0.5546786884518393,markovian
591,"(0.0, 0.0]",0.5984364327163261,markovian
611,"(0.0, 0.0]",0.701052448906633,markovian
621,"(0.0, 0.0]",0.38363403473703406,quasi-markovian
641,"(0.0, 0.0]",0.21545135206224902,markovian
651,"(0.0, 0.0]",0.593729925519305,quasi-markovian
661,"(0.0, 0.0]",0.6751445345441512,quasi-markovian
671,"(0.0, 0.0]",0.4335640478856324,markovian
681,"(0.0, 0.0]",0.7027683714672874,quasi-markovian
691,"(0.0, 0.0]",0.37304064950569593,markovian
701,"(0.0, 0.0]",0.6858806231305871,quasi-markovian
711,"(0.0, 0.0]",0.4041627542430134,markovian
721,"(0.0, 0.0]",0.553814642583851,quasi-markovian
731,"(0.0, 0.0]",0.3051482577680919,markovian
741,"(0.0, 0.0]",0.591352468141382,quasi-markovian
751,"(0.0, 0.0]",0.8041467310527763,quasi-markovian
771,"(0.0, 0.0]",0.6381878767004188,markovian
781,"(0.0, 0.0]",0.62803037787534,quasi-markovian
791,"(0.0, 0.0]",0.3958298698518902,markovian
801,"(0.0, 0.0]",0.4328392526359255,quasi-markovian
811,"(0.0, 0.0]",0.515828913271784,markovian
821,"(0.0, 0.0]",0.6857529778909448,markovian
831,"(0.0, 0.0]",0.4778753452775108,quasi-markovian
841,"(0.0, 0.0]",0.6087198834159835,markovian
851,"(0.0, 0.0]",0.5949050017026501,markovian
861,"(0.0, 0.0]",0.5194816720260448,quasi-markovian
871,"(0.0, 0.0]",0.6798092050234713,quasi-markovian
881,"(0.0, 0.0]",0.7031257554742271,markovian
891,"(0.0, 0.0]",0.5087146420727059,quasi-markovian
901,"(0.0, 0.0]",0.6401675102209363,markovian
911,"(0.0, 0.0]",0.6575166000449696,quasi-markovian
921,"(0.0, 0.0]",0.5020423687262682,quasi-markovian
931,"(0.0, 0.0]",0.6902020599319936,quasi-markovian
941,"(0.0, 0.0]",0.47611748655268266,markovian
2,"(0.6, 0.8]",0.6760479514171939,markovian
3,"(0.6, 0.8]",0.677257898527302,markovian
4,"(0.8, 1.0]",0.44089004554948097,markovian
5,"(0.8, 1.0]",0.4779522755432619,markovian
6,"(0.8, 1.0]",0.27579016363835995,markovian
7,"(0.8, 1.0]",0.15402749715757671,markovian
8,"(0.8, 1.0]",0.06762008362524245,markovian
9,"(0.8, 1.0]",0.06762008362524245,markovian
32,"(1e-06, 0.201]",0.488651728117528,quasi-markovian
33,"(1e-06, 0.201]",0.5034788783273754,quasi-markovian
34,"(0.6, 0.8]",0.4677770388324606,quasi-markovian
35,"(0.6, 0.8]",0.500026348657138,quasi-markovian
36,"(0.8, 1.0]",0.4246067497653069,quasi-markovian
37,"(0.8, 1.0]",0.00010674543761452128,quasi-markovian
38,"(0.8, 1.0]",0.00010682739185163404,quasi-markovian
39,"(0.8, 1.0]",0.00010688481727987445,quasi-markovian
52,"(1e-06, 0.201]",0.41021135417343185,markovian
53,"(1e-06, 0.201]",0.39913477108883166,markovian
54,"(0.201, 0.401]",0.2930864417991698,markovian
55,"(0.201, 0.401]",0.3303994232128577,markovian
56,"(0.401, 0.6]",0.2383163414183906,markovian
57,"(0.6, 0.8]",0.22229536295882052,markovian
58,"(0.6, 0.8]",0.15693902519784275,markovian
59,"(0.8, 1.0]",0.1556485052802706,markovian
62,"(0.201, 0.401]",0.6269944194336748,markovian
63,"(0.401, 0.6]",0.6259774466595704,markovian
64,"(0.401, 0.6]",0.6268471673944377,markovian
65,"(0.8, 1.0]",0.5125822054466005,markovian
66,"(0.8, 1.0]",0.6848046072628423,markovian
67,"(0.8, 1.0]",0.6830140410172996,markovian
68,"(0.8, 1.0]",0.007559839557140285,markovian
69,"(0.8, 1.0]",0.007559839557140285,markovian
72,"(0.201, 0.401]",0.6172582669186347,quasi-markovian
73,"(0.201, 0.401]",0.5923547859723369,quasi-markovian
74,"(0.201, 0.401]",0.5885825712743404,quasi-markovian
75,"(0.401, 0.6]",0.538327826539995,quasi-markovian
76,"(0.6, 0.8]",0.4311868427225746,quasi-markovian
77,"(0.8, 1.0]",0.049521321940985914,quasi-markovian
78,"(0.8, 1.0]",0.007821547194053662,quasi-markovian
79,"(0.8, 1.0]",0.007332126428244219,quasi-markovian
82,"(1e-06, 0.201]",0.48500554374619814,quasi-markovian
83,"(0.201, 0.401]",0.47259878709086195,quasi-markovian
84,"(0.401, 0.6]",0.4945676309013619,quasi-markovian
85,"(0.401, 0.6]",0.4905496261026163,quasi-markovian
86,"(0.6, 0.8]",0.4223319114844392,quasi-markovian
87,"(0.6, 0.8]",0.4223319114844392,quasi-markovian
88,"(0.6, 0.8]",0.048561785642283486,quasi-markovian
89,"(0.8, 1.0]",0.006716727438293518,quasi-markovian
92,"(1e-06, 0.201]",0.5379268116875725,quasi-markovian
93,"(1e-06, 0.201]",0.5282410965806801,quasi-markovian
94,"(0.201, 0.401]",0.7259798601380342,quasi-markovian
95,"(0.6, 0.8]",0.6842459977281578,quasi-markovian
96,"(0.6, 0.8]",0.46331417488532206,quasi-markovian
97,"(0.6, 0.8]",0.169237042471317,quasi-markovian
98,"(0.8, 1.0]",0.0380018161696123,quasi-markovian
99,"(0.8, 1.0]",0.0380018161696123,quasi-markovian
112,"(1e-06, 0.201]",0.6462248525602683,markovian
113,"(1e-06, 0.201]",0.6558813572941954,markovian
114,"(0.201, 0.401]",0.4749601068517685,markovian
115,"(0.201, 0.401]",0.4815797970338056,markovian
116,"(0.201, 0.401]",0.45705492792214375,markovian
117,"(0.6, 0.8]",0.39574901853674144,markovian
118,"(0.8, 1.0]",0.1643323651189146,markovian
119,"(0.8, 1.0]",0.15133196584938596,markovian
142,"(1e-06, 0.201]",0.6509447966406405,markovian
143,"(1e-06, 0.201]",0.6361765142280661,markovian
144,"(0.201, 0.401]",0.02529405165458773,markovian
145,"(0.201, 0.401]",0.050817837020339506,markovian
146,"(0.401, 0.6]",0.023558941554450673,markovian
147,"(0.6, 0.8]",0.017859604312556614,markovian
148,"(0.8, 1.0]",0.06958396610901332,markovian
149,"(0.8, 1.0]",0.019436949285441697,markovian
162,"(1e-06, 0.201]",0.666279248153369,quasi-markovian
163,"(1e-06, 0.201]",0.6655455676031244,quasi-markovian
164,"(1e-06, 0.201]",0.6531540904013932,quasi-markovian
165,"(1e-06, 0.201]",0.6576092493758929,quasi-markovian
166,"(1e-06, 0.201]",0.6576092493758929,quasi-markovian
167,"(0.8, 1.0]",0.6292437817226512,quasi-markovian
168,"(0.8, 1.0]",0.0677778206632756,quasi-markovian
169,"(0.8, 1.0]",0.0677778206632756,quasi-markovian
172,"(1e-06, 0.201]",0.7054891869040937,quasi-markovian
173,"(1e-06, 0.201]",0.7042714020610701,quasi-markovian
174,"(0.201, 0.401]",0.6583794500904087,quasi-markovian
175,"(0.201, 0.401]",0.6404425832885572,quasi-markovian
176,"(0.201, 0.401]",0.2584127615135598,quasi-markovian
177,"(0.201, 0.401]",0.1936440801755142,quasi-markovian
178,"(0.8, 1.0]",0.014347960369443075,quasi-markovian
179,"(0.8, 1.0]",0.015926691501107055,quasi-markovian
192,"(1e-06, 0.201]",0.33509889612423865,markovian
193,"(1e-06, 0.201]",0.29292420713012174,markovian
194,"(0.401, 0.6]",0.2886877156830849,markovian
195,"(0.401, 0.6]",0.28442248401255865,markovian
196,"(0.6, 0.8]",0.22350464448714003,markovian
197,"(0.6, 0.8]",0.1128300731528498,markovian
198,"(0.8, 1.0]",0.1078666157702955,markovian
199,"(0.8, 1.0]",0.10786661577029599,markovian
212,"(0.201, 0.401]",0.6232491890005546,markovian
213,"(0.401, 0.6]",0.6247447898747992,markovian
214,"(0.401, 0.6]",0.6159204760965028,markovian
215,"(0.8, 1.0]",0.5053359693644925,markovian
216,"(0.8, 1.0]",0.6787994923760873,markovian
217,"(0.8, 1.0]",0.6776851706474598,markovian
218,"(0.8, 1.0]",0.15071073473606514,markovian
219,"(0.8, 1.0]",0.15071073473606514,markovian
222,"(1e-06, 0.201]",0.4748803272542863,markovian
223,"(0.201, 0.401]",0.46807623109730745,markovian
224,"(0.201, 0.401]",0.4268280763355186,markovian
225,"(0.401, 0.6]",0.493140854139808,markovian
226,"(0.401, 0.6]",0.4890142463283638,markovian
227,"(0.6, 0.8]",0.11682250023549542,markovian
228,"(0.8, 1.0]",0.040202307049860955,markovian
229,"(0.8, 1.0]",0.01769601200983536,markovian
242,"(0.201, 0.401]",0.23924066272888775,markovian
243,"(0.401, 0.6]",0.002998139147836188,markovian
244,"(0.401, 0.6]",0.0015087846114213547,markovian
245,"(0.401, 0.6]",0.0016908711429174446,markovian
246,"(0.6, 0.8]",0.004966815970634991,markovian
247,"(0.6, 0.8]",0.006510194978714104,markovian
248,"(0.8, 1.0]",0.006510194978714104,markovian
249,"(0.8, 1.0]",0.006510194978713755,markovian
252,"(1e-06, 0.201]",0.5170089229256903,quasi-markovian
253,"(1e-06, 0.201]",0.4911085198194217,quasi-markovian
254,"(0.8, 1.0]",0.5113830179813219,quasi-markovian
255,"(0.8, 1.0]",0.469021115246541,quasi-markovian
256,"(0.8, 1.0]",0.469021115246541,quasi-markovian
257,"(0.8, 1.0]",0.469021115246541,quasi-markovian
258,"(0.8, 1.0]",0.4703391952927255,quasi-markovian
259,"(0.8, 1.0]",0.4703391952927255,quasi-markovian
262,"(1e-06, 0.201]",0.5993584574583894,markovian
263,"(1e-06, 0.201]",0.5977070120914355,markovian
264,"(1e-06, 0.201]",0.6097330777627168,markovian
265,"(1e-06, 0.201]",0.686847204832223,markovian
266,"(0.201, 0.401]",0.9305604852605069,markovian
267,"(0.6, 0.8]",0.7599869318952414,markovian
268,"(0.6, 0.8]",0.4854291120127539,markovian
269,"(0.8, 1.0]",0.5211585666085339,markovian
272,"(0.401, 0.6]",0.6288305569289845,markovian
273,"(0.401, 0.6]",0.45879297302543076,markovian
274,"(0.401, 0.6]",0.13274290354409968,markovian
275,"(0.8, 1.0]",0.12788809491543218,markovian
276,"(0.8, 1.0]",0.2634347723019633,markovian
277,"(0.8, 1.0]",0.07601245281414146,markovian
278,"(0.8, 1.0]",0.08277852819136537,markovian
279,"(0.8, 1.0]",0.08430291477075624,markovian
312,"(1e-06, 0.201]",0.6158484356874264,quasi-markovian
313,"(1e-06, 0.201]",0.5729974946128396,quasi-markovian
314,"(1e-06, 0.201]",0.573820829047947,quasi-markovian
315,"(0.201, 0.401]",0.5883948337267764,quasi-markovian
316,"(0.201, 0.401]",0.591413010055713,quasi-markovian
317,"(0.8, 1.0]",3.365924011722161e-05,quasi-markovian
318,"(0.8, 1.0]",3.365924011722161e-05,quasi-markovian
319,"(0.8, 1.0]",3.365924011722161e-05,quasi-markovian
332,"(1e-06, 0.201]",0.3973563002618668,markovian
333,"(0.401, 0.6]",0.39802663012192036,markovian
334,"(0.401, 0.6]",0.4106143823889757,markovian
335,"(0.401, 0.6]",0.409000819101176,markovian
336,"(0.401, 0.6]",0.4019933893321362,markovian
337,"(0.401, 0.6]",0.47670524507802386,markovian
338,"(0.8, 1.0]",0.4302104735488378,markovian
339,"(0.8, 1.0]",0.01796302613251861,markovian
342,"(1e-06, 0.201]",0.42643222310779705,quasi-markovian
343,"(0.401, 0.6]",0.22232497352270833,quasi-markovian
344,"(0.401, 0.6]",0.15679487333399117,quasi-markovian
345,"(0.6, 0.8]",0.24177111591215092,quasi-markovian
346,"(0.6, 0.8]",0.03367698412429952,quasi-markovian
347,"(0.8, 1.0]",0.0024134148971063107,quasi-markovian
348,"(0.8, 1.0]",0.004516282714206101,quasi-markovian
349,"(0.8, 1.0]",0.003188166446871339,quasi-markovian
352,"(1e-06, 0.201]",0.47074170409451666,markovian
353,"(1e-06, 0.201]",0.4659989061929063,markovian
354,"(0.401, 0.6]",0.4746790958382677,markovian
355,"(0.401, 0.6]",0.45336579614173433,markovian
356,"(0.6, 0.8]",0.45171373697755124,markovian
357,"(0.6, 0.8]",0.3702936358181484,markovian
358,"(0.8, 1.0]",0.0704439540067769,markovian
359,"(0.8, 1.0]",0.0704439540067769,markovian
362,"(1e-06, 0.201]",0.7041072966048162,quasi-markovian
363,"(1e-06, 0.201]",0.7041943262164018,quasi-markovian
364,"(1e-06, 0.201]",0.7046368449437914,quasi-markovian
365,"(0.401, 0.6]",0.44014997796339017,quasi-markovian
366,"(0.8, 1.0]",0.511796357297423,quasi-markovian
367,"(0.8, 1.0]",0.43187940811253667,quasi-markovian
368,"(0.8, 1.0]",5.654501687892274e-05,quasi-markovian
369,"(0.8, 1.0]",5.655312910882472e-05,quasi-markovian
382,"(1e-06, 0.201]",1.2954499282765612,markovian
383,"(0.201, 0.401]",1.289131007530227,markovian
384,"(0.201, 0.401]",1.0804520162084463,markovian
385,"(0.6, 0.8]",0.6730257612634907,markovian
386,"(0.6, 0.8]",1.2553932580173535,markovian
387,"(0.6, 0.8]",0.794675580514297,markovian
388,"(0.8, 1.0]",0.09413123388458301,markovian
389,"(0.8, 1.0]",0.09743158988663966,markovian
392,"(1e-06, 0.201]",0.3318048092000417,quasi-markovian
393,"(1e-06, 0.201]",0.26345226368352836,quasi-markovian
394,"(1e-06, 0.201]",0.2641665080763179,quasi-markovian
395,"(1e-06, 0.201]",0.31866284850075927,quasi-markovian
396,"(0.401, 0.6]",0.308557319435275,quasi-markovian
397,"(0.6, 0.8]",0.0070654869238468004,quasi-markovian
398,"(0.8, 1.0]",0.0003382642563867836,quasi-markovian
399,"(0.8, 1.0]",0.00036245621969573463,quasi-markovian
402,"(1e-06, 0.201]",0.5229713822976841,markovian
403,"(0.201, 0.401]",0.5304475344356003,markovian
404,"(0.201, 0.401]",0.4874610443949576,markovian
405,"(0.401, 0.6]",0.5501272997651847,markovian
406,"(0.401, 0.6]",0.5063319475068787,markovian
407,"(0.6, 0.8]",0.47558668944087557,markovian
408,"(0.8, 1.0]",0.26364462299980085,markovian
409,"(0.8, 1.0]",0.26580364722339456,markovian
422,"(1e-06, 0.201]",0.6578070832799541,markovian
423,"(1e-06, 0.201]",0.6600695368489149,markovian
424,"(1e-06, 0.201]",0.6597817291384165,markovian
425,"(1e-06, 0.201]",0.6774934764551342,markovian
426,"(0.8, 1.0]",0.10102553576501383,markovian
427,"(0.8, 1.0]",0.05867576135906143,markovian
428,"(0.8, 1.0]",0.059262584174084684,markovian
429,"(0.8, 1.0]",0.09567239663746681,markovian
442,"(1e-06, 0.201]",0.5696187317076096,markovian
443,"(0.201, 0.401]",0.5042278882631729,markovian
444,"(0.201, 0.401]",0.103983978125281,markovian
445,"(0.401, 0.6]",0.14789229447662752,markovian
446,"(0.401, 0.6]",0.21152802947403465,markovian
447,"(0.8, 1.0]",0.2078268609709704,markovian
448,"(0.8, 1.0]",0.12932320993625548,markovian
449,"(0.8, 1.0]",0.11365612081616885,markovian
452,"(1e-06, 0.201]",0.46109578620113284,markovian
453,"(1e-06, 0.201]",0.4631231532444478,markovian
454,"(1e-06, 0.201]",0.4761218497228782,markovian
455,"(1e-06, 0.201]",0.4819768620173081,markovian
456,"(0.201, 0.401]",0.5031532784898634,markovian
457,"(0.401, 0.6]",0.009227926324575877,markovian
458,"(0.8, 1.0]",0.02393684680209175,markovian
459,"(0.8, 1.0]",0.02358354690344179,markovian
462,"(1e-06, 0.201]",0.3127612143653334,quasi-markovian
463,"(0.201, 0.401]",0.3118153406030259,quasi-markovian
464,"(0.401, 0.6]",0.2878319330826116,quasi-markovian
465,"(0.401, 0.6]",0.18634395744105708,quasi-markovian
466,"(0.6, 0.8]",0.08047060964335051,quasi-markovian
467,"(0.6, 0.8]",0.06769762003097124,quasi-markovian
468,"(0.8, 1.0]",0.07136516301304824,quasi-markovian
469,"(0.8, 1.0]",0.08481255383607918,quasi-markovian
482,"(0.201, 0.401]",0.7064062725384573,quasi-markovian
483,"(0.201, 0.401]",0.7063893812596842,quasi-markovian
484,"(0.401, 0.6]",0.6968625869328791,quasi-markovian
485,"(0.8, 1.0]",0.6468090596625468,quasi-markovian
486,"(0.8, 1.0]",0.2348387921134281,quasi-markovian
487,"(0.8, 1.0]",0.23418348424892402,quasi-markovian
488,"(0.8, 1.0]",0.23315319269481138,quasi-markovian
489,"(0.8, 1.0]",0.23041101001088948,quasi-markovian
502,"(0.201, 0.401]",0.1473363951187002,markovian
503,"(0.201, 0.401]",0.46599041951377945,markovian
504,"(0.401, 0.6]",0.4432466794966582,markovian
505,"(0.6, 0.8]",0.4762103480491626,markovian
506,"(0.6, 0.8]",0.5174615911462548,markovian
507,"(0.8, 1.0]",0.454448357890888,markovian
508,"(0.8, 1.0]",0.44003628582911913,markovian
509,"(0.8, 1.0]",0.4706062195264075,markovian
522,"(1e-06, 0.201]",0.6780098429420778,markovian
523,"(0.401, 0.6]",0.6486866784566745,markovian
524,"(0.6, 0.8]",0.6313437843525941,markovian
525,"(0.6, 0.8]",0.33121392327485666,markovian
526,"(0.6, 0.8]",0.314892385939917,markovian
527,"(0.6, 0.8]",0.2928438504165783,markovian
528,"(0.8, 1.0]",0.0066621192390969985,markovian
529,"(0.8, 1.0]",0.07680142696673557,markovian
532,"(1e-06, 0.201]",0.5617365381585073,quasi-markovian
533,"(1e-06, 0.201]",0.5631121187000995,quasi-markovian
534,"(1e-06, 0.201]",0.17502674094056217,quasi-markovian
535,"(0.6, 0.8]",0.1566128134146773,quasi-markovian
536,"(0.6, 0.8]",0.15998584083432066,quasi-markovian
537,"(0.6, 0.8]",0.02997206002549214,quasi-markovian
538,"(0.8, 1.0]",0.009109615354034008,quasi-markovian
539,"(0.8, 1.0]",0.05275860910910708,quasi-markovian
572,"(1e-06, 0.201]",0.5441809834423972,markovian
573,"(1e-06, 0.201]",0.5354449633167555,markovian
574,"(1e-06, 0.201]",0.47476053955932046,markovian
575,"(1e-06, 0.201]",0.40565031339340335,markovian
576,"(0.201, 0.401]",0.449707405456374,markovian
577,"(0.6, 0.8]",0.37336195320469817,markovian
578,"(0.6, 0.8]",0.05888558076903459,markovian
579,"(0.8, 1.0]",0.05604171942436708,markovian
592,"(1e-06, 0.201]",0.6129456689589292,markovian
593,"(1e-06, 0.201]",0.6126719661463746,markovian
594,"(1e-06, 0.201]",0.6140579596783788,markovian
595,"(1e-06, 0.201]",0.5758991536722367,markovian
596,"(0.8, 1.0]",0.04185765876598192,markovian
597,"(0.8, 1.0]",0.033518661457597125,markovian
598,"(0.8, 1.0]",0.037764419968960516,markovian
599,"(0.8, 1.0]",0.041830642663365065,markovian
622,"(1e-06, 0.201]",0.39002947901643875,quasi-markovian
623,"(1e-06, 0.201]",0.39002947901643875,quasi-markovian
624,"(0.201, 0.401]",0.403217596545481,quasi-markovian
625,"(0.201, 0.401]",0.40328051510274915,quasi-markovian
626,"(0.401, 0.6]",0.33366815965690405,quasi-markovian
627,"(0.401, 0.6]",0.37408535174517055,quasi-markovian
628,"(0.6, 0.8]",0.27684255889797865,quasi-markovian
629,"(0.8, 1.0]",0.2713811918699155,quasi-markovian
642,"(0.201, 0.401]",0.045804090735531815,markovian
643,"(0.8, 1.0]",0.06731323667455327,markovian
644,"(0.8, 1.0]",0.056025818268369346,markovian
645,"(0.8, 1.0]",0.04898615305944256,markovian
646,"(0.8, 1.0]",0.008124501057159294,markovian
647,"(0.8, 1.0]",0.0570861175158823,markovian
648,"(0.8, 1.0]",0.01875512864385712,markovian
649,"(0.8, 1.0]",0.021955818911379214,markovian
652,"(1e-06, 0.201]",0.5718784943227431,quasi-markovian
653,"(1e-06, 0.201]",0.567213085285387,quasi-markovian
654,"(0.201, 0.401]",0.5223973069404089,quasi-markovian
655,"(0.401, 0.6]",0.5307471159929094,quasi-markovian
656,"(0.401, 0.6]",0.46014873995606337,quasi-markovian
657,"(0.6, 0.8]",0.15963310635827266,quasi-markovian
658,"(0.6, 0.8]",0.052159560600785,quasi-markovian
659,"(0.8, 1.0]",0.033255924220936775,quasi-markovian
672,"(1e-06, 0.201]",0.4255126889610768,markovian
673,"(1e-06, 0.201]",0.41865122796544446,markovian
674,"(1e-06, 0.201]",0.2660649113394691,markovian
675,"(0.201, 0.401]",0.26740439981431313,markovian
676,"(0.401, 0.6]",0.023712704745356566,markovian
677,"(0.6, 0.8]",0.02450928280849827,markovian
678,"(0.6, 0.8]",0.017521558747145418,markovian
679,"(0.8, 1.0]",0.0004368576026790349,markovian
682,"(1e-06, 0.201]",0.7025808097583782,quasi-markovian
683,"(1e-06, 0.201]",0.7025105482520079,quasi-markovian
684,"(1e-06, 0.201]",0.7026399388717992,quasi-markovian
685,"(0.201, 0.401]",0.6785467968531377,quasi-markovian
686,"(0.8, 1.0]",0.05410487375701373,quasi-markovian
687,"(0.8, 1.0]",0.05410487375701373,quasi-markovian
688,"(0.8, 1.0]",0.014490633448869594,quasi-markovian
689,"(0.8, 1.0]",0.014490633448869594,quasi-markovian
692,"(1e-06, 0.201]",0.23978659704847574,markovian
693,"(0.401, 0.6]",0.10519454678565923,markovian
694,"(0.401, 0.6]",0.1630486363132082,markovian
695,"(0.401, 0.6]",0.15065126382198007,markovian
696,"(0.401, 0.6]",0.10073517585720074,markovian
697,"(0.401, 0.6]",0.14620098759898578,markovian
698,"(0.8, 1.0]",0.08565097008352002,markovian
699,"(0.8, 1.0]",0.17327526014195793,markovian
712,"(1e-06, 0.201]",0.3943220877710616,markovian
713,"(1e-06, 0.201]",0.3749686445865296,markovian
714,"(0.201, 0.401]",0.33069381368002276,markovian
715,"(0.201, 0.401]",0.3776513571400841,markovian
716,"(0.401, 0.6]",0.3180922963584082,markovian
717,"(0.6, 0.8]",0.3294423143816504,markovian
718,"(0.6, 0.8]",0.03006624883514704,markovian
719,"(0.8, 1.0]",0.013239016239563056,markovian
722,"(1e-06, 0.201]",0.5472256524549552,quasi-markovian
723,"(1e-06, 0.201]",0.5639047123130662,quasi-markovian
724,"(0.201, 0.401]",0.5875396896004967,quasi-markovian
725,"(0.6, 0.8]",0.5438512620970766,quasi-markovian
726,"(0.6, 0.8]",0.083372455574278,quasi-markovian
727,"(0.6, 0.8]",0.04914970578362175,quasi-markovian
728,"(0.8, 1.0]",0.13934386787048766,quasi-markovian
729,"(0.8, 1.0]",0.13519436452382896,quasi-markovian
732,"(1e-06, 0.201]",0.22169784501005574,markovian
733,"(0.401, 0.6]",0.15616673326562197,markovian
734,"(0.6, 0.8]",0.11952591182120029,markovian
735,"(0.6, 0.8]",0.1101464178976976,markovian
736,"(0.8, 1.0]",0.07826030451753815,markovian
737,"(0.8, 1.0]",0.07702909758542632,markovian
738,"(0.8, 1.0]",0.06795496106584281,markovian
739,"(0.8, 1.0]",0.06795496106584262,markovian
752,"(1e-06, 0.201]",0.5482852536282996,quasi-markovian
753,"(1e-06, 0.201]",0.5825266376019164,quasi-markovian
754,"(0.401, 0.6]",0.627516741159689,quasi-markovian
755,"(0.401, 0.6]",0.6314762939081379,quasi-markovian
756,"(0.401, 0.6]",0.6284189628755081,quasi-markovian
757,"(0.6, 0.8]",0.5062301540922471,quasi-markovian
758,"(0.8, 1.0]",0.3630220465991585,quasi-markovian
759,"(0.8, 1.0]",0.3643766278521237,quasi-markovian
772,"(1e-06, 0.201]",0.5509869076863458,markovian
773,"(1e-06, 0.201]",0.30719814205417223,markovian
774,"(1e-06, 0.201]",0.23797105663472437,markovian
775,"(1e-06, 0.201]",0.09861061186906836,markovian
776,"(0.201, 0.401]",0.02719304437621359,markovian
777,"(0.201, 0.401]",0.02945424808885334,markovian
778,"(0.401, 0.6]",0.030483334562657845,markovian
779,"(0.8, 1.0]",0.001095020044461831,markovian
782,"(1e-06, 0.201]",0.411589287689032,quasi-markovian
783,"(1e-06, 0.201]",0.3916053398624029,quasi-markovian
784,"(0.201, 0.401]",0.3761795483181083,quasi-markovian
785,"(0.201, 0.401]",0.48396491778852946,quasi-markovian
786,"(0.201, 0.401]",0.538459847419674,quasi-markovian
787,"(0.6, 0.8]",0.39381342246222495,quasi-markovian
788,"(0.8, 1.0]",0.05305530668632263,quasi-markovian
789,"(0.8, 1.0]",0.03825049821672405,quasi-markovian
792,"(1e-06, 0.201]",0.31713329124075224,markovian
793,"(0.401, 0.6]",0.3225614237230618,markovian
794,"(0.401, 0.6]",0.3351538492867141,markovian
795,"(0.401, 0.6]",0.3095197335198483,markovian
796,"(0.401, 0.6]",0.3094115789091472,markovian
797,"(0.401, 0.6]",0.31467767454120654,markovian
798,"(0.8, 1.0]",0.3154887359897549,markovian
799,"(0.8, 1.0]",0.011579410098601809,markovian
802,"(0.401, 0.6]",0.4237134075061495,quasi-markovian
803,"(0.6, 0.8]",0.39541607104672366,quasi-markovian
804,"(0.6, 0.8]",0.39534017928193077,quasi-markovian
805,"(0.8, 1.0]",0.39049484450396876,quasi-markovian
806,"(0.8, 1.0]",0.21981963177678762,quasi-markovian
807,"(0.8, 1.0]",0.10666933002466732,quasi-markovian
808,"(0.8, 1.0]",0.018718392172919252,quasi-markovian
809,"(0.8, 1.0]",0.018366777256979418,quasi-markovian
822,"(1e-06, 0.201]",0.6412084886417678,markovian
823,"(0.201, 0.401]",0.6288114216225966,markovian
824,"(0.201, 0.401]",0.6243090603392929,markovian
825,"(0.401, 0.6]",0.5805414646156188,markovian
826,"(0.401, 0.6]",0.41329375751745406,markovian
827,"(0.401, 0.6]",1.2102207815188049,markovian
828,"(0.6, 0.8]",0.6676200429390097,markovian
829,"(0.8, 1.0]",0.16832187494435918,markovian
832,"(1e-06, 0.201]",0.4176043598396376,quasi-markovian
833,"(0.6, 0.8]",0.4867375655838924,quasi-markovian
834,"(0.6, 0.8]",0.5207234891881725,quasi-markovian
835,"(0.6, 0.8]",0.4679815195948943,quasi-markovian
836,"(0.8, 1.0]",0.04057631475094554,quasi-markovian
837,"(0.8, 1.0]",0.002330596172761847,quasi-markovian
838,"(0.8, 1.0]",0.03445299201473434,quasi-markovian
839,"(0.8, 1.0]",0.031146793582307753,quasi-markovian
842,"(1e-06, 0.201]",0.6086256554626347,markovian
843,"(1e-06, 0.201]",0.5781316065357371,markovian
844,"(1e-06, 0.201]",0.5039076522501436,markovian
845,"(0.201, 0.401]",0.4687336580320281,markovian
846,"(0.6, 0.8]",0.28418466142864973,markovian
847,"(0.8, 1.0]",0.41749554159010765,markovian
848,"(0.8, 1.0]",0.08147172168504625,markovian
849,"(0.8, 1.0]",0.10706146943548671,markovian
852,"(1e-06, 0.201]",0.6196664630399916,markovian
853,"(1e-06, 0.201]",0.5825778725018143,markovian
854,"(1e-06, 0.201]",0.4283401687204098,markovian
855,"(1e-06, 0.201]",0.479169404011547,markovian
856,"(0.201, 0.401]",0.35423312643749794,markovian
857,"(0.401, 0.6]",0.17639276273612647,markovian
858,"(0.8, 1.0]",0.21158398390408775,markovian
859,"(0.8, 1.0]",0.05160926411374744,markovian
862,"(1e-06, 0.201]",0.5212195333670946,quasi-markovian
863,"(1e-06, 0.201]",0.4964294262992688,quasi-markovian
864,"(0.8, 1.0]",0.5219257526991289,quasi-markovian
865,"(0.8, 1.0]",0.48180069923674507,quasi-markovian
866,"(0.8, 1.0]",0.48180069923674507,quasi-markovian
867,"(0.8, 1.0]",0.48180069923674507,quasi-markovian
868,"(0.8, 1.0]",0.481704860314412,quasi-markovian
869,"(0.8, 1.0]",0.481704860314412,quasi-markovian
872,"(1e-06, 0.201]",0.6815418391306961,quasi-markovian
873,"(1e-06, 0.201]",0.6536918943200358,quasi-markovian
874,"(1e-06, 0.201]",0.5071812836705972,quasi-markovian
875,"(0.6, 0.8]",0.6499215449534551,quasi-markovian
876,"(0.6, 0.8]",0.6635584727840447,quasi-markovian
877,"(0.6, 0.8]",0.6635584727840447,quasi-markovian
878,"(0.6, 0.8]",0.00750139420195942,quasi-markovian
879,"(0.8, 1.0]",0.007350836292559091,quasi-markovian
902,"(0.201, 0.401]",0.6117146184306819,markovian
903,"(0.401, 0.6]",0.6078403932092346,markovian
904,"(0.401, 0.6]",0.5965219839493386,markovian
905,"(0.8, 1.0]",0.4294198779703143,markovian
906,"(0.8, 1.0]",0.48481688418079905,markovian
907,"(0.8, 1.0]",0.522805414655567,markovian
908,"(0.8, 1.0]",0.1188789949245124,markovian
909,"(0.8, 1.0]",0.1188789949245124,markovian
942,"(1e-06, 0.201]",0.48279505922580246,markovian
943,"(1e-06, 0.201]",0.4988408855018926,markovian
944,"(1e-06, 0.201]",0.5203084317443479,markovian
945,"(1e-06, 0.201]",0.46222784161678565,markovian
946,"(1e-06, 0.201]",0.32770445278787863,markovian
947,"(1e-06, 0.201]",0.04142734378598453,markovian
948,"(0.8, 1.0]",0.07860392730524751,markovian
949,"(0.8, 1.0]",0.005955849166884673,markovian
0,"(1.0, 1.0]",0.23723910128473674,markovian
10,"(1.0, 1.0]",0.5072946361186883,markovian
20,"(1.0, 1.0]",0.5246917018479356,quasi-markovian
30,"(1.0, 1.0]",0.0007501454075911755,quasi-markovian
40,"(1.0, 1.0]",0.529359056905708,quasi-markovian
50,"(1.0, 1.0]",0.18506198172963853,markovian
60,"(1.0, 1.0]",0.01078231455614183,markovian
70,"(1.0, 1.0]",0.0022170940694752612,quasi-markovian
80,"(1.0, 1.0]",0.007306699313863728,quasi-markovian
90,"(1.0, 1.0]",0.0016951687775641376,quasi-markovian
110,"(1.0, 1.0]",0.043942497406111114,markovian
140,"(1.0, 1.0]",0.07601234228401385,markovian
150,"(1.0, 1.0]",0.6256004704837997,markovian
160,"(1.0, 1.0]",0.03399590127269356,quasi-markovian
170,"(1.0, 1.0]",0.009354394455458123,quasi-markovian
190,"(1.0, 1.0]",0.13171644676476646,markovian
200,"(1.0, 1.0]",0.6145014146715719,quasi-markovian
210,"(1.0, 1.0]",0.15086927603471886,markovian
220,"(1.0, 1.0]",0.05323513971344539,markovian
240,"(1.0, 1.0]",0.0013137015198538729,markovian
250,"(1.0, 1.0]",0.48242638669441,quasi-markovian
260,"(1.0, 1.0]",0.513753200044839,markovian
270,"(1.0, 1.0]",0.07418796667065224,markovian
300,"(1.0, 1.0]",0.5024316286333953,quasi-markovian
310,"(1.0, 1.0]",3.3743082236420824e-05,quasi-markovian
330,"(1.0, 1.0]",0.012242729271459205,markovian
340,"(1.0, 1.0]",0.0022885021891045146,quasi-markovian
350,"(1.0, 1.0]",0.07484159219906092,markovian
360,"(1.0, 1.0]",7.817337023049124e-05,quasi-markovian
380,"(1.0, 1.0]",0.026969112525091286,markovian
390,"(1.0, 1.0]",0.004731422408866799,quasi-markovian
400,"(1.0, 1.0]",0.27269113445912796,markovian
420,"(1.0, 1.0]",0.11246650838144279,markovian
440,"(1.0, 1.0]",0.09905830010541086,markovian
450,"(1.0, 1.0]",0.06365520385846637,markovian
460,"(1.0, 1.0]",0.09615500309527356,quasi-markovian
480,"(1.0, 1.0]",0.2114123466037137,quasi-markovian
490,"(1.0, 1.0]",0.7063299551090404,quasi-markovian
500,"(1.0, 1.0]",0.5081836783187746,markovian
510,"(1.0, 1.0]",0.8034429199171768,quasi-markovian
520,"(1.0, 1.0]",0.07680142696673557,markovian
530,"(1.0, 1.0]",0.010126164298309998,quasi-markovian
570,"(1.0, 1.0]",0.03852432283474133,markovian
590,"(1.0, 1.0]",0.08540128700977564,markovian
620,"(1.0, 1.0]",0.27138754328987563,quasi-markovian
640,"(1.0, 1.0]",0.06551470366560214,markovian
650,"(1.0, 1.0]",0.0464825575157982,quasi-markovian
670,"(1.0, 1.0]",0.010056285778914672,markovian
680,"(1.0, 1.0]",0.04817973443750808,quasi-markovian
690,"(1.0, 1.0]",0.097957990839341,markovian
700,"(1.0, 1.0]",0.5477470418441038,quasi-markovian
710,"(1.0, 1.0]",0.0047749054796122166,markovian
720,"(1.0, 1.0]",0.14636055101577156,quasi-markovian
730,"(1.0, 1.0]",0.1332346051295087,markovian
740,"(1.0, 1.0]",0.6361556956058589,quasi-markovian
750,"(1.0, 1.0]",0.010528434862454734,quasi-markovian
770,"(1.0, 1.0]",0.016683310362099166,markovian
780,"(1.0, 1.0]",0.0077027962532137725,quasi-markovian
790,"(1.0, 1.0]",0.02928999938586814,markovian
800,"(1.0, 1.0]",0.03671010988288628,quasi-markovian
810,"(1.0, 1.0]",0.5326443905669613,markovian
820,"(1.0, 1.0]",0.1321489344952332,markovian
830,"(1.0, 1.0]",0.04614676936351822,quasi-markovian
840,"(1.0, 1.0]",0.12237475261636477,markovian
850,"(1.0, 1.0]",0.047867503496037044,markovian
860,"(1.0, 1.0]",0.4807116634218443,quasi-markovian
870,"(1.0, 1.0]",0.002503791282842764,quasi-markovian
880,"(1.0, 1.0]",0.5900505131359512,markovian
890,"(1.0, 1.0]",0.6470339334749514,quasi-markovian
900,"(1.0, 1.0]",0.1415822420643981,markovian
910,"(1.0, 1.0]",0.5587958592198109,quasi-markovian
940,"(1.0, 1.0]",0.026042470909269963,markovian
