,21,20,19,18,17,12,11,10,9,8,4,3,2,1,0
0,0,0,0,1,1,0,1,1,1,0,0,1,0,0,0
1,0,0,1,1,1,0,0,1,1,0,0,0,0,0,0
2,0,0,0,1,1,0,1,1,1,0,0,1,1,0,0
3,0,1,1,0,0,1,0,1,0,0,0,0,0,0,0
4,1,1,1,0,0,1,0,1,1,0,0,1,0,0,0
5,0,0,0,1,1,0,1,1,1,0,0,1,0,0,0
6,0,0,0,1,1,0,0,1,1,0,0,1,0,0,0
7,0,1,1,0,0,1,0,1,1,0,0,1,0,0,0
8,1,0,1,1,1,0,0,1,0,0,0,1,0,0,0
9,1,0,0,1,1,1,0,1,1,0,0,0,0,1,1
10,1,1,1,0,0,1,0,1,0,1,1,1,0,0,0
11,1,1,1,0,0,1,0,1,1,0,0,1,0,0,0
12,0,1,1,0,0,1,0,1,0,0,0,1,1,0,0
13,0,1,1,0,0,1,0,1,1,0,0,1,0,0,0
14,0,0,0,1,1,0,0,1,0,0,0,1,1,0,0
15,0,0,0,0,0,1,0,1,0,0,0,0,0,0,0
16,0,0,0,1,1,0,1,0,0,1,1,1,0,0,0
17,0,1,1,0,0,1,0,1,0,0,0,1,0,0,0
18,1,0,1,1,1,0,1,1,0,0,0,0,0,0,0
19,0,0,0,1,1,0,0,1,1,0,0,1,0,0,0
20,1,0,0,1,1,0,0,1,1,0,0,1,0,0,0
21,1,1,1,0,0,1,0,1,0,0,0,0,0,0,0
22,1,0,0,1,1,1,0,1,0,0,0,0,0,0,0
23,1,1,1,0,0,1,0,1,1,0,0,1,0,0,0
24,0,1,1,0,0,1,0,1,1,0,0,0,0,0,0
25,0,1,1,0,0,1,0,1,1,0,0,1,0,0,0
26,1,1,1,0,0,1,0,1,1,0,0,1,0,0,0
27,0,1,1,0,0,1,0,1,1,0,0,0,0,0,0
28,1,1,1,0,0,1,0,1,1,0,0,0,0,0,0
29,1,1,1,0,0,1,0,1,0,0,0,1,1,0,0
30,0,0,1,0,0,1,0,1,1,0,0,0,0,0,0
31,0,0,1,0,0,1,0,1,0,0,0,1,0,0,0
32,0,0,0,1,1,1,0,0,0,0,1,1,0,0,0
33,1,0,1,1,1,0,1,1,1,0,0,0,0,0,0
34,1,0,0,1,1,1,0,1,0,0,0,1,0,0,0
35,1,0,1,0,0,1,0,1,1,0,0,0,0,0,0
36,0,1,1,0,0,1,0,1,1,0,0,1,0,0,0
37,1,1,1,0,0,1,0,1,0,0,0,0,0,0,0
38,1,0,0,1,1,0,1,1,0,0,0,1,0,0,0
39,1,0,0,1,1,0,1,1,0,0,0,1,1,0,0
40,1,1,1,0,0,1,0,1,1,0,0,1,0,0,0
41,1,0,1,1,1,0,0,1,1,0,0,1,0,0,0
42,0,0,0,1,1,1,0,1,1,0,0,1,0,0,0
43,0,1,1,0,0,1,0,0,0,0,0,1,0,0,0
44,1,0,1,0,0,1,0,1,0,0,0,0,0,0,0
45,0,1,1,0,0,1,0,1,0,0,0,1,0,0,0
46,0,1,1,0,1,0,1,1,1,0,0,0,0,0,0
47,1,0,1,0,0,1,0,1,0,0,0,0,0,0,0
48,1,1,1,0,0,1,0,1,1,0,0,0,0,0,0
49,1,0,0,0,0,1,0,1,1,0,0,1,0,0,0
50,1,1,1,0,0,1,0,1,1,0,0,1,1,0,0
51,1,0,0,1,1,0,1,0,0,1,1,1,0,0,0
52,0,0,1,1,1,0,1,1,1,0,0,1,1,0,0
53,0,1,1,0,0,1,0,1,0,0,1,1,0,1,1
54,1,0,1,0,0,1,0,1,1,0,0,1,0,0,0
55,1,1,1,0,0,1,0,1,0,0,0,1,0,0,0
56,1,1,1,0,0,1,0,0,0,1,1,1,0,0,0
57,1,1,1,0,0,1,0,1,1,0,0,0,0,0,0
58,1,1,1,0,0,1,0,1,1,0,0,1,0,0,0
59,0,1,1,0,0,0,1,1,1,0,0,1,0,0,0
60,0,0,0,1,1,0,1,1,1,1,1,1,1,0,0
61,1,0,0,1,1,0,1,1,0,0,0,0,0,0,0
62,1,0,0,1,1,0,0,1,0,0,0,1,1,0,0
63,1,0,0,1,1,0,1,1,0,0,0,0,0,0,0
64,0,1,1,0,0,1,0,1,0,0,0,1,0,0,0
65,1,1,1,1,1,0,1,0,0,0,0,1,0,0,0
66,0,1,1,0,0,1,0,1,0,0,0,0,0,0,0
67,1,1,1,0,0,1,0,1,0,0,0,1,1,0,0
68,1,1,1,1,1,0,1,1,1,0,0,1,1,1,1
69,0,0,0,1,1,0,1,1,1,0,0,1,0,0,0
70,0,1,1,0,0,1,0,1,1,0,0,1,0,0,0
71,0,1,1,0,0,1,0,1,1,0,0,0,0,0,0
72,1,0,0,1,1,1,0,1,0,0,0,1,0,0,0
73,0,0,0,1,1,0,1,1,0,0,0,1,0,0,0
74,0,0,1,1,1,0,0,1,1,0,0,1,0,0,0
75,0,0,1,1,1,0,1,1,0,0,0,0,0,0,0
76,1,0,1,1,1,0,1,1,0,0,0,0,0,0,0
77,0,1,1,0,0,1,0,1,0,0,0,1,1,0,0
78,1,0,0,1,1,0,1,1,1,0,0,0,0,0,0
79,1,0,0,1,1,0,1,0,0,1,1,1,0,0,0
80,0,1,1,0,0,1,0,1,0,0,0,1,1,0,0
81,0,1,1,0,0,1,0,0,0,1,1,1,1,0,0
82,0,0,0,0,0,1,0,1,0,0,0,0,0,0,0
83,1,1,1,0,0,1,0,1,0,0,0,1,0,0,0
84,0,1,1,0,0,1,0,1,1,0,0,0,0,0,0
85,1,0,0,1,1,0,0,1,0,0,0,0,0,0,0
86,0,1,1,0,1,0,1,1,0,0,0,0,0,0,0
87,1,1,1,1,1,0,0,1,1,0,1,1,0,0,0
88,1,0,1,1,1,0,1,1,1,0,0,1,0,0,0
89,0,0,0,1,1,0,1,1,1,0,0,1,0,0,0
90,1,1,1,0,0,1,0,1,0,0,0,0,0,1,1
91,1,1,1,0,0,1,0,1,1,0,0,0,0,1,1
92,0,1,1,0,0,1,0,1,1,0,0,1,1,0,0
93,0,0,0,1,1,0,1,0,1,0,0,1,0,0,0
94,0,1,1,0,0,1,0,1,1,0,0,0,0,0,0
95,1,1,1,0,1,0,1,1,0,0,0,1,0,0,0
96,0,0,1,0,0,1,0,1,1,0,0,1,0,0,0
97,1,0,0,1,1,0,1,1,1,0,0,1,1,0,0
98,0,0,1,0,0,1,0,1,1,0,0,0,0,0,0
99,1,0,0,0,0,1,0,1,0,0,0,1,0,0,0
100,1,0,0,1,1,0,0,1,0,0,0,0,0,0,0
101,1,0,1,0,0,1,0,1,0,0,0,0,0,0,0
102,0,1,1,0,0,1,0,1,0,0,0,0,0,0,0
103,0,1,1,0,0,1,0,1,1,0,0,1,1,0,0
104,0,0,0,1,1,0,1,1,1,0,0,0,0,0,0
105,0,1,1,0,0,1,0,1,0,0,0,0,0,0,0
106,0,1,1,0,0,1,0,1,1,0,0,1,0,0,1
107,0,0,0,1,1,0,1,1,1,0,0,1,0,0,0
108,0,0,0,1,1,1,0,1,1,0,0,1,0,0,0
109,0,1,1,0,0,1,0,1,1,0,0,0,0,0,0
110,0,1,0,1,1,0,1,1,1,0,0,1,0,0,0
111,1,0,1,0,0,1,0,1,1,0,0,1,1,0,0
112,0,0,1,1,1,1,0,1,0,0,0,1,0,0,0
113,1,0,1,0,0,1,0,1,1,0,0,1,1,0,0
114,0,0,1,0,0,1,0,1,1,1,1,1,0,0,0
115,1,0,0,0,0,1,0,1,1,0,0,1,0,0,0
116,1,1,1,0,0,1,0,1,0,0,0,1,0,0,0
117,1,0,1,1,1,0,0,1,1,0,0,1,1,0,0
118,1,0,0,1,1,1,0,1,1,0,0,1,0,0,0
119,1,1,1,0,0,1,0,1,1,0,0,1,0,1,1
120,0,0,0,1,1,0,0,1,0,0,0,0,1,0,0
121,0,0,1,1,1,0,0,1,0,0,0,0,0,0,0
122,1,0,0,1,1,0,0,1,0,0,0,0,0,0,0
123,0,0,0,1,1,0,0,1,0,0,0,1,1,0,0
124,0,1,1,0,0,1,0,1,0,0,0,0,0,0,0
125,1,1,1,0,0,1,0,1,0,0,1,1,0,0,0
126,1,0,1,1,1,0,0,1,1,0,0,1,0,0,0
127,1,1,1,0,0,1,0,1,1,0,0,0,0,0,0
128,0,0,0,1,1,0,1,1,0,0,0,0,0,0,0
129,0,0,0,1,1,0,0,1,1,0,0,1,0,0,0
130,0,1,1,0,0,1,0,1,1,0,0,0,0,0,0
131,1,1,1,0,0,1,0,1,0,0,0,1,0,0,0
132,0,0,0,1,1,0,1,1,0,0,0,0,0,0,0
133,1,0,0,1,1,0,0,1,1,0,0,0,0,0,0
134,1,0,0,0,0,1,0,1,1,0,0,0,0,0,0
135,0,0,0,1,1,0,1,0,0,0,0,0,0,0,0
136,1,0,0,1,1,1,0,1,1,0,0,0,0,0,0
137,1,0,0,0,1,1,0,0,0,1,1,1,0,0,1
138,0,1,0,1,1,0,1,1,1,0,0,1,0,0,0
139,0,0,0,1,1,0,1,1,0,0,0,1,0,0,0
140,0,0,0,1,1,0,1,1,1,0,0,0,0,0,0
141,1,0,0,1,1,0,0,1,0,0,1,1,0,1,1
142,1,0,0,1,1,1,0,1,1,0,0,1,0,0,0
143,0,0,0,1,1,0,1,1,1,0,0,1,0,0,0
144,0,0,0,1,1,0,1,1,1,0,0,0,0,0,0
145,1,1,1,0,0,1,0,1,0,0,0,1,0,0,0
146,1,0,1,0,0,1,0,1,0,0,0,1,0,0,0
147,0,1,1,0,0,1,0,1,0,0,0,0,0,0,0
148,0,1,1,0,0,1,0,1,1,0,0,1,0,0,0
149,1,0,0,1,1,0,1,1,0,0,0,1,1,0,0
150,1,0,0,1,1,0,0,1,1,0,0,1,0,0,0
151,1,0,0,1,1,0,0,1,1,0,0,1,0,0,0
152,0,0,0,1,1,0,1,1,0,0,0,1,0,0,0
153,1,0,0,1,1,0,0,1,1,0,1,1,0,0,0
154,0,0,1,0,0,1,0,1,1,0,0,0,0,0,0
155,1,0,0,1,1,0,1,1,1,0,0,1,1,0,0
156,1,1,1,0,0,1,0,1,0,0,0,1,1,0,0
157,0,0,1,0,0,1,0,1,1,0,0,1,0,0,0
158,1,0,1,1,1,0,1,1,1,0,0,0,0,0,0
159,0,0,1,0,0,1,0,1,0,0,0,1,0,0,0
160,1,0,0,1,1,0,1,1,1,0,0,1,0,0,0
161,0,1,1,0,0,1,0,1,0,0,0,1,0,0,0
162,1,0,0,0,0,1,0,1,1,0,0,0,0,0,0
163,0,1,1,0,0,1,0,1,1,0,0,1,0,0,0
164,1,1,0,1,1,0,0,1,1,0,0,1,1,0,0
165,0,0,0,1,1,0,1,1,0,0,0,0,0,0,0
166,0,1,1,0,0,1,0,1,0,0,0,0,0,0,0
167,0,1,1,0,0,1,0,1,1,0,0,1,1,0,0
168,1,0,0,1,1,0,0,1,1,0,0,1,0,0,0
169,0,0,0,1,1,0,0,1,1,0,0,1,1,0,0
170,0,0,1,1,1,1,0,1,1,0,0,1,0,0,0
171,0,1,1,0,0,1,0,1,0,0,0,0,0,0,0
172,0,0,0,0,0,0,0,1,1,0,1,1,0,0,0
173,0,0,0,1,1,0,1,1,0,0,0,0,0,0,0
174,1,1,1,1,1,0,1,0,0,1,1,1,0,0,0
175,1,0,0,1,1,0,1,1,0,0,0,0,0,0,0
176,1,0,0,1,1,0,1,1,1,1,1,1,0,0,1
177,1,0,0,1,1,0,0,1,1,0,0,1,1,0,0
178,1,1,1,0,0,1,0,1,0,0,0,1,1,0,0
179,0,1,1,1,1,0,0,1,1,0,0,1,1,0,0
180,0,0,0,1,1,0,0,1,0,0,0,1,0,0,0
181,0,0,0,1,1,1,0,1,0,0,0,0,0,0,0
182,1,1,1,0,0,1,0,1,1,0,0,1,0,0,0
183,0,1,1,0,0,1,0,1,1,0,0,1,0,0,0
184,0,0,0,0,0,1,0,1,1,0,0,1,1,0,0
185,0,1,1,0,0,1,0,1,1,0,0,1,1,0,0
186,1,1,1,0,0,1,0,0,0,1,1,1,1,0,0
187,1,1,0,0,0,1,0,1,0,0,0,0,0,0,0
188,0,0,0,1,1,0,1,1,0,0,0,0,0,0,0
189,0,0,0,1,1,0,1,1,0,0,0,1,0,0,0
190,1,0,0,1,1,0,0,1,1,0,0,1,1,0,0
191,1,0,0,1,1,1,0,1,1,0,0,1,0,0,0
192,1,1,1,0,0,1,0,1,1,0,0,1,1,0,0
193,0,1,1,0,0,1,0,1,1,0,0,1,0,0,0
194,0,1,1,0,0,1,0,1,1,1,1,1,0,0,0
195,0,1,1,0,0,1,0,1,1,0,0,1,0,0,0
196,1,0,0,1,1,0,1,1,0,0,0,0,0,0,0
197,0,0,1,1,1,0,1,1,1,0,0,0,1,0,0
198,1,0,1,0,0,1,0,1,1,0,0,0,0,0,0
199,1,1,1,0,0,1,0,1,1,0,0,0,0,0,0
200,0,0,0,1,1,0,1,1,0,0,0,1,0,0,0
201,0,0,1,1,1,0,1,1,1,0,0,1,0,0,0
202,1,1,1,0,0,1,0,1,0,0,0,0,0,0,0
203,0,0,0,1,1,0,0,1,0,0,0,0,0,0,0
204,0,0,1,1,1,0,1,1,1,0,0,0,0,0,0
205,1,1,1,0,0,1,0,1,0,0,1,1,0,0,0
206,1,1,0,1,1,0,0,1,0,0,0,1,0,1,1
207,1,0,1,0,0,1,0,1,1,0,0,0,0,0,0
208,0,1,1,0,0,1,0,1,1,0,0,0,0,0,0
209,1,1,1,0,0,0,1,1,1,0,0,0,0,0,0
210,0,1,1,1,1,1,0,1,1,0,0,1,1,0,0
211,0,1,1,0,0,1,0,1,1,0,0,1,0,0,0
212,0,1,1,0,1,0,1,1,1,0,0,0,0,0,0
213,1,0,1,1,1,1,0,1,1,0,0,1,1,0,0
214,1,0,0,1,1,0,1,1,0,0,0,1,0,0,0
215,0,0,0,1,1,1,0,0,0,0,0,0,0,0,0
216,0,0,0,1,1,0,1,1,1,0,0,1,0,0,0
217,1,0,0,1,1,0,0,1,1,0,0,0,0,0,0
218,0,1,1,0,0,1,0,1,0,0,0,0,0,0,0
219,1,0,0,1,1,0,0,1,0,0,0,1,0,0,0
220,0,1,1,0,0,1,0,1,1,0,0,0,0,0,0
221,1,1,1,0,0,1,0,1,1,0,0,0,0,0,0
222,0,1,1,0,0,1,0,1,1,0,0,0,0,0,0
223,0,0,0,1,1,1,0,1,1,0,0,1,1,0,0
224,0,1,1,0,0,1,0,1,1,0,0,1,0,1,1
225,0,0,0,1,1,0,0,1,1,0,0,0,0,0,0
226,1,0,1,0,0,1,0,1,1,0,0,0,0,0,0
227,0,0,0,1,1,0,1,1,1,0,0,1,1,0,0
228,1,0,0,1,1,0,0,1,0,0,0,1,0,0,0
229,0,0,0,1,1,0,1,1,1,0,0,0,0,0,0
230,1,0,0,1,1,0,1,1,1,0,0,1,0,0,0
231,0,0,1,0,0,1,0,1,0,0,0,0,1,0,0
232,0,1,1,0,0,1,0,1,1,0,0,0,0,0,0
233,1,0,1,0,0,1,0,1,0,0,0,1,1,0,0
234,0,1,1,0,0,1,0,1,1,0,0,0,0,0,0
235,0,0,0,1,1,0,1,1,0,0,0,0,0,0,0
236,0,1,0,1,1,0,0,1,0,0,0,1,1,0,0
237,0,0,0,0,0,1,0,0,0,1,1,1,0,0,0
238,0,0,1,1,1,0,1,1,0,0,0,1,0,0,0
239,1,1,1,0,0,1,0,0,0,0,0,1,0,0,0
240,1,0,0,1,1,0,1,1,1,0,0,1,0,0,0
241,1,0,0,1,1,0,0,1,1,0,0,1,0,0,0
242,0,1,1,0,0,1,0,1,1,0,0,1,0,0,0
243,0,0,1,0,0,1,0,1,0,0,0,0,0,0,0
244,0,0,1,0,0,1,0,1,1,1,1,1,0,0,0
245,0,1,1,0,0,1,0,1,1,0,0,1,0,0,0
246,0,0,1,1,1,0,0,1,1,0,0,1,0,0,0
247,0,1,1,0,0,1,0,1,0,0,1,1,0,0,0
248,1,0,0,1,1,0,1,1,0,0,0,1,0,0,0
249,1,1,1,0,0,1,0,1,1,0,0,0,0,0,1
250,1,0,0,0,0,1,0,1,0,0,0,0,0,0,0
251,1,0,0,0,0,1,0,1,0,0,0,0,0,1,1
252,0,1,1,0,0,1,0,1,1,0,0,1,0,0,0
253,0,0,1,1,1,0,0,1,1,0,0,0,0,0,0
254,0,0,0,1,1,0,1,1,1,0,0,1,0,0,0
255,1,0,0,1,1,0,1,1,0,0,0,1,1,0,0
256,1,1,1,1,1,0,1,1,1,0,0,1,0,1,1
257,0,0,0,1,1,0,0,1,1,0,0,1,0,0,0
258,1,1,1,0,0,1,0,1,0,0,0,1,0,0,0
259,1,1,1,0,0,1,0,1,0,0,0,0,0,0,0
260,0,1,1,0,0,1,0,1,0,0,0,1,0,0,0
261,1,0,0,1,1,0,0,0,0,0,0,1,0,0,0
262,0,0,0,0,0,1,0,1,1,0,0,0,0,0,0
263,1,1,1,0,0,1,0,1,1,1,1,1,0,0,0
264,1,0,0,1,1,0,1,1,1,0,0,1,1,0,0
265,0,0,0,1,1,0,0,1,1,0,0,1,0,0,0
266,1,0,0,1,1,0,1,1,1,0,0,1,1,0,0
267,0,0,0,1,1,1,0,1,0,0,0,0,0,1,1
268,1,1,1,0,0,1,0,1,1,1,1,1,1,0,1
269,0,1,1,0,0,1,0,1,1,0,0,1,0,0,0
270,0,0,0,1,1,0,1,1,1,0,0,1,0,0,0
271,0,0,0,1,1,0,1,1,1,0,0,0,0,0,0
272,0,0,1,1,1,0,1,1,1,0,0,1,1,0,0
273,0,1,1,0,0,1,0,1,0,0,0,1,0,0,0
274,0,0,0,1,1,0,1,0,0,1,1,1,0,0,0
275,0,0,0,1,1,0,1,1,0,0,0,1,0,0,0
276,1,0,1,0,0,1,0,1,0,0,0,0,0,0,0
277,0,1,1,0,0,1,0,1,0,0,0,1,1,0,0
278,0,0,0,1,1,0,0,1,0,0,0,0,0,0,0
279,1,0,0,1,1,0,0,0,1,0,0,1,0,0,0
280,1,0,0,1,1,0,1,1,1,0,0,1,0,0,0
281,1,0,1,0,0,1,0,1,1,0,0,1,0,1,1
282,0,0,0,1,1,0,1,1,1,0,1,1,1,0,0
283,0,0,0,0,0,1,0,1,1,0,0,1,0,0,0
284,1,1,1,0,0,1,0,1,1,0,0,1,0,0,0
285,0,1,1,0,1,0,1,1,0,0,0,1,0,0,0
286,0,0,0,1,1,0,1,1,1,0,0,0,0,0,0
287,0,0,1,0,0,1,0,1,1,0,0,1,0,0,0
288,0,0,1,1,1,0,0,1,1,0,0,1,0,0,0
289,0,1,1,0,0,1,0,1,1,1,1,1,0,1,1
290,1,0,0,1,1,0,0,1,0,0,0,1,0,0,0
291,0,0,0,1,1,0,1,1,1,0,0,1,0,0,0
292,0,0,1,1,1,0,0,1,0,0,0,1,0,0,0
293,0,0,0,1,1,0,1,1,0,0,0,0,0,0,0
294,0,1,1,1,1,0,0,1,1,0,0,1,0,0,0
295,0,1,1,0,0,1,0,1,0,0,1,1,0,0,0
296,1,0,1,0,0,1,0,1,1,0,0,0,0,0,0
297,0,0,0,1,1,0,1,0,0,1,1,1,0,0,0
298,0,0,0,0,0,1,0,1,0,0,0,0,0,0,0
299,1,1,1,0,0,1,0,1,0,0,0,1,1,0,1
300,0,0,0,1,1,0,0,1,1,0,0,1,0,0,0
301,1,1,1,0,1,1,0,1,1,0,0,0,0,0,0
302,1,1,0,0,0,1,0,1,0,0,0,1,1,0,0
303,1,1,1,0,0,1,0,1,1,0,0,0,0,0,0
304,0,1,1,1,1,0,1,1,0,0,0,0,0,0,0
305,1,0,0,1,1,0,0,1,0,0,0,1,1,0,0
306,0,1,1,0,0,1,0,1,0,0,0,1,0,0,0
307,1,1,0,1,1,0,0,1,1,0,0,1,1,0,0
308,0,0,1,0,0,1,0,1,1,0,0,1,0,1,1
309,1,1,1,0,0,1,0,1,1,0,0,1,0,0,0
310,0,0,0,1,1,0,1,1,1,0,0,1,0,0,0
311,0,0,1,1,1,1,0,1,0,0,0,1,1,0,0
312,0,0,1,0,0,1,0,1,0,0,1,1,0,0,0
313,1,0,1,0,0,1,0,1,1,0,0,0,0,0,0
314,1,0,0,0,0,1,0,1,1,0,0,0,0,0,0
315,1,0,0,1,1,0,1,1,1,0,0,0,0,0,0
316,1,0,0,1,1,0,1,1,1,0,0,0,0,0,0
317,0,1,1,0,0,1,0,1,1,0,0,0,0,0,0
318,1,1,1,0,0,1,0,1,0,0,0,0,0,0,0
319,0,0,0,1,1,0,0,1,0,0,0,1,0,0,0
320,0,1,1,1,1,1,0,1,0,0,0,1,0,0,0
321,0,0,0,1,1,0,0,1,0,0,0,1,0,0,0
322,1,0,0,1,1,0,0,1,0,0,0,0,0,0,0
323,0,0,0,1,1,0,1,1,0,0,0,0,0,0,0
324,1,0,1,1,1,0,0,1,1,0,0,1,0,0,0
325,1,0,0,1,1,0,1,1,1,0,0,1,0,0,0
326,0,0,1,0,0,1,0,1,1,0,0,1,0,0,0
327,1,0,1,1,1,0,1,1,1,0,1,1,0,0,0
328,0,0,0,1,1,0,1,0,1,0,0,0,0,0,0
329,0,1,1,0,0,1,0,1,0,0,0,1,0,0,0
330,0,0,1,1,1,0,1,1,1,0,0,1,0,0,0
331,1,1,1,0,0,1,0,1,1,0,0,1,0,0,0
332,1,0,0,0,1,1,0,1,1,0,0,1,0,0,0
333,1,0,0,1,1,0,1,1,0,0,0,1,0,0,0
334,0,0,0,1,1,1,0,1,1,0,0,0,0,0,0
335,0,1,1,0,0,1,0,1,1,0,0,1,0,0,0
336,0,1,1,0,0,1,0,0,0,1,1,1,1,0,0
337,1,1,1,0,0,1,0,1,0,0,0,0,0,0,0
338,0,1,1,0,0,1,0,1,0,0,0,1,0,0,0
339,1,1,1,0,0,1,0,1,1,0,1,1,0,0,0
340,1,0,0,1,1,0,1,1,1,0,0,0,0,0,0
341,1,0,0,1,1,1,0,1,1,0,0,1,1,0,0
342,0,0,1,1,1,1,0,1,1,0,0,1,0,0,0
343,0,1,1,0,0,1,0,1,0,0,0,1,0,0,0
344,0,0,1,0,0,1,0,1,1,0,0,0,0,0,0
345,0,0,0,1,1,0,1,1,0,0,0,1,0,0,0
346,0,0,0,1,1,0,1,1,1,0,0,1,0,0,0
347,0,0,1,1,1,0,1,0,1,0,0,1,1,0,0
348,1,0,0,1,1,0,1,1,0,0,0,1,0,0,0
349,0,1,0,1,1,0,0,1,0,0,0,0,0,0,0
350,0,0,0,1,1,0,0,1,1,0,1,1,0,0,0
351,1,0,1,0,0,1,0,1,1,0,0,0,0,0,0
352,1,0,1,1,1,0,0,1,1,0,0,1,0,0,0
353,1,0,0,1,1,0,1,1,0,0,0,0,0,0,0
354,1,0,0,0,0,1,0,1,0,0,0,1,0,0,0
355,1,1,1,0,0,1,0,1,1,0,0,0,0,0,0
356,1,0,1,0,0,1,0,1,0,0,0,1,1,0,0
357,1,0,0,1,1,0,1,1,0,0,0,0,0,1,1
358,1,0,0,1,1,0,0,1,0,0,0,0,0,0,0
359,0,1,1,0,0,1,0,1,1,0,0,0,0,0,0
360,0,0,1,0,0,1,0,1,0,0,0,1,1,0,0
361,1,0,1,0,0,1,0,1,1,0,0,1,0,0,0
362,1,0,1,0,0,1,0,1,0,0,0,1,0,0,0
363,1,1,1,0,0,1,0,1,1,0,0,0,0,0,0
364,0,1,1,0,0,1,0,1,0,0,0,0,0,0,0
365,0,1,1,1,1,0,0,1,0,0,0,1,1,0,0
366,0,1,1,1,1,0,0,1,0,0,0,1,0,0,0
367,0,0,1,0,0,1,0,1,0,0,0,1,0,0,0
368,0,0,0,1,1,0,1,1,1,0,0,0,0,0,0
369,1,1,0,1,1,0,0,1,1,0,0,0,0,0,0
370,1,1,1,0,0,1,0,1,1,0,0,1,0,0,0
371,0,0,0,0,0,1,0,1,0,0,0,0,1,0,0
372,1,0,0,1,1,0,0,1,1,0,0,0,0,0,0
373,0,0,0,0,0,1,0,1,1,0,0,1,0,0,0
374,0,0,1,1,1,0,0,1,1,0,0,1,1,0,0
375,0,1,1,0,1,0,1,0,0,1,1,1,0,0,0
376,1,1,1,0,0,1,0,1,0,0,0,0,0,0,0
377,1,1,1,0,0,1,0,1,1,0,0,0,0,1,1
378,1,0,0,1,1,0,0,1,1,0,0,0,0,0,0
379,0,0,1,0,0,1,0,1,0,0,0,1,0,0,0
380,0,0,1,1,1,0,1,1,0,0,0,1,0,0,0
381,1,1,1,0,0,1,0,1,0,0,0,1,0,0,0
382,0,0,0,1,1,0,1,1,0,0,0,1,0,0,0
383,0,0,1,1,1,0,1,0,0,1,1,1,0,0,0
384,0,0,0,0,0,1,0,1,1,0,0,1,1,0,0
385,1,0,1,1,1,0,1,1,0,0,0,0,0,0,0
386,1,1,0,1,1,0,1,0,0,0,0,1,0,0,0
387,1,1,1,1,1,0,1,1,1,0,0,1,1,0,0
388,1,0,1,1,1,0,1,0,0,0,0,1,0,0,0
389,1,0,0,0,0,1,0,1,1,0,0,1,0,0,0
390,1,0,1,1,1,0,0,1,1,0,0,0,0,0,0
391,1,0,0,1,1,0,0,1,0,0,0,0,0,0,0
392,1,0,0,1,1,0,0,1,0,0,0,1,0,0,0
393,0,0,0,1,1,0,0,1,1,0,0,1,0,0,0
394,0,1,1,0,0,1,0,1,0,0,0,1,0,0,0
395,1,0,1,0,0,1,0,1,1,0,0,0,0,0,0
396,0,0,1,1,1,0,1,1,1,0,0,1,0,0,0
397,1,1,1,0,0,1,0,1,1,0,0,1,0,0,0
398,1,1,1,0,0,1,0,1,0,0,0,0,1,0,0
399,1,0,0,1,1,0,1,0,0,1,1,1,0,0,0
400,1,0,0,1,1,0,1,1,0,0,0,1,1,0,0
401,1,0,1,0,0,1,0,0,0,0,0,0,0,0,0
402,0,0,0,1,1,0,0,1,1,0,0,1,1,0,0
403,1,0,1,1,1,0,1,1,1,0,0,1,0,0,0
404,0,0,1,1,1,0,1,0,1,0,0,1,0,0,0
405,1,0,0,1,1,1,0,1,0,0,0,1,0,0,0
406,1,1,1,0,0,1,0,1,0,0,0,1,1,0,0
407,0,1,0,0,0,1,0,1,1,0,0,1,1,0,0
408,1,1,1,0,0,1,0,1,1,0,0,1,1,0,0
409,1,1,0,0,1,0,1,1,1,0,0,0,0,0,0
410,0,1,1,1,1,0,1,1,0,0,0,1,0,0,0
411,0,0,1,1,1,0,0,1,0,0,0,1,0,0,0
412,0,0,0,1,1,0,1,1,1,0,0,1,1,0,0
413,0,0,1,1,1,0,0,1,0,0,0,1,0,0,0
414,1,1,1,1,1,0,1,1,1,0,1,1,0,0,0
415,0,1,1,1,1,0,1,1,1,0,1,1,0,0,0
416,1,1,1,0,0,1,0,1,0,0,0,0,0,0,0
417,0,1,1,0,0,1,0,1,0,1,1,1,0,0,0
418,0,0,0,1,1,0,1,1,0,0,0,0,0,0,0
419,0,1,1,0,0,1,0,1,1,0,0,1,0,0,0
420,0,0,1,0,0,1,0,0,1,0,0,1,0,0,0
421,0,1,1,0,0,1,0,1,1,0,0,1,0,0,0
422,0,0,1,1,1,0,0,1,0,0,0,0,0,0,0
423,0,0,0,1,1,0,1,1,1,0,0,1,0,0,0
424,1,1,1,0,0,1,0,1,0,0,0,0,0,0,0
425,0,1,1,0,0,0,1,1,0,0,0,1,0,0,0
426,0,1,1,1,1,0,0,1,1,0,0,0,0,0,0
427,0,1,1,0,0,1,0,1,0,0,0,1,0,1,1
428,0,1,1,0,0,0,0,1,1,0,0,0,0,0,0
429,0,0,1,1,1,0,1,1,0,0,0,1,0,0,0
430,1,0,0,1,1,0,1,1,1,0,0,1,0,0,0
431,0,0,0,1,1,0,1,1,0,0,0,0,0,0,0
432,0,1,1,0,0,0,0,1,0,0,0,1,0,0,0
433,0,0,0,1,1,0,1,0,1,0,0,0,0,0,0
434,0,1,1,0,0,1,0,1,1,0,0,0,0,0,0
435,0,1,1,0,0,1,0,1,1,0,0,1,1,0,0
436,1,0,1,1,1,1,0,1,0,0,0,1,0,0,0
437,0,1,1,0,0,1,0,1,0,0,0,1,1,0,0
438,0,1,0,1,1,0,0,1,0,0,0,1,0,0,0
439,1,0,1,1,1,0,1,1,0,0,0,1,0,0,0
440,0,0,0,1,1,1,0,1,1,0,0,1,0,0,0
441,0,0,0,1,1,0,0,1,0,0,0,0,0,0,0
442,1,1,1,0,0,1,0,1,1,0,0,0,0,0,0
443,0,0,1,1,1,0,1,1,0,0,0,1,0,0,0
444,0,0,0,1,1,0,0,1,1,0,0,1,1,0,0
445,0,0,0,1,1,1,0,1,0,0,0,1,0,0,0
446,0,1,1,0,0,1,0,1,0,0,1,1,0,0,0
447,0,0,0,1,1,0,1,1,0,0,0,1,1,0,0
448,0,1,1,0,0,1,0,1,0,0,0,1,0,0,0
449,0,0,0,1,1,1,0,0,1,0,0,0,0,0,0
450,0,1,1,0,0,1,0,1,0,0,0,1,1,0,0
451,1,1,1,0,0,1,0,1,0,0,0,1,0,0,0
452,1,0,1,0,0,1,0,1,1,0,0,1,0,0,0
453,0,1,1,0,0,1,0,1,0,0,0,1,0,0,0
454,0,1,1,0,0,1,0,1,0,0,0,0,0,0,0
455,1,0,0,1,1,0,1,1,1,0,0,1,0,0,0
456,1,1,1,0,0,1,0,1,0,0,0,1,1,0,0
457,0,0,0,1,1,1,0,1,0,0,0,1,0,0,0
458,1,0,1,1,1,0,1,1,1,0,0,1,0,0,0
459,1,1,1,0,0,1,0,1,1,1,1,1,0,0,0
460,0,0,0,1,1,0,0,1,1,0,0,1,0,0,0
461,0,1,1,0,0,1,0,1,0,0,0,1,0,0,0
462,0,0,1,1,1,0,1,1,0,0,0,0,0,0,0
463,1,0,0,0,0,1,0,1,0,0,0,1,0,0,0
464,0,0,1,1,1,0,1,1,1,0,0,0,0,0,0
465,0,0,0,1,1,0,0,1,1,0,0,0,0,0,0
466,0,1,1,0,0,1,0,1,1,0,0,0,0,0,0
467,1,1,0,1,1,0,1,1,0,0,0,1,0,0,0
468,0,1,1,0,0,1,0,1,0,0,0,0,0,0,0
469,1,0,0,1,1,0,1,1,1,0,0,0,0,0,0
470,1,0,0,1,1,0,1,0,1,0,0,0,0,0,0
471,1,0,1,0,0,1,0,1,1,0,0,0,0,0,0
472,0,0,1,0,0,1,0,1,0,0,0,0,0,0,0
473,0,0,0,1,1,0,1,1,1,0,0,0,1,0,0
474,1,1,1,0,0,0,1,1,0,0,0,1,0,0,0
475,1,0,0,1,1,0,0,1,0,0,0,1,1,0,0
476,0,1,1,0,0,1,0,1,0,0,0,1,0,0,0
477,0,0,0,1,1,0,1,1,0,0,0,1,0,0,0
478,0,1,1,0,0,1,0,1,1,0,0,0,0,0,0
479,0,1,0,1,1,1,0,1,0,0,0,0,0,0,0
480,1,0,0,1,1,0,0,1,1,0,0,1,0,0,0
481,1,1,1,0,0,1,0,1,1,0,0,1,0,0,0
482,1,1,1,0,0,1,0,1,1,0,0,1,0,0,0
483,1,0,0,1,1,1,0,1,1,0,0,0,0,0,0
484,1,0,1,0,0,1,0,1,1,0,0,1,0,0,1
485,0,1,1,0,0,1,0,1,0,0,0,1,0,0,0
486,1,0,0,1,1,0,0,1,1,0,0,0,0,0,0
487,1,1,1,0,0,1,0,1,0,0,0,0,0,0,0
488,0,0,1,0,0,1,0,1,1,0,0,1,0,0,0
489,1,0,0,1,1,0,1,1,0,0,0,1,0,0,0
490,1,1,1,0,0,1,0,1,1,0,0,0,0,0,0
491,0,0,0,1,1,0,1,0,0,1,1,1,0,0,0
492,1,1,1,0,0,1,0,1,0,0,0,0,0,0,0
493,1,1,1,0,0,1,0,1,1,0,0,0,0,0,0
494,0,0,0,1,1,0,0,1,1,0,0,0,0,0,0
495,0,0,0,1,1,1,0,1,1,0,0,1,0,0,0
496,1,0,1,1,1,0,1,0,1,0,0,0,0,0,0
497,0,0,1,0,0,1,0,1,1,0,0,1,0,0,0
498,1,0,1,0,0,1,0,1,0,0,0,1,0,0,0
499,1,1,1,0,0,1,0,1,1,0,0,0,0,0,0
500,0,0,0,1,1,0,1,0,0,0,0,1,0,0,0
501,0,0,0,0,0,1,0,1,0,0,0,1,0,0,1
502,0,1,1,1,1,0,1,1,1,0,0,0,1,0,0
503,1,1,1,0,0,1,0,1,0,0,0,1,0,0,0
504,0,1,1,0,0,1,0,1,1,0,0,0,0,0,1
505,1,0,0,1,1,1,0,1,0,0,0,1,1,0,0
506,1,0,1,0,0,1,0,1,1,1,1,1,0,0,0
507,0,0,0,1,1,0,1,1,0,0,0,1,0,1,1
508,1,1,0,1,1,1,0,1,0,0,0,1,0,0,0
509,0,0,0,1,1,1,0,1,0,0,0,1,1,0,0
510,0,1,0,1,1,0,1,1,1,0,0,1,0,0,0
511,1,0,1,1,1,0,0,1,0,0,0,1,0,0,0
512,0,0,0,1,1,0,1,1,1,0,0,0,0,0,0
513,0,0,0,1,1,1,0,1,1,0,0,1,0,0,0
514,1,1,1,1,1,0,0,1,1,0,0,1,0,0,0
515,1,0,0,1,1,1,0,1,0,0,0,1,1,0,0
516,1,0,0,1,1,0,0,1,0,0,0,1,0,0,0
517,1,0,1,0,0,1,0,1,1,0,0,1,0,0,0
518,1,0,0,1,1,0,1,1,1,0,0,1,1,0,0
519,1,1,1,0,0,1,0,1,1,0,0,1,0,0,0
520,0,1,1,0,0,1,0,1,1,1,1,1,0,0,0
521,1,0,1,0,0,1,0,1,1,0,0,1,1,0,0
522,1,1,1,0,0,1,0,1,0,0,0,1,1,0,0
523,1,0,1,0,0,1,0,1,1,0,0,0,0,0,0
524,0,1,0,1,1,0,0,1,0,0,0,1,0,0,0
525,1,1,1,0,1,0,1,0,0,0,0,0,0,0,0
526,1,1,1,0,1,0,1,0,0,0,0,1,0,0,0
527,0,1,1,0,0,1,0,1,1,0,0,0,0,0,0
528,1,1,1,0,0,1,0,1,1,1,1,1,1,0,0
529,1,0,1,1,1,1,0,1,1,0,0,0,0,0,0
530,1,0,0,1,1,0,0,1,0,0,0,1,0,0,0
531,1,0,0,1,1,0,1,1,0,0,0,0,0,0,0
532,0,0,0,1,1,1,0,1,0,0,0,1,0,0,0
533,1,0,1,0,0,1,0,1,0,0,0,0,0,0,0
534,0,1,1,0,0,1,0,1,0,0,0,0,0,0,0
535,1,0,1,0,0,1,0,1,1,0,1,1,0,0,0
536,0,0,0,1,1,0,1,1,1,0,0,0,0,0,0
537,0,1,1,0,0,1,0,1,0,0,0,1,0,0,0
538,1,1,1,0,1,0,0,1,0,0,0,1,1,0,0
539,0,0,0,1,1,0,1,1,0,0,0,0,0,0,1
540,1,0,1,0,0,1,0,1,0,0,0,1,0,0,0
541,0,1,1,1,1,0,1,1,0,0,0,0,0,0,0
542,0,1,1,0,0,1,0,1,0,0,0,1,0,0,0
543,0,1,1,0,0,1,0,1,1,0,0,0,0,0,0
544,0,0,1,0,0,1,0,1,0,0,0,1,0,0,0
545,1,0,0,0,0,1,0,1,1,0,0,1,0,0,0
546,0,1,1,0,0,1,0,1,1,0,0,1,0,0,0
547,0,0,0,1,1,1,0,1,1,0,0,1,0,0,0
548,1,0,1,1,1,0,1,0,0,0,0,1,1,0,0
549,1,1,1,1,1,0,1,1,1,0,0,0,0,0,0
550,1,1,1,0,0,1,0,1,0,0,0,1,0,0,0
551,0,0,0,1,1,1,0,1,0,0,0,1,0,0,0
552,1,0,0,0,0,1,0,1,0,0,0,0,0,0,0
553,0,1,1,0,0,1,0,1,1,0,0,0,0,0,0
554,0,0,0,0,0,1,0,1,1,1,1,1,0,0,0
555,1,1,1,0,1,1,0,1,0,0,0,1,1,0,0
556,0,1,1,1,1,0,1,0,0,0,0,0,0,0,0
557,0,1,1,1,1,0,1,1,0,0,0,1,0,0,0
558,0,1,0,0,1,0,1,1,0,0,0,0,0,0,0
559,1,1,0,1,1,0,0,1,1,0,0,0,0,0,0
560,0,0,0,1,1,0,1,1,1,0,0,0,1,0,0
561,0,1,1,0,0,1,0,1,1,0,0,0,0,0,0
562,0,1,1,0,1,0,0,1,0,0,0,1,1,0,0
563,1,1,1,0,0,0,0,1,1,0,0,0,0,0,0
564,0,0,0,1,1,0,1,0,0,0,0,1,0,0,0
565,0,1,1,0,0,1,0,1,1,0,0,0,0,0,0
566,0,1,1,0,1,0,0,0,0,1,1,1,0,0,0
567,1,0,0,1,1,0,0,1,1,0,0,1,0,0,0
568,0,0,1,0,0,1,0,1,0,0,0,1,1,0,0
569,1,0,1,1,1,0,0,1,1,0,0,0,0,0,0
570,0,1,1,0,0,1,0,1,1,0,0,0,0,0,0
571,1,0,0,1,1,0,1,1,0,0,0,0,0,0,0
572,1,1,1,0,0,1,0,1,1,0,0,1,0,0,0
573,1,0,1,1,1,0,0,1,1,0,0,1,0,0,0
574,0,0,0,1,1,0,1,1,1,0,0,0,0,0,0
575,1,1,1,0,0,1,0,1,0,0,0,1,1,0,0
576,0,1,1,0,0,1,0,1,1,0,0,1,0,0,0
577,1,1,0,1,1,0,1,1,1,0,0,1,0,0,0
578,0,1,1,0,0,1,0,1,0,0,0,1,1,0,0
579,0,1,1,0,0,1,0,1,0,0,0,1,0,0,0
580,0,0,0,1,1,0,0,1,1,0,0,1,1,0,0
581,0,1,1,0,0,1,0,1,0,0,0,0,0,0,0
582,0,0,0,1,1,0,0,1,1,0,0,1,0,0,0
583,0,0,1,1,1,0,0,1,1,0,0,1,0,0,0
584,1,0,1,0,0,1,0,1,1,0,0,1,0,0,0
585,1,1,1,1,1,0,1,1,1,0,0,1,0,0,0
586,0,1,1,0,0,1,0,1,1,0,0,1,0,0,0
587,1,0,0,1,1,0,0,1,0,0,0,1,0,0,0
588,1,1,1,0,0,1,0,1,0,0,0,1,0,0,0
589,0,1,0,1,1,0,0,1,0,0,0,1,0,0,0
590,1,1,1,0,0,1,0,1,1,0,0,1,0,0,0
591,1,0,1,1,1,0,0,1,1,0,0,1,0,0,0
592,1,0,0,0,1,0,1,0,0,1,1,1,0,0,1
593,1,0,0,1,1,0,1,1,1,0,0,1,0,0,0
594,1,1,1,0,0,1,0,1,0,0,0,1,0,0,0
595,1,0,0,1,1,0,1,1,1,0,0,1,0,0,0
596,0,0,0,1,1,1,0,1,1,0,0,0,0,0,0
597,0,0,0,0,0,1,0,1,1,0,0,1,0,0,0
598,0,1,1,0,0,1,0,1,0,0,0,0,0,0,0
599,0,0,0,0,0,1,0,1,1,0,0,0,0,0,0
600,1,0,0,1,1,0,1,0,0,0,0,0,0,0,0
601,1,0,0,1,1,0,1,1,1,0,0,1,0,0,0
602,0,0,1,0,0,1,0,1,1,0,0,0,0,0,0
603,1,0,1,1,1,0,1,1,0,0,0,1,0,0,0
604,1,0,0,0,0,1,0,1,1,0,0,1,0,0,0
605,1,1,1,0,0,1,0,1,1,0,0,1,0,0,0
606,0,1,1,0,0,1,0,1,1,0,0,1,1,0,0
607,0,1,1,0,0,1,0,1,1,0,0,1,1,0,0
608,0,0,0,1,1,0,1,1,0,0,0,1,1,0,0
609,1,0,0,1,1,1,0,1,1,0,0,1,0,0,0
610,0,1,1,0,0,1,0,1,1,0,0,1,0,0,0
611,1,0,0,1,1,0,0,1,1,0,0,1,0,0,0
612,0,0,0,1,1,1,0,1,1,0,0,1,0,0,0
613,0,1,0,1,1,0,1,1,0,0,0,1,0,0,0
614,0,1,1,0,0,1,0,1,0,0,0,1,0,0,0
615,1,0,0,1,1,1,0,1,1,0,0,1,0,0,0
616,1,1,0,1,1,0,1,1,0,0,0,1,0,0,0
617,0,1,1,1,1,0,0,1,0,0,0,0,0,0,0
618,1,1,1,0,0,1,0,1,0,0,0,1,0,0,0
619,0,1,1,0,0,1,0,1,1,0,0,1,1,0,0
620,1,1,1,0,0,1,0,1,1,0,0,0,0,0,0
621,0,1,1,0,0,1,0,0,0,0,0,0,0,0,0
622,0,0,1,0,0,1,0,1,1,0,0,0,1,0,0
623,0,0,0,1,1,0,1,1,1,0,0,0,0,0,0
624,0,0,0,1,1,0,1,1,1,0,0,1,0,0,0
625,1,0,1,1,1,0,1,1,1,0,0,1,0,0,0
626,1,0,0,1,1,0,0,1,1,0,0,1,0,0,0
627,1,0,1,1,1,0,0,1,1,1,1,1,1,0,0
628,1,1,1,0,0,1,0,1,1,0,0,1,0,0,0
629,0,0,1,1,1,0,1,1,1,1,1,1,0,0,0
630,1,0,1,0,0,1,0,1,1,0,0,0,0,0,0
631,0,0,0,1,1,0,0,1,1,0,0,0,0,0,0
632,0,0,0,1,1,1,0,1,1,0,0,0,0,0,0
633,1,0,0,1,1,0,1,1,0,0,0,0,0,0,0
634,1,0,0,1,1,0,1,1,0,0,0,1,0,0,0
635,1,1,0,1,1,0,1,1,0,0,0,0,0,0,0
636,1,0,0,1,1,0,1,1,1,0,0,1,0,0,0
637,0,0,0,1,1,0,0,1,0,0,0,1,0,0,0
638,0,0,1,1,1,0,0,1,1,0,0,1,0,0,0
639,0,0,0,1,1,0,0,1,0,0,0,0,0,0,0
640,1,0,1,1,1,1,0,1,0,0,0,1,1,0,0
641,0,0,1,1,1,0,1,1,1,0,0,0,0,0,0
642,0,1,1,0,0,1,0,1,1,0,0,1,0,0,0
643,1,0,0,1,1,0,0,1,1,0,0,1,0,0,0
644,0,1,1,0,0,1,0,1,0,0,0,0,0,0,0
645,0,0,0,1,1,0,1,1,1,0,0,1,0,0,0
646,1,0,1,1,1,0,0,1,0,0,0,1,0,0,0
647,0,0,0,1,1,0,1,1,1,0,0,0,0,0,0
648,0,0,0,1,1,0,1,1,1,1,1,1,0,0,0
649,1,1,1,0,0,1,0,1,1,0,0,1,0,0,0
650,1,0,1,1,1,0,1,1,1,0,0,0,0,0,0
651,1,0,0,1,1,0,0,1,1,0,1,1,0,0,0
652,1,0,0,1,1,0,0,1,0,0,0,1,0,0,0
653,1,0,1,1,1,0,1,1,1,0,0,0,0,0,0
654,0,1,0,1,1,0,0,1,0,1,1,1,0,0,0
655,1,1,1,1,1,0,0,1,1,0,0,1,0,0,0
656,0,0,0,1,1,0,1,0,0,1,1,1,0,0,1
657,0,1,1,0,0,1,0,1,0,0,0,1,0,0,0
658,1,0,0,0,0,1,0,1,1,0,0,1,1,0,0
659,0,0,1,1,1,0,0,1,0,0,0,0,0,0,0
660,0,0,0,1,1,0,0,1,0,0,0,1,0,0,0
661,1,1,1,0,0,1,0,1,1,0,0,0,0,0,0
662,1,0,1,0,0,1,0,1,1,0,0,0,0,0,0
663,0,0,0,1,1,0,1,0,0,1,1,1,1,0,0
664,1,0,0,1,1,0,0,1,1,1,1,1,0,0,0
665,0,0,1,1,1,1,0,1,1,0,0,1,0,0,0
666,1,0,0,1,1,1,0,1,1,0,0,1,1,0,0
667,0,1,1,0,0,1,0,1,0,0,0,1,0,0,0
668,0,0,0,1,1,0,1,1,1,0,0,0,0,0,0
669,0,1,1,0,0,1,0,1,0,0,0,0,0,0,0
670,1,0,0,1,1,0,0,1,0,0,0,1,0,0,0
671,0,0,0,0,0,1,0,1,1,0,0,1,0,0,0
672,0,1,1,0,0,1,0,1,1,0,0,1,0,0,0
673,1,1,1,0,0,1,0,1,0,0,0,1,0,0,0
674,1,0,0,1,1,0,1,1,1,0,0,1,1,0,0
675,1,0,0,1,1,0,1,0,0,1,1,1,0,0,0
676,1,1,1,0,0,1,0,1,0,0,0,1,0,0,0
677,0,0,1,1,1,0,1,1,1,0,0,0,0,0,0
678,1,0,0,1,1,0,1,1,0,0,0,1,0,0,0
679,1,0,0,1,1,0,0,1,1,0,0,0,0,0,0
680,1,0,0,0,0,1,0,1,0,0,0,1,0,0,0
681,0,0,0,1,1,1,0,1,1,0,0,1,0,0,0
682,0,1,1,0,0,1,0,1,1,0,0,0,0,0,0
683,0,1,1,1,1,0,1,1,1,0,0,1,1,0,0
684,0,1,0,1,1,1,0,1,1,0,0,1,0,0,0
685,0,1,1,0,0,1,0,1,1,0,0,1,1,0,0
686,0,0,1,1,1,0,1,1,1,0,0,0,0,0,0
687,1,1,1,0,0,1,0,1,1,0,0,0,0,0,0
688,1,0,0,1,1,0,1,1,1,0,0,1,1,0,0
689,1,1,1,0,0,1,0,1,1,0,0,1,0,0,0
690,0,1,1,0,0,1,0,1,1,1,1,1,0,0,0
691,1,0,1,1,1,0,1,0,0,0,0,1,0,0,0
692,0,1,1,0,0,1,0,1,1,0,0,1,0,1,1
693,1,0,1,1,1,0,1,1,1,0,0,1,0,0,0
694,0,1,1,0,0,1,0,1,1,0,0,0,0,0,0
695,1,0,0,1,1,0,0,1,1,0,0,1,0,0,0
696,0,0,0,0,0,1,0,1,0,0,0,1,0,0,0
697,1,0,0,1,1,0,1,1,1,0,0,0,0,0,0
698,0,1,1,0,0,1,0,1,1,0,0,1,0,0,0
699,0,0,0,1,1,0,1,1,1,0,0,1,0,0,0
700,1,1,1,0,0,1,0,1,1,0,0,1,0,0,0
701,1,0,1,0,0,1,0,1,1,0,0,0,0,0,0
702,1,0,0,1,1,0,1,1,0,0,0,0,0,0,0
703,0,0,1,0,0,1,0,1,0,0,0,1,0,0,0
704,0,1,1,1,1,0,1,1,1,0,0,1,1,0,0
705,0,0,1,1,1,0,1,1,1,0,0,0,0,0,0
706,0,1,1,0,0,1,0,1,0,0,0,0,0,0,0
707,0,0,0,1,1,0,0,0,0,0,1,1,0,0,0
708,0,0,0,1,1,1,0,1,1,0,0,0,0,0,0
709,1,0,0,1,1,0,1,1,1,0,0,1,0,0,0
710,0,1,1,0,0,1,0,1,0,0,0,0,0,0,0
711,1,1,1,0,0,1,0,1,1,0,0,1,0,0,0
712,1,0,0,1,1,0,0,1,0,0,0,1,0,0,0
713,0,0,0,1,1,1,0,1,1,0,0,0,0,0,0
714,0,1,1,0,0,1,0,1,1,0,0,1,0,0,0
715,0,0,0,1,1,0,0,1,1,0,0,1,0,0,0
716,1,0,0,1,1,0,1,0,0,0,0,1,1,0,0
717,1,0,1,1,1,0,1,1,0,0,1,1,0,1,1
718,0,0,0,1,1,0,1,1,0,0,0,0,0,1,1
719,1,0,0,1,1,1,0,1,1,0,0,1,0,0,0
720,1,0,0,1,1,0,0,1,0,0,0,1,1,0,0
721,1,0,0,1,1,0,1,0,0,1,1,1,0,0,0
722,1,0,0,1,1,0,1,0,0,0,0,1,1,0,0
723,1,0,1,1,1,0,1,1,0,0,0,0,0,0,0
724,0,0,1,0,1,0,1,1,0,0,0,1,1,0,0
725,0,1,0,1,1,0,1,1,0,0,0,0,0,0,0
726,0,1,1,0,0,1,0,1,0,0,0,1,0,0,0
727,0,1,1,0,0,1,0,1,1,0,0,0,0,0,0
728,1,0,0,1,1,0,0,1,0,0,0,0,0,0,0
729,0,0,0,1,1,0,1,1,1,0,0,1,1,0,0
730,0,1,1,0,0,1,0,1,0,0,0,1,0,0,0
731,1,0,0,1,1,0,0,1,0,0,0,1,0,0,0
732,0,1,1,0,0,1,0,1,1,0,0,1,0,0,0
733,0,1,1,0,0,1,0,1,0,0,0,0,0,0,0
734,0,1,1,0,0,0,0,1,0,0,0,1,1,0,0
735,0,1,1,0,0,1,0,1,1,0,0,0,0,0,0
736,0,0,1,0,0,1,0,1,0,0,0,0,0,0,0
737,1,1,1,0,0,1,0,1,0,0,0,0,0,0,0
738,1,0,1,0,0,1,0,1,1,0,0,0,0,0,0
739,1,0,0,1,1,0,0,1,0,0,0,1,0,0,0
740,1,0,0,0,0,1,0,1,0,0,1,1,0,0,0
741,1,0,0,1,1,0,1,1,1,0,0,1,1,0,0
742,0,1,0,1,1,0,1,0,0,1,1,1,0,0,0
743,1,0,0,1,1,0,0,1,0,0,0,1,0,0,0
744,0,0,1,1,1,0,1,1,1,0,0,1,0,0,0
745,1,1,1,0,0,1,0,1,0,0,0,1,0,0,0
746,0,0,1,1,1,0,0,1,1,1,1,1,0,0,0
747,1,0,0,1,1,0,0,1,1,0,0,1,0,0,0
748,0,1,1,0,0,1,0,1,0,0,0,0,0,0,0
749,0,1,1,0,0,1,0,1,0,0,0,1,0,0,0
750,0,0,0,1,1,1,0,1,1,0,0,0,0,0,0
751,1,1,1,0,0,1,0,1,0,0,0,0,0,0,0
752,0,0,0,1,1,0,1,1,0,0,0,1,0,0,0
753,1,0,0,0,0,1,0,1,0,0,1,1,0,0,0
754,0,0,0,1,1,0,1,1,1,0,0,0,0,0,0
755,0,0,1,1,1,0,1,1,1,0,0,1,0,0,0
756,1,1,1,0,0,1,0,1,1,0,0,0,0,0,0
757,1,0,0,1,1,0,0,0,0,1,1,1,0,0,0
758,0,0,0,1,1,0,0,1,1,0,0,1,0,0,0
759,1,1,1,0,0,1,0,1,1,0,0,1,0,0,0
760,0,1,1,0,0,1,0,1,1,0,0,0,0,0,0
761,0,0,1,1,1,0,0,1,1,0,0,0,0,0,0
762,1,0,0,1,1,0,1,1,1,0,0,0,0,0,0
763,0,0,0,1,1,0,0,1,1,0,0,1,0,0,0
764,0,0,1,0,0,1,0,1,1,0,0,1,0,0,0
765,0,1,1,0,0,1,0,1,0,0,0,1,0,0,0
766,1,0,1,1,1,0,1,1,0,0,1,1,0,0,0
767,0,1,0,1,1,0,1,0,0,0,0,1,0,0,0
768,1,1,1,0,0,1,0,1,1,0,0,1,0,0,0
769,0,0,1,1,1,0,0,1,1,0,0,0,0,0,0
770,0,0,1,1,1,0,0,1,0,0,0,1,0,0,0
771,0,0,1,1,1,0,1,1,0,0,0,0,0,0,1
772,1,0,1,0,0,1,0,1,0,0,0,1,0,0,0
773,0,0,0,1,1,0,0,1,1,0,0,1,0,0,0
774,0,1,1,0,0,1,0,1,0,0,0,0,0,0,0
775,0,0,0,1,1,0,1,1,1,0,0,1,0,0,0
776,1,0,0,1,1,0,1,1,0,0,0,0,1,0,0
777,1,0,0,1,1,0,1,1,1,0,0,0,0,0,0
778,0,0,0,1,1,0,1,0,0,0,0,1,0,0,1
779,0,0,1,1,1,0,0,1,0,0,0,1,0,0,0
780,1,1,1,0,1,0,1,1,1,0,0,0,0,0,0
781,1,0,1,1,1,0,1,1,1,0,0,0,0,0,0
782,1,0,1,1,1,0,1,0,0,0,0,1,0,0,0
783,1,1,1,1,1,0,0,1,1,0,0,0,0,0,0
784,1,0,0,1,1,0,1,1,1,0,0,0,0,0,0
785,1,0,0,1,1,0,0,1,1,0,0,0,0,1,1
786,0,1,1,0,0,1,0,1,1,0,0,1,0,0,0
787,0,1,1,1,1,0,1,0,0,1,1,1,0,0,0
788,0,1,0,0,0,1,0,1,1,0,0,1,1,0,0
789,0,0,0,1,1,0,1,0,0,1,1,1,0,0,0
790,1,0,0,1,1,0,1,1,1,0,0,0,0,0,0
791,1,1,1,0,0,1,0,1,0,0,0,0,0,0,0
792,1,0,1,0,0,1,0,1,1,0,0,0,0,0,0
793,0,1,1,0,0,1,0,1,0,0,0,0,0,0,0
794,1,0,1,1,1,0,0,1,1,0,0,0,0,0,0
795,0,0,1,1,1,1,0,1,1,0,0,1,0,0,0
796,0,0,0,1,1,0,1,1,0,0,0,1,0,0,0
797,1,0,0,0,0,1,0,1,1,0,0,0,0,0,0
798,0,1,1,0,0,1,0,1,1,0,0,0,0,0,0
799,0,1,1,0,0,1,0,1,0,0,0,1,0,0,0
800,0,0,0,1,1,0,1,1,1,0,0,1,0,0,0
801,1,1,1,0,1,0,0,1,1,0,0,1,0,0,0
802,1,0,0,1,1,0,1,1,1,0,0,1,0,0,0
803,0,0,1,1,1,0,1,1,1,0,0,0,0,0,0
804,0,0,0,1,1,1,0,1,1,0,0,1,0,0,0
805,1,1,1,0,0,0,1,0,0,1,1,1,0,0,0
806,0,0,0,1,1,0,1,1,1,0,0,1,0,0,0
807,1,0,0,1,1,0,1,0,0,1,1,1,0,0,0
808,0,1,1,0,0,1,0,1,1,0,0,0,0,0,0
809,0,1,1,0,0,1,0,1,0,0,0,1,1,0,0
810,1,0,0,1,1,0,1,0,0,1,1,1,0,0,0
811,1,0,1,0,0,1,0,1,1,0,0,0,0,0,0
812,0,1,1,0,0,1,0,1,0,0,0,1,0,0,0
813,1,0,0,1,1,0,1,1,1,0,0,0,0,0,0
814,1,1,1,0,0,1,0,1,1,0,0,1,0,0,0
815,1,0,1,1,1,0,1,1,1,0,0,1,0,0,0
816,1,1,1,0,0,1,0,0,0,1,1,1,1,0,0
817,0,1,1,1,1,0,1,0,0,1,1,1,0,1,1
818,0,0,0,1,1,0,1,0,0,0,0,1,0,1,1
819,0,1,1,0,0,1,0,1,0,0,0,1,0,0,0
820,0,0,0,1,1,0,1,1,0,0,0,1,0,0,0
821,0,0,0,1,1,0,0,1,1,0,0,0,0,0,0
822,0,1,1,0,0,1,0,1,1,1,1,1,0,0,0
823,1,1,1,0,0,1,0,1,1,1,1,1,0,0,0
824,0,1,1,1,1,0,0,1,0,0,0,0,0,0,0
825,1,1,1,0,0,1,0,1,1,0,0,1,0,0,1
826,0,1,1,0,0,1,0,1,1,0,0,1,1,0,0
827,1,1,1,0,0,1,0,1,1,0,0,1,0,0,0
828,1,0,0,1,1,0,1,0,0,1,1,1,0,0,0
829,0,1,1,0,0,1,0,1,1,0,0,1,0,0,0
830,1,0,1,1,1,0,1,1,1,0,0,1,0,0,0
831,1,0,1,1,1,0,1,1,1,0,0,1,0,0,1
832,0,1,1,0,0,1,0,1,1,0,0,1,0,0,0
833,0,1,1,0,0,1,0,1,0,0,0,1,0,0,0
834,0,0,1,1,1,0,1,1,0,0,0,0,0,0,0
835,0,0,0,1,1,0,1,1,1,0,0,1,0,0,0
836,1,0,1,1,1,0,0,1,1,0,0,0,0,0,0
837,0,1,1,0,0,1,0,1,1,0,0,1,0,0,0
838,0,0,0,1,1,0,1,0,0,1,1,1,0,0,0
839,0,0,1,0,0,1,0,1,0,0,1,1,0,0,0
840,0,1,1,0,0,1,0,1,0,0,0,1,0,0,0
841,1,0,1,0,0,1,0,1,0,0,0,0,0,0,0
842,0,1,1,0,0,1,0,1,1,0,0,0,0,0,0
843,1,1,0,1,1,0,0,1,1,0,0,1,0,0,0
844,1,0,0,1,1,0,1,1,1,0,1,1,0,0,0
845,0,0,1,0,0,1,0,1,0,0,0,1,1,0,0
846,0,1,1,0,0,0,1,1,1,0,0,0,0,0,0
847,1,0,0,1,1,0,1,1,1,0,1,1,1,0,0
848,0,0,0,1,1,0,1,1,0,0,0,0,0,0,0
849,0,1,1,0,0,1,0,1,1,0,0,1,1,0,0
850,0,1,0,1,1,0,1,0,0,1,1,1,1,0,0
851,1,0,1,1,1,0,0,1,0,0,0,0,0,0,0
852,0,0,0,1,1,0,0,1,1,0,0,0,0,0,0
853,1,1,0,0,0,1,0,1,1,0,0,1,0,1,1
854,1,1,1,0,0,1,0,1,0,0,0,0,0,0,0
855,1,1,1,0,0,1,0,1,1,0,0,1,0,0,0
856,0,0,1,1,1,0,1,1,1,0,0,0,0,0,0
857,0,1,1,0,0,1,0,1,1,0,0,0,0,0,0
858,0,1,1,0,0,1,0,1,1,0,0,0,1,0,0
859,1,1,1,1,1,0,1,0,0,1,1,1,0,0,0
860,0,0,0,1,1,0,1,1,0,0,0,0,0,0,0
861,0,1,1,0,0,1,0,1,1,0,0,0,0,0,0
862,0,1,1,0,0,1,0,1,0,0,0,0,0,0,0
863,0,1,1,0,0,1,0,1,1,0,0,1,1,0,0
864,1,1,0,1,1,0,0,1,1,0,0,0,0,0,0
865,0,0,0,1,1,0,1,1,1,0,0,0,0,1,1
866,1,0,1,1,1,0,1,1,1,0,0,1,0,0,0
867,1,1,1,0,0,1,0,1,1,0,1,1,0,0,0
868,1,0,0,1,1,0,0,1,0,0,0,1,0,1,1
869,1,0,1,1,1,0,1,1,0,0,0,0,0,0,0
870,0,1,1,0,0,1,0,1,1,0,0,1,0,0,0
871,1,0,0,1,1,0,1,0,1,0,0,0,0,1,1
872,0,1,1,0,0,1,0,1,1,0,0,1,0,0,0
873,1,0,0,1,1,0,0,1,1,0,0,0,0,0,0
874,1,0,0,1,1,1,0,1,1,0,0,1,1,0,0
875,1,0,0,0,0,1,0,1,1,0,1,1,0,0,0
876,0,0,0,1,1,0,1,1,1,0,0,1,0,0,0
877,1,1,1,0,0,1,0,1,0,0,0,1,0,0,0
878,0,1,1,0,1,0,0,1,1,0,0,0,0,0,0
879,0,1,1,1,1,1,0,1,1,0,0,1,0,0,0
880,1,1,1,0,0,1,0,1,0,0,0,0,0,0,0
881,1,1,1,0,0,1,0,1,0,0,0,0,0,0,0
882,0,0,0,1,1,0,1,1,1,0,0,1,0,0,0
883,1,0,1,0,0,1,0,1,0,0,0,0,0,0,0
884,0,1,1,0,0,1,0,1,1,0,0,1,0,0,0
885,1,0,1,0,0,1,0,1,1,0,0,0,0,0,0
886,0,0,0,0,0,1,0,1,1,0,0,1,1,0,0
887,1,1,1,1,1,0,0,1,1,0,0,1,1,0,0
888,1,0,0,1,1,0,1,1,0,0,0,0,0,0,0
889,0,0,1,1,1,0,1,1,1,0,0,0,1,0,0
890,0,1,1,1,1,0,1,1,1,0,0,0,0,0,0
891,1,0,0,1,1,0,1,1,0,0,0,1,0,0,0
892,0,1,1,0,0,1,0,1,1,0,0,1,0,0,0
893,0,0,0,1,1,0,1,1,1,0,0,1,0,0,0
894,0,1,1,1,1,0,1,0,0,0,0,1,0,0,0
895,0,1,1,0,0,1,0,1,0,0,0,0,0,0,0
896,1,0,1,1,1,0,1,0,0,1,1,1,0,0,0
897,1,0,0,1,1,0,1,1,0,0,0,1,1,0,0
898,0,0,0,1,1,1,0,1,0,0,0,1,0,0,0
899,1,0,0,1,1,0,0,1,1,0,0,1,0,0,0
900,0,0,1,1,1,0,1,1,0,0,0,1,0,0,0
901,0,1,0,1,1,0,1,1,1,0,0,0,0,0,0
902,1,1,1,0,0,1,0,1,1,0,0,0,0,0,0
903,1,0,0,1,1,0,0,1,1,0,0,1,1,0,0
904,1,1,1,0,0,1,0,1,1,0,0,0,0,0,0
905,1,0,1,1,1,0,0,1,1,0,0,0,0,0,0
906,1,1,1,1,1,0,1,1,1,0,0,0,0,0,0
907,1,0,1,0,0,1,0,1,0,0,0,1,1,0,0
908,0,0,1,1,1,0,1,1,1,0,0,0,0,0,0
909,0,0,0,1,1,1,0,1,0,0,0,0,0,0,0
910,1,0,0,1,1,0,1,1,1,0,0,1,0,0,0
911,1,0,0,1,1,0,1,1,1,0,0,0,0,0,0
912,1,1,1,0,0,1,0,1,0,0,0,1,0,0,0
913,1,0,1,1,1,0,0,1,0,0,0,0,0,0,0
914,0,0,0,1,1,1,0,1,0,1,1,1,0,0,1
915,0,1,1,0,0,0,1,1,0,0,0,1,0,0,0
916,0,0,0,1,1,0,0,1,1,0,0,1,0,0,0
917,1,0,0,0,0,1,0,1,1,0,0,1,1,0,0
918,1,0,1,1,1,0,0,1,0,0,0,1,0,0,0
919,0,0,1,1,1,0,1,1,1,0,0,1,0,0,0
920,1,1,1,0,0,1,0,1,0,0,0,0,0,0,0
921,0,1,1,0,0,1,0,1,1,0,0,1,0,0,0
922,0,1,1,0,0,1,0,1,1,0,0,1,0,0,0
923,0,0,1,1,1,0,1,1,0,0,0,1,1,0,0
924,1,0,0,1,1,0,0,1,0,0,0,0,0,0,0
925,1,0,1,1,1,0,1,1,0,0,0,1,0,0,0
926,1,1,1,0,0,1,0,1,0,1,1,1,0,0,0
927,1,1,1,0,0,1,0,1,0,0,0,1,0,0,0
928,0,1,1,0,0,1,0,1,0,0,0,0,0,0,0
929,1,0,0,1,1,0,0,1,1,0,0,0,0,0,0
930,1,0,0,1,1,0,1,1,1,0,0,0,0,0,0
931,1,0,1,0,1,0,0,1,1,0,0,1,0,0,0
932,0,1,1,0,0,1,0,1,1,0,0,1,1,0,1
933,0,1,1,0,0,1,0,1,0,0,0,1,0,0,0
934,1,0,0,1,1,0,1,0,0,0,0,1,0,0,0
935,1,0,1,0,0,1,0,1,0,0,0,1,1,0,0
936,1,1,1,1,1,1,0,1,0,0,0,0,0,0,0
937,0,0,1,0,0,1,0,1,1,0,0,1,1,0,0
938,0,1,1,0,0,1,0,1,0,0,0,1,0,0,0
939,0,1,1,0,0,1,0,1,0,0,0,1,0,0,0
940,1,0,1,0,0,1,0,1,1,0,0,0,1,0,0
941,0,1,1,0,0,1,0,1,1,0,0,0,0,0,0
942,1,0,1,0,0,1,0,1,0,0,0,1,0,0,0
943,0,0,0,1,1,0,0,1,1,0,0,1,0,0,0
944,1,0,0,1,1,0,1,1,1,0,0,1,0,0,0
945,1,0,1,0,0,0,0,1,1,0,0,0,0,0,0
946,1,0,0,1,1,0,1,1,0,0,0,1,1,0,0
947,1,1,1,0,0,1,0,1,1,1,1,1,0,0,0
948,0,0,0,1,1,0,1,0,1,0,0,1,0,0,0
949,1,0,0,1,1,0,0,1,1,0,0,1,0,0,0
950,1,0,0,1,1,0,1,0,1,0,0,0,0,0,0
951,1,1,1,0,0,1,0,1,0,0,0,1,0,0,0
952,0,0,0,1,1,0,0,1,1,0,0,1,0,0,0
953,0,0,1,0,0,1,0,1,0,0,0,1,1,0,0
954,1,0,0,1,1,0,1,1,0,0,0,1,0,0,0
955,1,0,0,1,1,0,0,1,1,0,0,0,0,0,0
956,1,0,1,0,0,1,0,1,1,0,0,1,0,0,0
957,1,0,0,1,1,0,0,1,0,0,0,1,0,0,0
958,1,1,1,0,0,1,0,1,1,0,0,1,0,0,0
959,1,0,1,1,1,0,1,1,1,0,0,1,0,0,0
960,1,0,1,0,0,1,0,1,0,0,0,0,1,0,0
961,0,0,0,0,0,1,0,1,0,0,0,1,0,0,1
962,1,1,1,0,0,1,0,1,0,1,1,1,0,0,0
963,1,1,1,1,1,0,0,1,0,0,0,1,0,0,0
964,0,1,1,0,0,1,0,1,0,0,0,1,0,0,0
965,1,0,0,1,1,0,1,1,1,0,0,1,0,0,0
966,1,0,0,1,1,0,0,1,1,0,0,1,0,0,0
967,1,1,1,1,1,0,0,1,1,0,0,1,0,0,0
968,1,0,0,1,1,0,1,0,1,0,0,0,0,0,0
969,0,0,1,1,1,0,1,1,1,0,0,0,1,0,0
970,0,1,1,0,0,1,0,1,0,0,0,1,0,0,1
971,1,0,1,1,1,0,1,1,0,0,0,1,0,0,0
972,0,1,1,0,0,1,0,0,0,0,0,0,0,0,0
973,1,1,1,0,0,1,0,1,1,0,0,1,0,0,0
974,0,0,0,1,1,0,0,1,1,0,0,0,0,0,0
975,1,1,1,0,0,1,0,1,0,0,0,1,0,0,0
976,0,0,0,0,0,1,0,1,0,0,0,0,0,0,0
977,1,1,1,0,0,1,0,1,1,0,0,0,0,0,0
978,0,1,1,0,0,1,0,1,1,0,0,1,0,0,0
979,0,0,0,1,1,0,1,0,0,0,0,0,0,0,0
980,1,0,1,1,1,0,0,1,1,0,0,1,0,0,1
981,0,0,1,1,1,1,0,1,0,0,0,0,0,0,0
982,1,1,1,0,0,1,0,1,1,0,0,1,0,0,0
983,0,0,1,0,0,1,0,1,0,0,0,0,0,0,0
984,0,1,1,0,0,1,0,1,1,0,0,1,0,0,0
985,1,1,1,0,0,1,0,1,0,0,0,1,0,0,0
986,1,1,1,0,0,1,0,1,0,0,0,0,0,0,0
987,1,0,1,1,1,0,1,1,1,1,1,1,1,0,0
988,0,0,1,1,1,0,0,1,0,0,0,0,0,0,1
989,0,0,1,0,0,1,0,1,0,0,0,0,0,0,0
990,0,1,1,0,0,1,0,1,1,0,0,1,0,0,0
991,1,1,1,0,0,1,0,1,1,0,0,1,0,0,0
992,0,1,1,0,0,1,0,1,0,0,0,0,0,0,0
993,1,1,1,0,0,1,0,1,0,0,0,1,1,0,0
994,0,0,0,1,1,0,0,1,1,0,0,1,0,0,0
995,1,0,1,1,1,0,1,0,1,0,0,1,1,0,0
996,1,1,1,0,0,1,0,1,1,0,0,0,0,0,0
997,1,0,1,1,1,0,1,1,0,0,0,1,1,0,0
998,1,1,1,0,1,0,1,1,0,0,0,1,0,0,0
999,0,0,1,0,0,1,0,1,0,0,0,0,0,0,0
