,3,2,1,0
0,1,0,1,1
1,1,0,1,1
2,1,1,1,1
3,1,0,1,1
4,1,0,1,1
5,1,1,1,1
6,0,1,1,1
7,1,0,1,1
8,1,1,1,1
9,1,0,1,1
10,0,1,1,1
11,1,0,1,1
12,1,1,1,1
13,1,0,0,1
14,0,0,1,0
15,1,0,1,1
16,1,1,1,0
17,1,1,1,1
18,1,0,1,1
19,1,0,1,1
20,1,0,1,1
21,1,0,0,1
22,1,1,1,1
23,1,0,1,1
24,0,0,0,0
25,1,0,1,1
26,1,0,0,1
27,0,0,1,1
28,1,0,1,1
29,1,0,1,1
30,1,0,1,1
31,1,0,1,1
32,1,0,1,1
33,1,0,1,1
34,1,0,1,1
35,1,0,0,1
36,1,0,0,1
37,1,0,1,1
38,1,0,1,1
39,1,0,1,1
40,1,0,1,1
41,1,0,1,1
42,1,0,1,1
43,1,0,1,1
44,1,0,1,1
45,1,0,1,1
46,1,0,1,1
47,0,0,1,0
48,0,0,1,0
49,1,0,1,1
50,1,0,1,1
51,1,0,0,1
52,0,0,1,0
53,1,1,1,1
54,1,0,1,1
55,1,1,1,0
56,1,0,1,1
57,1,0,1,1
58,0,0,1,1
59,1,0,1,1
60,0,1,1,1
61,1,0,1,1
62,1,0,1,1
63,1,1,1,0
64,0,0,1,0
65,1,0,0,1
66,1,1,0,0
67,1,0,1,1
68,1,0,0,1
69,1,0,1,1
70,1,0,1,1
71,1,1,1,0
72,1,0,1,1
73,1,1,1,1
74,1,1,1,1
75,1,1,1,1
76,1,0,1,1
77,1,0,1,1
78,1,0,1,1
79,1,0,1,1
80,1,1,1,1
81,1,1,1,1
82,1,0,0,1
83,1,0,0,1
84,1,1,1,1
85,1,1,1,1
86,1,0,1,1
87,1,0,1,1
88,1,0,1,1
89,1,1,1,1
90,1,0,1,1
91,1,1,1,0
92,1,0,1,1
93,1,0,1,1
94,1,0,1,1
95,0,0,1,1
96,0,0,0,1
97,1,0,1,1
98,0,1,1,1
99,1,1,0,0
100,1,1,1,1
101,1,1,1,1
102,1,1,1,1
103,1,0,1,1
104,1,0,1,1
105,1,0,1,1
106,1,0,1,1
107,1,0,1,1
108,1,1,1,1
109,1,0,1,1
110,1,0,1,1
111,1,1,1,1
112,1,1,1,0
113,0,0,1,1
114,1,0,1,1
115,1,0,1,1
116,1,0,1,1
117,1,0,1,1
118,0,0,1,1
119,1,0,1,1
120,1,0,1,1
121,1,0,1,0
122,1,0,0,1
123,1,0,1,1
124,1,0,0,1
125,1,1,1,1
126,1,0,1,1
127,1,0,1,1
128,1,0,1,1
129,1,0,1,1
130,1,0,1,1
131,0,1,1,1
132,1,0,1,1
133,1,0,1,1
134,1,1,1,1
135,1,0,1,1
136,1,0,1,1
137,1,1,1,0
138,1,1,1,1
139,1,1,1,1
140,0,0,1,1
141,1,1,1,0
142,1,0,1,1
143,1,0,0,1
144,1,0,1,1
145,1,0,1,1
146,1,0,1,1
147,0,0,1,1
148,0,1,1,1
149,0,0,1,0
150,1,0,0,1
151,1,0,1,1
152,1,0,1,1
153,0,1,1,1
154,1,0,1,1
155,1,1,1,1
156,1,0,1,1
157,0,0,0,1
158,1,0,1,1
159,1,0,1,1
160,1,0,1,0
161,1,1,1,1
162,1,0,1,1
163,1,0,1,1
164,1,0,1,1
165,0,0,1,1
166,0,0,1,1
167,1,1,0,0
168,1,0,1,1
169,0,0,1,1
170,1,0,0,1
171,1,0,1,1
172,1,0,1,1
173,0,0,1,1
174,1,0,1,0
175,1,0,1,1
176,1,0,1,1
177,1,0,1,1
178,1,0,1,1
179,1,0,1,1
180,1,1,1,1
181,1,0,1,1
182,0,0,1,1
183,1,0,0,1
184,0,0,0,1
185,1,0,1,1
186,1,1,0,1
187,0,0,1,1
188,1,0,1,1
189,1,0,1,1
190,1,0,1,1
191,1,0,1,1
192,0,0,1,1
193,1,0,1,0
194,1,0,0,1
195,1,0,1,1
196,1,0,1,0
197,1,0,1,1
198,1,0,0,1
199,1,1,1,1
200,0,0,0,1
201,0,0,1,1
202,1,1,1,1
203,1,0,1,1
204,1,0,1,1
205,1,0,1,1
206,1,1,1,1
207,1,0,0,1
208,1,1,1,1
209,1,0,1,1
210,1,0,1,1
211,1,1,1,1
212,1,0,1,1
213,0,1,1,1
214,1,1,1,1
215,1,1,1,1
216,1,0,1,1
217,0,0,1,1
218,1,0,1,1
219,1,0,1,1
220,1,0,1,1
221,1,0,1,1
222,1,0,1,0
223,0,0,1,0
224,1,0,1,1
225,1,0,1,1
226,0,0,1,1
227,1,0,1,1
228,1,0,0,1
229,1,0,1,1
230,1,1,1,0
231,0,0,0,1
232,1,1,1,1
233,1,1,1,1
234,0,0,1,1
235,1,0,1,0
236,1,0,1,1
237,1,1,1,1
238,1,1,1,1
239,0,0,1,0
240,1,0,1,1
241,1,1,1,1
242,1,0,1,1
243,1,0,1,1
244,1,1,1,1
245,1,0,1,1
246,1,0,1,1
247,1,1,1,1
248,1,0,1,1
249,0,0,0,1
250,1,0,1,1
251,1,0,1,1
252,1,0,1,1
253,1,0,1,1
254,1,0,1,0
255,1,0,1,1
256,1,0,1,1
257,1,1,1,1
258,1,0,1,1
259,1,1,1,0
260,1,1,0,0
261,1,0,1,0
262,1,0,1,1
263,1,0,1,1
264,1,1,1,1
265,1,0,1,1
266,0,1,1,1
267,1,1,1,1
268,1,1,1,0
269,1,0,1,1
270,1,0,1,1
271,0,1,1,1
272,1,0,1,1
273,1,0,1,1
274,1,1,1,0
275,1,0,1,1
276,0,0,1,1
277,1,0,1,1
278,1,1,1,0
279,1,0,1,1
280,1,0,0,0
281,1,0,1,1
282,1,0,1,1
283,1,1,1,1
284,1,0,1,1
285,1,1,0,1
286,1,0,1,1
287,0,0,1,0
288,1,1,1,1
289,1,0,1,1
290,1,0,1,1
291,0,0,1,1
292,1,0,1,1
293,0,1,1,1
294,1,1,0,0
295,1,0,1,1
296,1,0,1,1
297,1,0,1,1
298,1,0,1,1
299,0,0,1,1
300,1,0,0,1
301,0,1,1,1
302,1,1,1,1
303,1,1,1,1
304,1,0,1,1
305,0,0,1,1
306,1,1,1,0
307,1,0,1,1
308,0,0,1,1
309,0,1,1,1
310,1,1,1,0
311,1,0,1,1
312,1,0,1,1
313,1,0,1,1
314,1,0,1,1
315,1,0,1,1
316,1,0,1,1
317,1,1,1,1
318,0,1,1,1
319,1,1,1,1
320,1,1,1,1
321,0,0,1,1
322,1,1,1,1
323,1,0,1,1
324,1,1,1,1
325,0,1,0,1
326,1,1,1,1
327,1,0,1,1
328,1,0,0,1
329,1,0,1,1
330,0,0,1,1
331,1,0,1,0
332,1,1,1,1
333,1,0,1,1
334,0,0,1,1
335,1,0,0,1
336,1,0,1,1
337,1,0,1,1
338,1,1,1,0
339,1,1,1,0
340,1,0,1,1
341,1,0,1,1
342,1,0,1,1
343,1,0,1,1
344,1,1,1,1
345,0,0,1,1
346,1,0,1,1
347,1,0,1,1
348,0,0,0,1
349,1,0,0,1
350,1,1,1,1
351,1,1,1,1
352,0,0,1,1
353,0,0,1,1
354,0,0,1,1
355,1,0,1,1
356,1,0,1,1
357,1,0,1,1
358,1,1,1,0
359,1,0,1,1
360,1,0,1,1
361,1,0,0,1
362,0,0,1,1
363,1,1,1,1
364,1,0,1,1
365,0,1,1,1
366,1,0,1,1
367,1,0,1,1
368,1,0,0,1
369,1,0,1,1
370,1,1,1,1
371,0,1,1,1
372,1,0,1,1
373,1,0,1,1
374,1,0,1,1
375,1,1,0,0
376,0,0,1,0
377,1,0,1,1
378,1,0,1,0
379,0,1,1,1
380,1,1,1,1
381,1,0,0,1
382,1,0,1,1
383,1,0,1,1
384,1,0,1,1
385,1,0,1,1
386,1,1,1,1
387,1,0,1,1
388,1,0,1,1
389,1,0,1,1
390,1,1,1,0
391,1,0,1,1
392,1,0,1,1
393,1,0,1,1
394,1,0,0,1
395,1,1,1,0
396,1,1,0,1
397,1,1,1,0
398,1,0,1,1
399,0,0,1,0
400,1,0,1,1
401,1,1,1,1
402,0,0,1,1
403,1,0,1,1
404,1,0,1,1
405,1,1,1,1
406,1,0,1,1
407,0,0,1,1
408,0,0,1,0
409,1,0,1,1
410,1,0,1,1
411,1,1,1,1
412,1,1,1,1
413,0,0,1,0
414,1,0,1,1
415,1,0,1,1
416,1,0,1,1
417,1,1,1,1
418,0,1,1,1
419,1,0,1,1
420,1,0,1,1
421,0,0,1,1
422,1,0,1,1
423,1,0,1,1
424,1,1,1,1
425,1,0,1,1
426,1,0,1,1
427,1,1,1,0
428,1,0,1,1
429,0,0,1,0
430,0,0,1,0
431,1,0,1,1
432,1,1,1,0
433,0,1,1,1
434,0,0,1,1
435,0,0,1,1
436,1,0,1,1
437,1,0,1,1
438,1,0,1,1
439,1,1,1,1
440,1,0,1,1
441,1,0,1,1
442,1,0,1,1
443,1,1,1,1
444,1,0,1,1
445,1,1,1,1
446,1,0,1,1
447,1,0,1,1
448,1,0,1,1
449,1,0,1,1
450,0,0,1,1
451,1,0,1,1
452,1,1,1,1
453,1,0,1,1
454,1,0,1,1
455,1,0,1,1
456,1,0,1,1
457,1,0,1,1
458,1,0,1,1
459,1,0,1,1
460,1,0,1,1
461,1,0,1,1
462,1,0,1,1
463,1,0,1,1
464,1,0,0,1
465,1,1,1,0
466,1,1,1,1
467,1,1,0,0
468,1,0,1,1
469,1,0,1,1
470,1,1,1,1
471,0,1,1,1
472,1,0,1,1
473,1,0,1,1
474,1,1,1,1
475,0,0,1,0
476,1,0,1,1
477,1,0,1,1
478,0,0,1,0
479,1,0,1,1
480,1,1,1,1
481,1,0,1,1
482,1,1,1,1
483,1,0,1,1
484,1,1,1,0
485,1,1,1,1
486,1,0,1,1
487,0,0,1,0
488,1,1,1,1
489,0,0,1,1
490,1,0,1,1
491,1,0,1,1
492,1,0,1,1
493,1,0,1,1
494,1,1,1,0
495,1,0,1,1
496,1,0,1,1
497,1,1,1,0
498,1,1,1,0
499,0,0,1,1
500,1,0,1,1
501,1,0,1,1
502,1,0,1,1
503,1,0,1,1
504,1,0,1,0
505,1,0,1,1
506,1,1,1,1
507,1,0,1,1
508,0,0,1,0
509,1,0,1,1
510,1,1,1,1
511,1,1,1,1
512,1,0,1,1
513,1,0,1,1
514,1,0,1,1
515,1,1,1,1
516,1,0,1,1
517,0,0,1,0
518,1,0,1,1
519,1,0,1,1
520,1,0,1,1
521,1,0,1,1
522,1,0,1,1
523,1,0,1,1
524,1,0,1,0
525,1,0,1,1
526,1,1,1,1
527,1,0,1,1
528,1,1,1,1
529,1,0,1,0
530,1,0,1,1
531,1,0,1,1
532,1,0,1,1
533,1,0,1,1
534,1,1,1,0
535,1,0,0,1
536,1,0,1,1
537,0,0,1,0
538,0,1,1,1
539,1,0,0,1
540,0,0,1,0
541,0,0,1,0
542,1,0,0,1
543,0,0,0,0
544,0,1,1,1
545,1,0,1,1
546,1,1,1,1
547,1,0,1,1
548,0,0,1,1
549,1,1,1,1
550,0,0,1,1
551,1,0,1,1
552,1,0,1,1
553,1,0,1,1
554,1,0,1,1
555,1,0,1,1
556,1,0,1,0
557,1,0,0,1
558,1,0,1,1
559,1,0,1,1
560,0,0,1,0
561,1,1,1,1
562,1,0,0,1
563,1,0,1,1
564,1,1,0,0
565,1,1,0,1
566,1,0,1,1
567,0,0,1,1
568,1,0,1,1
569,1,0,1,1
570,1,0,1,1
571,1,0,1,1
572,0,0,1,0
573,1,0,1,1
574,1,0,1,1
575,1,1,1,1
576,1,0,1,0
577,0,0,1,0
578,0,1,1,1
579,1,0,1,1
580,1,0,1,1
581,1,1,1,1
582,1,0,1,1
583,1,1,1,1
584,1,1,1,1
585,1,0,1,1
586,1,0,1,1
587,1,1,1,1
588,1,1,0,1
589,1,0,1,1
590,1,0,1,1
591,1,0,0,1
592,0,0,1,1
593,1,0,1,1
594,1,0,1,1
595,1,0,1,1
596,1,0,1,1
597,1,0,1,1
598,1,0,1,1
599,1,0,1,1
600,1,1,1,1
601,1,0,1,1
602,1,0,1,1
603,1,0,1,1
604,1,0,1,1
605,1,0,1,1
606,1,0,1,1
607,1,1,1,1
608,1,1,1,0
609,1,1,1,1
610,1,0,1,1
611,1,0,1,1
612,1,1,1,0
613,1,1,1,1
614,1,1,1,1
615,0,0,1,0
616,1,0,1,1
617,1,0,0,1
618,1,1,1,1
619,1,0,1,1
620,1,0,1,1
621,1,1,1,1
622,1,1,1,1
623,1,0,1,1
624,1,1,1,1
625,1,0,1,1
626,1,0,1,1
627,1,0,1,1
628,1,0,0,1
629,1,1,1,1
630,1,0,1,1
631,1,0,1,1
632,1,0,1,1
633,1,1,1,1
634,1,0,1,1
635,1,0,1,1
636,1,1,1,1
637,1,0,1,1
638,1,1,1,0
639,1,0,1,1
640,1,1,1,1
641,1,0,0,1
642,1,0,1,1
643,1,0,0,1
644,1,0,1,1
645,1,0,1,1
646,1,1,1,1
647,1,1,1,0
648,0,0,1,1
649,1,1,1,1
650,1,0,1,1
651,1,0,1,1
652,1,1,1,0
653,1,0,1,1
654,1,0,1,1
655,1,0,1,0
656,1,0,1,1
657,0,0,1,1
658,1,0,1,1
659,1,0,1,1
660,1,0,1,1
661,1,0,1,1
662,1,0,0,1
663,1,0,1,1
664,1,0,1,1
665,1,0,1,0
666,1,0,1,1
667,1,0,1,1
668,0,0,1,1
669,1,0,1,1
670,1,0,1,1
671,1,0,1,1
672,1,0,1,0
673,1,0,1,1
674,0,0,1,1
675,1,0,1,1
676,1,0,1,0
677,1,1,1,1
678,1,0,1,1
679,1,1,1,1
680,1,0,1,1
681,1,0,1,1
682,1,0,1,1
683,1,0,1,1
684,1,0,1,1
685,1,1,0,1
686,1,0,1,1
687,0,1,0,0
688,1,1,1,0
689,0,0,0,1
690,1,0,1,1
691,0,1,1,1
692,1,0,1,1
693,1,0,1,1
694,1,1,1,1
695,1,0,1,1
696,1,0,1,1
697,1,1,1,1
698,1,0,1,1
699,1,0,0,1
700,1,0,1,1
701,1,0,1,1
702,1,1,1,0
703,1,1,1,0
704,1,1,1,0
705,1,0,1,1
706,1,1,1,1
707,1,1,1,1
708,1,0,1,1
709,1,1,1,0
710,1,1,0,0
711,1,0,1,1
712,1,0,0,1
713,0,0,1,1
714,1,0,1,1
715,1,1,1,1
716,1,0,1,1
717,1,0,1,1
718,1,1,0,1
719,1,1,1,0
720,1,1,1,0
721,1,1,1,1
722,1,0,0,1
723,1,1,1,0
724,1,1,1,1
725,1,0,1,1
726,0,0,0,1
727,1,0,1,1
728,1,0,1,1
729,1,1,1,0
730,1,1,1,1
731,1,0,0,1
732,1,1,1,1
733,0,0,1,1
734,1,0,1,1
735,1,0,0,1
736,1,1,1,0
737,1,0,1,1
738,0,0,1,1
739,1,0,0,1
740,1,0,1,1
741,1,0,1,1
742,1,0,1,1
743,1,1,0,1
744,0,0,0,0
745,0,0,1,1
746,1,0,1,1
747,1,1,1,1
748,1,0,1,1
749,0,1,1,1
750,1,1,1,1
751,0,0,1,1
752,1,0,1,1
753,1,1,1,0
754,1,1,0,0
755,1,1,1,1
756,1,0,1,1
757,0,0,1,1
758,1,1,1,1
759,1,0,1,1
760,1,1,0,0
761,1,1,1,1
762,0,0,1,1
763,1,0,0,1
764,1,0,1,1
765,0,0,1,1
766,1,0,1,1
767,1,0,1,1
768,1,0,1,1
769,0,0,0,1
770,1,0,1,1
771,1,0,1,1
772,1,0,0,1
773,1,0,1,1
774,1,0,1,1
775,1,0,1,1
776,1,0,1,1
777,1,0,1,1
778,1,0,0,1
779,1,0,1,0
780,1,0,1,1
781,1,0,0,1
782,1,0,1,1
783,0,0,1,1
784,0,0,1,1
785,1,0,1,1
786,1,0,1,1
787,0,0,1,1
788,1,0,1,1
789,1,0,1,1
790,1,1,0,0
791,1,1,1,0
792,1,1,1,1
793,1,1,1,1
794,1,0,0,1
795,1,0,0,1
796,1,1,1,1
797,1,1,1,1
798,1,0,0,1
799,1,0,1,1
800,1,0,1,1
801,1,0,1,1
802,1,0,1,1
803,1,0,0,1
804,1,0,1,1
805,1,0,1,0
806,1,1,1,0
807,1,0,1,1
808,0,0,1,0
809,1,0,1,1
810,1,0,1,0
811,1,1,1,1
812,1,0,1,1
813,1,0,1,1
814,1,0,1,1
815,1,0,1,1
816,1,0,1,1
817,0,1,1,1
818,1,0,0,1
819,1,0,1,1
820,0,0,1,1
821,1,0,1,1
822,1,0,1,1
823,0,0,1,0
824,1,0,1,1
825,1,1,1,1
826,1,1,1,1
827,0,0,1,1
828,0,0,1,1
829,1,0,1,1
830,1,1,1,1
831,0,0,1,0
832,1,0,0,1
833,1,0,1,1
834,0,0,1,1
835,1,0,1,1
836,0,0,1,1
837,0,0,1,1
838,1,1,1,1
839,1,0,0,1
840,0,0,1,1
841,1,0,1,1
842,1,1,1,1
843,1,0,1,1
844,1,1,1,1
845,0,0,1,1
846,1,0,1,1
847,1,0,1,1
848,1,0,1,1
849,1,0,1,1
850,0,0,1,0
851,1,1,1,0
852,0,1,1,1
853,1,0,1,1
854,1,1,1,0
855,0,0,1,0
856,1,0,1,1
857,1,0,0,1
858,1,0,1,1
859,1,0,1,1
860,1,0,1,1
861,1,0,1,1
862,1,1,1,1
863,1,1,1,1
864,1,1,1,1
865,1,1,1,1
866,1,1,1,1
867,1,0,1,1
868,1,1,1,0
869,1,0,1,1
870,1,0,1,1
871,1,0,1,1
872,1,0,1,1
873,1,0,1,0
874,1,0,1,1
875,0,0,1,0
876,1,0,1,1
877,0,0,1,0
878,1,0,1,1
879,1,1,1,1
880,1,0,1,1
881,0,0,0,1
882,1,0,1,1
883,1,0,1,1
884,1,1,1,1
885,1,0,0,1
886,0,0,1,1
887,1,0,1,1
888,1,0,1,1
889,1,0,1,1
890,1,0,1,1
891,1,1,1,0
892,0,1,1,1
893,1,1,1,1
894,0,0,1,1
895,1,1,1,0
896,1,1,1,1
897,1,0,1,1
898,0,0,1,0
899,1,1,1,0
900,1,0,1,1
901,0,1,1,1
902,1,1,1,1
903,1,0,1,0
904,0,0,1,1
905,1,0,1,1
906,1,1,1,1
907,1,0,1,1
908,1,0,0,1
909,1,1,1,0
910,1,0,1,1
911,1,0,1,1
912,1,1,1,1
913,1,0,0,1
914,1,0,1,1
915,1,0,1,1
916,1,1,1,0
917,1,1,1,1
918,1,0,1,1
919,1,0,1,1
920,1,1,1,1
921,1,0,1,1
922,1,0,1,1
923,1,0,1,1
924,1,0,1,1
925,1,1,1,0
926,1,0,0,1
927,1,1,1,1
928,0,0,1,1
929,1,0,1,1
930,0,1,1,1
931,1,0,1,1
932,1,0,1,1
933,1,0,1,1
934,0,0,1,1
935,1,0,1,1
936,1,1,1,1
937,0,0,1,1
938,1,0,1,1
939,1,1,1,0
940,1,0,1,1
941,1,0,1,0
942,1,0,1,1
943,1,0,1,1
944,1,1,1,1
945,1,1,1,0
946,0,1,1,1
947,1,0,1,0
948,0,0,1,0
949,1,0,0,1
950,1,0,1,1
951,1,1,1,1
952,1,0,1,1
953,0,0,1,0
954,1,0,1,1
955,1,0,1,1
956,1,1,1,1
957,1,0,1,1
958,1,1,1,0
959,1,1,1,1
960,1,0,1,1
961,0,0,0,1
962,1,0,0,1
963,1,0,1,0
964,1,0,1,1
965,1,0,1,1
966,1,0,1,1
967,1,0,1,1
968,0,0,1,1
969,1,0,1,1
970,1,0,1,1
971,1,0,1,1
972,1,0,1,1
973,1,0,1,1
974,1,0,1,1
975,1,0,1,1
976,1,1,1,0
977,0,0,1,1
978,1,1,1,1
979,1,1,1,0
980,1,0,1,1
981,1,1,1,0
982,1,0,1,1
983,1,0,1,1
984,1,0,1,1
985,1,0,0,1
986,1,1,1,0
987,1,0,0,0
988,0,1,1,1
989,1,0,1,1
990,1,1,1,1
991,0,0,1,1
992,1,0,1,1
993,1,1,1,0
994,1,0,0,1
995,1,0,1,1
996,1,0,1,1
997,1,0,1,1
998,0,0,1,1
999,1,0,1,0
